repeat,attack,poisoned,model,method,roc_auc,pr_auc,recall,precision,fpr,flagged_share,n_minority_real,n_synthetic,synthetic_from_poison_base,synthetic_from_poison_any,poison_share_before,poison_share_after
0,random,0,Logistic Regression,none,0.747885622231172,0.18541151138111933,0.07692307692307693,0.25,0.015706806282722512,0.0196078431372549,,,,,,
0,random,0,Logistic Regression,class_weight,0.7893677003624646,0.24104213393911383,0.6923076923076923,0.13043478260869565,0.31413612565445026,0.3382352941176471,,,,,,
0,random,0,Logistic Regression,smote,0.7676198147402336,0.2233382241491017,0.6153846153846154,0.12307692307692308,0.29842931937172773,0.31862745098039214,54.0,704.0,0.0,0.0,0.0,0.0
0,random,0,SVM,none,0.7619814740233588,0.20218371112621775,0.0,,0.0,0.0,,,,,,
0,random,0,SVM,class_weight,0.8139347563431333,0.17389585708958988,0.23076923076923078,0.13043478260869565,0.10471204188481675,0.11274509803921569,,,,,,
0,random,0,SVM,smote,0.8018525976641161,0.16546275099676994,0.07692307692307693,0.09090909090909091,0.05235602094240838,0.05392156862745098,54.0,704.0,0.0,0.0,0.0,0.0
0,random,2,Logistic Regression,none,0.7563431333064841,0.18569271612593666,0.0,0.0,0.010471204188481676,0.00980392156862745,,,,,,
0,random,2,Logistic Regression,class_weight,0.7877567458719291,0.1945679511322621,0.6153846153846154,0.11267605633802817,0.3298429319371728,0.3480392156862745,,,,,,
0,random,2,Logistic Regression,smote,0.7756745871929118,0.19319816212406823,0.6923076923076923,0.13043478260869565,0.31413612565445026,0.3382352941176471,56.0,700.0,19.0,29.0,0.03571428571428571,0.041005291005291
0,random,2,SVM,none,0.7539267015706806,0.20090159753242276,0.0,,0.0,0.0,,,,,,
0,random,2,SVM,class_weight,0.8103101087394281,0.17559370739083663,0.23076923076923078,0.15,0.08900523560209424,0.09803921568627451,,,,,,
0,random,2,SVM,smote,0.7921868707209021,0.1668005727444604,0.07692307692307693,0.1,0.04712041884816754,0.049019607843137254,56.0,700.0,19.0,29.0,0.03571428571428571,0.041005291005291
0,random,5,Logistic Regression,none,0.7438582360048329,0.16603782318529803,0.0,0.0,0.015706806282722512,0.014705882352941176,,,,,,
0,random,5,Logistic Regression,class_weight,0.7776882803060814,0.19328409240694283,0.7692307692307693,0.13513513513513514,0.33507853403141363,0.3627450980392157,,,,,,
0,random,5,Logistic Regression,smote,0.757148610551752,0.1844392185895532,0.6153846153846154,0.11940298507462686,0.3089005235602094,0.3284313725490196,59.0,694.0,56.0,86.0,0.0847457627118644,0.12084993359893759
0,random,5,SVM,none,0.7196939186467982,0.1934507738919503,0.0,,0.0,0.0,,,,,,
0,random,5,SVM,class_weight,0.7905759162303665,0.16492355494061048,0.23076923076923078,0.15789473684210525,0.08376963350785341,0.09313725490196079,,,,,,
0,random,5,SVM,smote,0.7603705195328232,0.1510943089723798,0.07692307692307693,0.09090909090909091,0.05235602094240838,0.05392156862745098,59.0,694.0,56.0,86.0,0.0847457627118644,0.12084993359893759
0,random,10,Logistic Regression,none,0.7055980668546113,0.1576361229205639,0.07692307692307693,0.5,0.005235602094240838,0.00980392156862745,,,,,,
0,random,10,Logistic Regression,class_weight,0.7241240434957713,0.16707958693857297,0.6153846153846154,0.11267605633802817,0.3298429319371728,0.3480392156862745,,,,,,
0,random,10,Logistic Regression,smote,0.7237213048731373,0.1440781166560446,0.6153846153846154,0.12121212121212122,0.3036649214659686,0.3235294117647059,64.0,684.0,84.0,151.0,0.15625,0.21524064171122995
0,random,10,SVM,none,0.7233185662505034,0.18584792333878294,0.0,,0.0,0.0,,,,,,
0,random,10,SVM,class_weight,0.7917841320982683,0.17790939305838913,0.38461538461538464,0.21739130434782608,0.09424083769633508,0.11274509803921569,,,,,,
0,random,10,SVM,smote,0.7519130084575111,0.15310249818541063,0.07692307692307693,0.14285714285714285,0.031413612565445025,0.03431372549019608,64.0,684.0,84.0,151.0,0.15625,0.21524064171122995
0,random,15,Logistic Regression,none,0.7297623842126459,0.164152258042896,0.0,0.0,0.005235602094240838,0.004901960784313725,,,,,,
0,random,15,Logistic Regression,class_weight,0.738622633910592,0.16308204375080804,0.6923076923076923,0.1232876712328767,0.33507853403141363,0.35784313725490197,,,,,,
0,random,15,Logistic Regression,smote,0.7362062021747886,0.1663483416779036,0.6923076923076923,0.12162162162162163,0.3403141361256545,0.3627450980392157,69.0,674.0,151.0,253.0,0.21739130434782608,0.360699865410498
0,random,15,SVM,none,0.7406363270237616,0.1910050879329209,0.0,,0.0,0.0,,,,,,
0,random,15,SVM,class_weight,0.79299234796617,0.19005058267431155,0.3076923076923077,0.16,0.1099476439790576,0.12254901960784313,,,,,,
0,random,15,SVM,smote,0.7422472815142973,0.15142354040246073,0.23076923076923078,0.23076923076923078,0.05235602094240838,0.06372549019607843,69.0,674.0,151.0,253.0,0.21739130434782608,0.360699865410498
0,random,20,Logistic Regression,none,0.7285541683447443,0.15427361851151833,0.0,0.0,0.005235602094240838,0.004901960784313725,,,,,,
0,random,20,Logistic Regression,class_weight,0.7366089407974226,0.15651527670163642,0.7692307692307693,0.136986301369863,0.3298429319371728,0.35784313725490197,,,,,,
0,random,20,Logistic Regression,smote,0.7229158276278695,0.1621781870875101,0.6153846153846154,0.11940298507462686,0.3089005235602094,0.3284313725490196,74.0,664.0,199.0,298.0,0.2702702702702703,0.43089430894308944
0,random,20,SVM,none,0.7390253725332259,0.18981408286819204,0.0,,0.0,0.0,,,,,,
0,random,20,SVM,class_weight,0.7680225533628675,0.18592841064174206,0.46153846153846156,0.2,0.1256544502617801,0.14705882352941177,,,,,,
0,random,20,SVM,smote,0.7337897704389851,0.21143407111813706,0.15384615384615385,0.18181818181818182,0.04712041884816754,0.05392156862745098,74.0,664.0,199.0,298.0,0.2702702702702703,0.43089430894308944
0,random,30,Logistic Regression,none,0.676198147402336,0.12909501702273793,0.0,0.0,0.005235602094240838,0.004901960784313725,,,,,,
0,random,30,Logistic Regression,class_weight,0.6608940797422473,0.1460292515353831,0.5384615384615384,0.08860759493670886,0.3769633507853403,0.3872549019607843,,,,,,
0,random,30,Logistic Regression,smote,0.6165928312525171,0.17209858663917835,0.5384615384615384,0.0945945945945946,0.3507853403141361,0.3627450980392157,84.0,644.0,235.0,370.0,0.35714285714285715,0.5494505494505495
0,random,30,SVM,none,0.7068062827225131,0.1697835904786862,0.0,,0.0,0.0,,,,,,
0,random,30,SVM,class_weight,0.7535239629480468,0.18665905980771075,0.38461538461538464,0.14705882352941177,0.1518324607329843,0.16666666666666666,,,,,,
0,random,30,SVM,smote,0.7019734192509062,0.1555214400384515,0.15384615384615385,0.13333333333333333,0.06806282722513089,0.07352941176470588,84.0,644.0,235.0,370.0,0.35714285714285715,0.5494505494505495
0,outlier,0,Logistic Regression,none,0.747885622231172,0.18541151138111933,0.07692307692307693,0.25,0.015706806282722512,0.0196078431372549,,,,,,
0,outlier,0,Logistic Regression,class_weight,0.7893677003624646,0.24104213393911383,0.6923076923076923,0.13043478260869565,0.31413612565445026,0.3382352941176471,,,,,,
0,outlier,0,Logistic Regression,smote,0.7676198147402336,0.2233382241491017,0.6153846153846154,0.12307692307692308,0.29842931937172773,0.31862745098039214,54.0,704.0,0.0,0.0,0.0,0.0
0,outlier,0,SVM,none,0.7619814740233588,0.20218371112621775,0.0,,0.0,0.0,,,,,,
0,outlier,0,SVM,class_weight,0.8139347563431333,0.17389585708958988,0.23076923076923078,0.13043478260869565,0.10471204188481675,0.11274509803921569,,,,,,
0,outlier,0,SVM,smote,0.8018525976641161,0.16546275099676994,0.07692307692307693,0.09090909090909091,0.05235602094240838,0.05392156862745098,54.0,704.0,0.0,0.0,0.0,0.0
0,outlier,2,Logistic Regression,none,0.7732581554571083,0.21149501253758185,0.07692307692307693,0.2,0.020942408376963352,0.024509803921568627,,,,,,
0,outlier,2,Logistic Regression,class_weight,0.797825211437777,0.20935209176489933,0.8461538461538461,0.1527777777777778,0.3193717277486911,0.35294117647058826,,,,,,
0,outlier,2,Logistic Regression,smote,0.7942005638340717,0.1935657169703409,0.8461538461538461,0.15714285714285714,0.3089005235602094,0.3431372549019608,56.0,700.0,26.0,26.0,0.03571428571428571,0.037037037037037035
0,outlier,2,SVM,none,0.7740636327023762,0.2079348278498018,0.0,,0.0,0.0,,,,,,
0,outlier,2,SVM,class_weight,0.819975835682642,0.1754221066956359,0.3076923076923077,0.16666666666666666,0.10471204188481675,0.11764705882352941,,,,,,
0,outlier,2,SVM,smote,0.8223922674184454,0.17975432056958354,0.07692307692307693,0.1,0.04712041884816754,0.049019607843137254,56.0,700.0,26.0,26.0,0.03571428571428571,0.037037037037037035
0,outlier,5,Logistic Regression,none,0.7756745871929118,0.19399485590941049,0.07692307692307693,0.5,0.005235602094240838,0.00980392156862745,,,,,,
0,outlier,5,Logistic Regression,class_weight,0.7869512686266613,0.1722857427702485,0.8461538461538461,0.16176470588235295,0.29842931937172773,0.3333333333333333,,,,,,
0,outlier,5,Logistic Regression,smote,0.7780910189287154,0.16130405597526332,0.8461538461538461,0.16176470588235295,0.29842931937172773,0.3333333333333333,59.0,694.0,61.0,65.0,0.0847457627118644,0.09296148738379814
0,outlier,5,SVM,none,0.7579540877970197,0.1809596556961989,0.0,,0.0,0.0,,,,,,
0,outlier,5,SVM,class_weight,0.8115183246073299,0.17338859204310786,0.3076923076923077,0.16666666666666666,0.10471204188481675,0.11764705882352941,,,,,,
0,outlier,5,SVM,smote,0.8034635521546516,0.16912770549927758,0.07692307692307693,0.08333333333333333,0.05759162303664921,0.058823529411764705,59.0,694.0,61.0,65.0,0.0847457627118644,0.09296148738379814
0,outlier,10,Logistic Regression,none,0.7825211437776882,0.22577311972847305,0.15384615384615385,0.5,0.010471204188481676,0.0196078431372549,,,,,,
0,outlier,10,Logistic Regression,class_weight,0.7933950865888039,0.24373676563173666,0.7692307692307693,0.14084507042253522,0.3193717277486911,0.3480392156862745,,,,,,
0,outlier,10,Logistic Regression,smote,0.7921868707209021,0.18971458116174283,0.7692307692307693,0.14925373134328357,0.29842931937172773,0.3284313725490196,64.0,684.0,106.0,106.0,0.15625,0.15508021390374332
0,outlier,10,SVM,none,0.7378171566653242,0.17352683550717593,0.0,,0.0,0.0,,,,,,
0,outlier,10,SVM,class_weight,0.815142972211035,0.17655105353030148,0.46153846153846156,0.23076923076923078,0.10471204188481675,0.12745098039215685,,,,,,
0,outlier,10,SVM,smote,0.8183648811921064,0.1848069423705789,0.07692307692307693,0.07692307692307693,0.06282722513089005,0.06372549019607843,64.0,684.0,106.0,106.0,0.15625,0.15508021390374332
0,outlier,15,Logistic Regression,none,0.7764800644381796,0.2081058146335841,0.07692307692307693,0.25,0.015706806282722512,0.0196078431372549,,,,,,
0,outlier,15,Logistic Regression,class_weight,0.7853403141361256,0.2130721605871785,0.6923076923076923,0.13432835820895522,0.3036649214659686,0.3284313725490196,,,,,,
0,outlier,15,Logistic Regression,smote,0.7756745871929118,0.23448852765045608,0.6923076923076923,0.13636363636363635,0.29842931937172773,0.3235294117647059,69.0,674.0,154.0,157.0,0.21739130434782608,0.23149394347240915
0,outlier,15,SVM,none,0.7458719291180025,0.16592883375505577,0.0,,0.0,0.0,,,,,,
0,outlier,15,SVM,class_weight,0.8268223922674184,0.1856768178753227,0.46153846153846156,0.2222222222222222,0.1099476439790576,0.1323529411764706,,,,,,
0,outlier,15,SVM,smote,0.8276278695126863,0.17774264661388817,0.07692307692307693,0.0625,0.07853403141361257,0.0784313725490196,69.0,674.0,154.0,157.0,0.21739130434782608,0.23149394347240915
0,outlier,20,Logistic Regression,none,0.7853403141361257,0.21102957784486384,0.15384615384615385,0.25,0.031413612565445025,0.0392156862745098,,,,,,
0,outlier,20,Logistic Regression,class_weight,0.7857430527587597,0.1975128816162548,0.7692307692307693,0.14285714285714285,0.31413612565445026,0.3431372549019608,,,,,,
0,outlier,20,Logistic Regression,smote,0.7676198147402336,0.17150131043196593,0.6923076923076923,0.12857142857142856,0.3193717277486911,0.3431372549019608,74.0,664.0,178.0,183.0,0.2702702702702703,0.2750677506775068
0,outlier,20,SVM,none,0.7676198147402334,0.16961908419117552,0.0,0.0,0.005235602094240838,0.004901960784313725,,,,,,
0,outlier,20,SVM,class_weight,0.8441401530406766,0.19097053097956734,0.46153846153846156,0.21428571428571427,0.11518324607329843,0.13725490196078433,,,,,,
0,outlier,20,SVM,smote,0.8252114377768829,0.18652453228825688,0.3076923076923077,0.2,0.08376963350785341,0.09803921568627451,74.0,664.0,178.0,183.0,0.2702702702702703,0.2750677506775068
0,outlier,30,Logistic Regression,none,0.7760773258155458,0.2020107573254252,0.15384615384615385,0.2222222222222222,0.03664921465968586,0.04411764705882353,,,,,,
0,outlier,30,Logistic Regression,class_weight,0.7917841320982683,0.19450006589363084,0.6923076923076923,0.14516129032258066,0.2774869109947644,0.30392156862745096,,,,,,
0,outlier,30,Logistic Regression,smote,0.7865485300040275,0.2209880345879709,0.6923076923076923,0.14516129032258066,0.2774869109947644,0.30392156862745096,84.0,644.0,236.0,251.0,0.35714285714285715,0.385989010989011
0,outlier,30,SVM,none,0.7523157470801449,0.14723399182919955,0.0,0.0,0.010471204188481676,0.00980392156862745,,,,,,
0,outlier,30,SVM,class_weight,0.824808699154249,0.1753721402555074,0.5384615384615384,0.21212121212121213,0.13612565445026178,0.16176470588235295,,,,,,
0,outlier,30,SVM,smote,0.8348771647200967,0.191029671717188,0.23076923076923078,0.15,0.08900523560209424,0.09803921568627451,84.0,644.0,236.0,251.0,0.35714285714285715,0.385989010989011
1,random,0,Logistic Regression,none,0.7406363270237616,0.23546136222809472,0.07692307692307693,1.0,0.0,0.004901960784313725,,,,,,
1,random,0,Logistic Regression,class_weight,0.7454691904953685,0.22531011471112053,0.5384615384615384,0.13725490196078433,0.23036649214659685,0.25,,,,,,
1,random,0,Logistic Regression,smote,0.7635924285138945,0.23222599095219068,0.5384615384615384,0.14583333333333334,0.21465968586387435,0.23529411764705882,54.0,704.0,0.0,0.0,0.0,0.0
1,random,0,SVM,none,0.693515908175594,0.1673057020825072,0.0,,0.0,0.0,,,,,,
1,random,0,SVM,class_weight,0.7603705195328231,0.18205254148568534,0.15384615384615385,0.15384615384615385,0.05759162303664921,0.06372549019607843,,,,,,
1,random,0,SVM,smote,0.7474828836085381,0.18425453885624737,0.15384615384615385,0.25,0.031413612565445025,0.0392156862745098,54.0,704.0,0.0,0.0,0.0,0.0
1,random,2,Logistic Regression,none,0.7301651228352799,0.25821050435375564,0.07692307692307693,1.0,0.0,0.004901960784313725,,,,,,
1,random,2,Logistic Regression,class_weight,0.7390253725332259,0.23718131840081835,0.46153846153846156,0.1111111111111111,0.2513089005235602,0.2647058823529412,,,,,,
1,random,2,Logistic Regression,smote,0.7623842126459928,0.22945945442409688,0.5384615384615384,0.1346153846153846,0.2356020942408377,0.2549019607843137,56.0,700.0,24.0,28.0,0.03571428571428571,0.03968253968253968
1,random,2,SVM,none,0.6838501812323802,0.16354055309993215,0.0,,0.0,0.0,,,,,,
1,random,2,SVM,class_weight,0.7551349174385824,0.16973141167248024,0.15384615384615385,0.15384615384615385,0.05759162303664921,0.06372549019607843,,,,,,
1,random,2,SVM,smote,0.7200966572694322,0.1593307705394958,0.0,0.0,0.03664921465968586,0.03431372549019608,56.0,700.0,24.0,28.0,0.03571428571428571,0.03968253968253968
1,random,5,Logistic Regression,none,0.7221103503826016,0.2306836816257394,0.0,,0.0,0.0,,,,,,
1,random,5,Logistic Regression,class_weight,0.7120418848167539,0.21983013128678094,0.38461538461538464,0.09090909090909091,0.2617801047120419,0.2696078431372549,,,,,,
1,random,5,Logistic Regression,smote,0.7370116794200565,0.22345970947366456,0.38461538461538464,0.09259259259259259,0.25654450261780104,0.2647058823529412,59.0,694.0,64.0,85.0,0.0847457627118644,0.11952191235059761
1,random,5,SVM,none,0.6653242045912203,0.16796882653538783,0.0,,0.0,0.0,,,,,,
1,random,5,SVM,class_weight,0.7374144180426904,0.1515430047404105,0.15384615384615385,0.16666666666666666,0.05235602094240838,0.058823529411764705,,,,,,
1,random,5,SVM,smote,0.7241240434957712,0.14094541091589172,0.07692307692307693,0.125,0.03664921465968586,0.0392156862745098,59.0,694.0,64.0,85.0,0.0847457627118644,0.11952191235059761
1,random,10,Logistic Regression,none,0.7450664518727346,0.26182663920955507,0.0,,0.0,0.0,,,,,,
1,random,10,Logistic Regression,class_weight,0.7470801449859041,0.2258800257239151,0.5384615384615384,0.12727272727272726,0.2513089005235602,0.2696078431372549,,,,,,
1,random,10,Logistic Regression,smote,0.7599677809101893,0.2663713131735831,0.6153846153846154,0.14035087719298245,0.25654450261780104,0.27941176470588236,64.0,684.0,92.0,150.0,0.15625,0.21390374331550802
1,random,10,SVM,none,0.6737817156665324,0.16354032078803174,0.0,,0.0,0.0,,,,,,
1,random,10,SVM,class_weight,0.743052758759565,0.17217505660979457,0.3076923076923077,0.21052631578947367,0.07853403141361257,0.09313725490196079,,,,,,
1,random,10,SVM,smote,0.7108336689488522,0.14822471895386224,0.23076923076923078,0.21428571428571427,0.05759162303664921,0.06862745098039216,64.0,684.0,92.0,150.0,0.15625,0.21390374331550802
1,random,15,Logistic Regression,none,0.7442609746274668,0.22568250207976756,0.0,,0.0,0.0,,,,,,
1,random,15,Logistic Regression,class_weight,0.7349979863068868,0.21295458113525395,0.6153846153846154,0.125,0.2931937172774869,0.3137254901960784,,,,,,
1,random,15,Logistic Regression,smote,0.7591623036649214,0.2539868772473742,0.6153846153846154,0.12903225806451613,0.28272251308900526,0.30392156862745096,69.0,674.0,139.0,208.0,0.21739130434782608,0.3001345895020188
1,random,15,SVM,none,0.6423681031010874,0.15423361443394695,0.0,,0.0,0.0,,,,,,
1,random,15,SVM,class_weight,0.7080144985904149,0.1906627534210924,0.3076923076923077,0.19047619047619047,0.08900523560209424,0.10294117647058823,,,,,,
1,random,15,SVM,smote,0.6685461135722917,0.13019131987535462,0.15384615384615385,0.15384615384615385,0.05759162303664921,0.06372549019607843,69.0,674.0,139.0,208.0,0.21739130434782608,0.3001345895020188
1,random,20,Logistic Regression,none,0.7587595650422876,0.22200789856220693,0.0,,0.0,0.0,,,,,,
1,random,20,Logistic Regression,class_weight,0.7559403946838501,0.21805325686001822,0.6153846153846154,0.12307692307692308,0.29842931937172773,0.31862745098039214,,,,,,
1,random,20,Logistic Regression,smote,0.761175996778091,0.286847426637934,0.5384615384615384,0.12280701754385964,0.2617801047120419,0.27941176470588236,74.0,664.0,196.0,255.0,0.2702702702702703,0.37262872628726285
1,random,20,SVM,none,0.6645187273459525,0.16065031159602855,0.0,,0.0,0.0,,,,,,
1,random,20,SVM,class_weight,0.7249295207410391,0.24290819425777194,0.3076923076923077,0.18181818181818182,0.09424083769633508,0.10784313725490197,,,,,,
1,random,20,SVM,smote,0.6858638743455497,0.15457310630055773,0.23076923076923078,0.1875,0.06806282722513089,0.0784313725490196,74.0,664.0,196.0,255.0,0.2702702702702703,0.37262872628726285
1,random,30,Logistic Regression,none,0.8010471204188481,0.24218002283927664,0.0,,0.0,0.0,,,,,,
1,random,30,Logistic Regression,class_weight,0.8010471204188482,0.23251022087684425,0.8461538461538461,0.1746031746031746,0.27225130890052357,0.3088235294117647,,,,,,
1,random,30,Logistic Regression,smote,0.7925896093435361,0.2440442221970261,0.5384615384615384,0.11290322580645161,0.2879581151832461,0.30392156862745096,84.0,644.0,227.0,302.0,0.35714285714285715,0.45604395604395603
1,random,30,SVM,none,0.657269432138542,0.16592349322691152,0.0,,0.0,0.0,,,,,,
1,random,30,SVM,class_weight,0.7305678614579139,0.2123835291860629,0.3076923076923077,0.14814814814814814,0.12041884816753927,0.1323529411764706,,,,,,
1,random,30,SVM,smote,0.6834474426097463,0.14891769278511055,0.15384615384615385,0.1,0.09424083769633508,0.09803921568627451,84.0,644.0,227.0,302.0,0.35714285714285715,0.45604395604395603
1,outlier,0,Logistic Regression,none,0.7406363270237616,0.23546136222809472,0.07692307692307693,1.0,0.0,0.004901960784313725,,,,,,
1,outlier,0,Logistic Regression,class_weight,0.7454691904953685,0.22531011471112053,0.5384615384615384,0.13725490196078433,0.23036649214659685,0.25,,,,,,
1,outlier,0,Logistic Regression,smote,0.7635924285138945,0.23222599095219068,0.5384615384615384,0.14583333333333334,0.21465968586387435,0.23529411764705882,54.0,704.0,0.0,0.0,0.0,0.0
1,outlier,0,SVM,none,0.693515908175594,0.1673057020825072,0.0,,0.0,0.0,,,,,,
1,outlier,0,SVM,class_weight,0.7603705195328231,0.18205254148568534,0.15384615384615385,0.15384615384615385,0.05759162303664921,0.06372549019607843,,,,,,
1,outlier,0,SVM,smote,0.7474828836085381,0.18425453885624737,0.15384615384615385,0.25,0.031413612565445025,0.0392156862745098,54.0,704.0,0.0,0.0,0.0,0.0
1,outlier,2,Logistic Regression,none,0.7192911800241644,0.22706728670131449,0.15384615384615385,0.6666666666666666,0.005235602094240838,0.014705882352941176,,,,,,
1,outlier,2,Logistic Regression,class_weight,0.7309706000805478,0.21965165094194308,0.5384615384615384,0.1320754716981132,0.24083769633507854,0.25980392156862747,,,,,,
1,outlier,2,Logistic Regression,smote,0.7559403946838501,0.2626128520717466,0.46153846153846156,0.125,0.2198952879581152,0.23529411764705882,56.0,700.0,30.0,30.0,0.03571428571428571,0.042328042328042326
1,outlier,2,SVM,none,0.6999597261377367,0.1721089626281607,0.0,,0.0,0.0,,,,,,
1,outlier,2,SVM,class_weight,0.7631896898912606,0.18146689405239336,0.15384615384615385,0.15384615384615385,0.05759162303664921,0.06372549019607843,,,,,,
1,outlier,2,SVM,smote,0.7394281111558598,0.1740258592601465,0.07692307692307693,0.125,0.03664921465968586,0.0392156862745098,56.0,700.0,30.0,30.0,0.03571428571428571,0.042328042328042326
1,outlier,5,Logistic Regression,none,0.7084172372130487,0.17671359745996418,0.07692307692307693,0.5,0.005235602094240838,0.00980392156862745,,,,,,
1,outlier,5,Logistic Regression,class_weight,0.7289569069673782,0.2122634255703307,0.46153846153846156,0.11764705882352941,0.2356020942408377,0.25,,,,,,
1,outlier,5,Logistic Regression,smote,0.7482883608538059,0.22764918677615967,0.5384615384615384,0.13725490196078433,0.23036649214659685,0.25,59.0,694.0,54.0,55.0,0.0847457627118644,0.0796812749003984
1,outlier,5,SVM,none,0.7047925896093435,0.17446433304563397,0.0,,0.0,0.0,,,,,,
1,outlier,5,SVM,class_weight,0.7599677809101892,0.17646256882727201,0.23076923076923078,0.23076923076923078,0.05235602094240838,0.06372549019607843,,,,,,
1,outlier,5,SVM,smote,0.7329842931937174,0.16759561385109223,0.15384615384615385,0.2,0.041884816753926704,0.049019607843137254,59.0,694.0,54.0,55.0,0.0847457627118644,0.0796812749003984
1,outlier,10,Logistic Regression,none,0.6782118405155054,0.17760256334722221,0.07692307692307693,0.5,0.005235602094240838,0.00980392156862745,,,,,,
1,outlier,10,Logistic Regression,class_weight,0.6886830447039871,0.20494995706345806,0.3076923076923077,0.07692307692307693,0.2513089005235602,0.2549019607843137,,,,,,
1,outlier,10,Logistic Regression,smote,0.7132501006846557,0.20000994327292027,0.38461538461538464,0.10204081632653061,0.23036649214659685,0.24019607843137256,64.0,684.0,85.0,94.0,0.15625,0.13903743315508021
1,outlier,10,SVM,none,0.6890857833266211,0.1431410949599095,0.0,,0.0,0.0,,,,,,
1,outlier,10,SVM,class_weight,0.7474828836085381,0.15516477665833572,0.23076923076923078,0.2,0.06282722513089005,0.07352941176470588,,,,,,
1,outlier,10,SVM,smote,0.712444623439388,0.15648462156499304,0.07692307692307693,0.1,0.04712041884816754,0.049019607843137254,64.0,684.0,85.0,94.0,0.15625,0.13903743315508021
1,outlier,15,Logistic Regression,none,0.6520338300443013,0.1565454791670979,0.07692307692307693,0.5,0.005235602094240838,0.00980392156862745,,,,,,
1,outlier,15,Logistic Regression,class_weight,0.6737817156665324,0.1938198863570329,0.3076923076923077,0.07142857142857142,0.27225130890052357,0.27450980392156865,,,,,,
1,outlier,15,Logistic Regression,smote,0.7108336689488521,0.22439264051880786,0.38461538461538464,0.09090909090909091,0.2617801047120419,0.2696078431372549,69.0,674.0,138.0,161.0,0.21739130434782608,0.23687752355316286
1,outlier,15,SVM,none,0.6766008860249698,0.1164865159140954,0.0,,0.0,0.0,,,,,,
1,outlier,15,SVM,class_weight,0.7358034635521546,0.1440411959424071,0.23076923076923078,0.15789473684210525,0.08376963350785341,0.09313725490196079,,,,,,
1,outlier,15,SVM,smote,0.7007652033830044,0.1391038083177564,0.15384615384615385,0.13333333333333333,0.06806282722513089,0.07352941176470588,69.0,674.0,138.0,161.0,0.21739130434782608,0.23687752355316286
1,outlier,20,Logistic Regression,none,0.6266612968183649,0.18418540552662396,0.07692307692307693,0.5,0.005235602094240838,0.00980392156862745,,,,,,
1,outlier,20,Logistic Regression,class_weight,0.639146194120016,0.18133098576037612,0.3076923076923077,0.07692307692307693,0.2513089005235602,0.2549019607843137,,,,,,
1,outlier,20,Logistic Regression,smote,0.6641159887233186,0.21410556151200955,0.3076923076923077,0.06896551724137931,0.28272251308900526,0.28431372549019607,74.0,664.0,166.0,195.0,0.2702702702702703,0.29132791327913277
1,outlier,20,SVM,none,0.6951268626661297,0.12414978644994622,0.0,,0.0,0.0,,,,,,
1,outlier,20,SVM,class_weight,0.7442609746274668,0.15274559625129616,0.23076923076923078,0.13043478260869565,0.10471204188481675,0.11274509803921569,,,,,,
1,outlier,20,SVM,smote,0.7092227144583165,0.14078323123601313,0.23076923076923078,0.16666666666666666,0.07853403141361257,0.08823529411764706,74.0,664.0,166.0,195.0,0.2702702702702703,0.29132791327913277
1,outlier,30,Logistic Regression,none,0.5924285138944826,0.11205462462052741,0.07692307692307693,0.14285714285714285,0.031413612565445025,0.03431372549019608,,,,,,
1,outlier,30,Logistic Regression,class_weight,0.6045106725734999,0.16675755984088003,0.3076923076923077,0.06896551724137931,0.28272251308900526,0.28431372549019607,,,,,,
1,outlier,30,Logistic Regression,smote,0.6335078534031414,0.18413155295548952,0.38461538461538464,0.08196721311475409,0.2931937172774869,0.29901960784313725,84.0,644.0,238.0,261.0,0.35714285714285715,0.39972527472527475
1,outlier,30,SVM,none,0.6649214659685864,0.10279833116794099,0.0,0.0,0.015706806282722512,0.014705882352941176,,,,,,
1,outlier,30,SVM,class_weight,0.7003624647603706,0.12041174829314176,0.23076923076923078,0.12,0.11518324607329843,0.12254901960784313,,,,,,
1,outlier,30,SVM,smote,0.6814337494965768,0.11735755218440425,0.15384615384615385,0.1,0.09424083769633508,0.09803921568627451,84.0,644.0,238.0,261.0,0.35714285714285715,0.39972527472527475
2,random,0,Logistic Regression,none,0.7519130084575111,0.15195922418519278,0.0,0.0,0.02617801047120419,0.024509803921568627,,,,,,
2,random,0,Logistic Regression,class_weight,0.725332259363673,0.1440587462180133,0.5384615384615384,0.1111111111111111,0.2931937172774869,0.3088235294117647,,,,,,
2,random,0,Logistic Regression,smote,0.7221103503826016,0.1352940386302611,0.5384615384615384,0.12727272727272726,0.2513089005235602,0.2696078431372549,54.0,704.0,0.0,0.0,0.0,0.0
2,random,0,SVM,none,0.774869109947644,0.19705291386604645,0.0,,0.0,0.0,,,,,,
2,random,0,SVM,class_weight,0.7329842931937173,0.22359103094659116,0.3076923076923077,0.13333333333333333,0.13612565445026178,0.14705882352941177,,,,,,
2,random,0,SVM,smote,0.7031816351188079,0.1686074368595255,0.15384615384615385,0.125,0.07329842931937172,0.0784313725490196,54.0,704.0,0.0,0.0,0.0,0.0
2,random,2,Logistic Regression,none,0.752718485702779,0.14878680152374618,0.0,0.0,0.02617801047120419,0.024509803921568627,,,,,,
2,random,2,Logistic Regression,class_weight,0.7241240434957712,0.1438618847094864,0.5384615384615384,0.11475409836065574,0.28272251308900526,0.29901960784313725,,,,,,
2,random,2,Logistic Regression,smote,0.7196939186467982,0.13748753622640209,0.46153846153846156,0.11764705882352941,0.2356020942408377,0.25,56.0,700.0,23.0,46.0,0.03571428571428571,0.06349206349206349
2,random,2,SVM,none,0.7688280306081354,0.16751836908299766,0.0,,0.0,0.0,,,,,,
2,random,2,SVM,class_weight,0.7370116794200563,0.2254260610984945,0.3076923076923077,0.13333333333333333,0.13612565445026178,0.14705882352941177,,,,,,
2,random,2,SVM,smote,0.712041884816754,0.15592397876083514,0.15384615384615385,0.125,0.07329842931937172,0.0784313725490196,56.0,700.0,23.0,46.0,0.03571428571428571,0.06349206349206349
2,random,5,Logistic Regression,none,0.7446637132501006,0.14788296096026288,0.0,0.0,0.031413612565445025,0.029411764705882353,,,,,,
2,random,5,Logistic Regression,class_weight,0.6995569875151026,0.1287498268774161,0.5384615384615384,0.11666666666666667,0.2774869109947644,0.29411764705882354,,,,,,
2,random,5,Logistic Regression,smote,0.7011679420056384,0.14055396077891072,0.46153846153846156,0.10714285714285714,0.2617801047120419,0.27450980392156865,59.0,694.0,58.0,106.0,0.0847457627118644,0.14741035856573706
2,random,5,SVM,none,0.7708417237213049,0.16857863788635666,0.0,,0.0,0.0,,,,,,
2,random,5,SVM,class_weight,0.7362062021747886,0.18102988051665994,0.3076923076923077,0.13333333333333333,0.13612565445026178,0.14705882352941177,,,,,,
2,random,5,SVM,smote,0.7055980668546113,0.13967628078872427,0.15384615384615385,0.11764705882352941,0.07853403141361257,0.08333333333333333,59.0,694.0,58.0,106.0,0.0847457627118644,0.14741035856573706
2,random,10,Logistic Regression,none,0.7337897704389851,0.1531478917962938,0.15384615384615385,0.2222222222222222,0.03664921465968586,0.04411764705882353,,,,,,
2,random,10,Logistic Regression,class_weight,0.6870720902134515,0.13091479051807944,0.5384615384615384,0.11864406779661017,0.27225130890052357,0.28921568627450983,,,,,,
2,random,10,Logistic Regression,smote,0.6834474426097463,0.1355313037232645,0.38461538461538464,0.08620689655172414,0.2774869109947644,0.28431372549019607,64.0,684.0,109.0,184.0,0.15625,0.25935828877005346
2,random,10,SVM,none,0.7664115988723319,0.17043013933733692,0.0,,0.0,0.0,,,,,,
2,random,10,SVM,class_weight,0.7176802255336286,0.17377684327140275,0.3076923076923077,0.12121212121212122,0.1518324607329843,0.16176470588235295,,,,,,
2,random,10,SVM,smote,0.6870720902134515,0.15487026168341284,0.3076923076923077,0.18181818181818182,0.09424083769633508,0.10784313725490197,64.0,684.0,109.0,184.0,0.15625,0.25935828877005346
2,random,15,Logistic Regression,none,0.7414418042690294,0.157044386391465,0.15384615384615385,0.25,0.031413612565445025,0.0392156862745098,,,,,,
2,random,15,Logistic Regression,class_weight,0.7031816351188079,0.1465473812838204,0.5384615384615384,0.11666666666666667,0.2774869109947644,0.29411764705882354,,,,,,
2,random,15,Logistic Regression,smote,0.6971405557792993,0.16125512680705,0.5384615384615384,0.11475409836065574,0.28272251308900526,0.29901960784313725,69.0,674.0,141.0,229.0,0.21739130434782608,0.3283983849259758
2,random,15,SVM,none,0.7478856222311719,0.16851816163337113,0.0,,0.0,0.0,,,,,,
2,random,15,SVM,class_weight,0.7055980668546113,0.16677756942186236,0.3076923076923077,0.11428571428571428,0.16230366492146597,0.1715686274509804,,,,,,
2,random,15,SVM,smote,0.6741844542891663,0.15871463727741786,0.3076923076923077,0.19047619047619047,0.08900523560209424,0.10294117647058823,69.0,674.0,141.0,229.0,0.21739130434782608,0.3283983849259758
2,random,20,Logistic Regression,none,0.7277486910994766,0.157794446844422,0.15384615384615385,0.3333333333333333,0.020942408376963352,0.029411764705882353,,,,,,
2,random,20,Logistic Regression,class_weight,0.7100281917035844,0.14846853481790148,0.6153846153846154,0.11764705882352941,0.31413612565445026,0.3333333333333333,,,,,,
2,random,20,Logistic Regression,smote,0.7088199758356827,0.20519910357627222,0.5384615384615384,0.109375,0.29842931937172773,0.3137254901960784,74.0,664.0,181.0,267.0,0.2702702702702703,0.3888888888888889
2,random,20,SVM,none,0.7382198952879582,0.16353260441728962,0.0,,0.0,0.0,,,,,,
2,random,20,SVM,class_weight,0.7051953282319775,0.1772450897254415,0.3076923076923077,0.11764705882352941,0.15706806282722513,0.16666666666666666,,,,,,
2,random,20,SVM,smote,0.6633105114780508,0.15090651456489285,0.3076923076923077,0.18181818181818182,0.09424083769633508,0.10784313725490197,74.0,664.0,181.0,267.0,0.2702702702702703,0.3888888888888889
2,random,30,Logistic Regression,none,0.7277486910994765,0.17504814713061756,0.07692307692307693,0.25,0.015706806282722512,0.0196078431372549,,,,,,
2,random,30,Logistic Regression,class_weight,0.6999597261377366,0.1525015947591119,0.6923076923076923,0.1232876712328767,0.33507853403141363,0.35784313725490197,,,,,,
2,random,30,Logistic Regression,smote,0.6794200563834072,0.16119389918939053,0.6923076923076923,0.12857142857142856,0.3193717277486911,0.3431372549019608,84.0,644.0,238.0,348.0,0.35714285714285715,0.5192307692307693
2,random,30,SVM,none,0.7768828030608135,0.18703864155082298,0.0,,0.0,0.0,,,,,,
2,random,30,SVM,class_weight,0.7265404752315747,0.1810754020056433,0.38461538461538464,0.13157894736842105,0.17277486910994763,0.18627450980392157,,,,,,
2,random,30,SVM,smote,0.6568666935159082,0.12970425745803868,0.15384615384615385,0.09090909090909091,0.10471204188481675,0.10784313725490197,84.0,644.0,238.0,348.0,0.35714285714285715,0.5192307692307693
2,outlier,0,Logistic Regression,none,0.7519130084575111,0.15195922418519278,0.0,0.0,0.02617801047120419,0.024509803921568627,,,,,,
2,outlier,0,Logistic Regression,class_weight,0.725332259363673,0.1440587462180133,0.5384615384615384,0.1111111111111111,0.2931937172774869,0.3088235294117647,,,,,,
2,outlier,0,Logistic Regression,smote,0.7221103503826016,0.1352940386302611,0.5384615384615384,0.12727272727272726,0.2513089005235602,0.2696078431372549,54.0,704.0,0.0,0.0,0.0,0.0
2,outlier,0,SVM,none,0.774869109947644,0.19705291386604645,0.0,,0.0,0.0,,,,,,
2,outlier,0,SVM,class_weight,0.7329842931937173,0.22359103094659116,0.3076923076923077,0.13333333333333333,0.13612565445026178,0.14705882352941177,,,,,,
2,outlier,0,SVM,smote,0.7031816351188079,0.1686074368595255,0.15384615384615385,0.125,0.07329842931937172,0.0784313725490196,54.0,704.0,0.0,0.0,0.0,0.0
2,outlier,2,Logistic Regression,none,0.7511075312122433,0.1498491870226252,0.0,0.0,0.031413612565445025,0.029411764705882353,,,,,,
2,outlier,2,Logistic Regression,class_weight,0.7313733387031817,0.14262342216073107,0.5384615384615384,0.11666666666666667,0.2774869109947644,0.29411764705882354,,,,,,
2,outlier,2,Logistic Regression,smote,0.7140555779299236,0.1311416966231982,0.5384615384615384,0.125,0.25654450261780104,0.27450980392156865,56.0,700.0,27.0,27.0,0.03571428571428571,0.03835978835978836
2,outlier,2,SVM,none,0.7764800644381796,0.1933558073497813,0.0,,0.0,0.0,,,,,,
2,outlier,2,SVM,class_weight,0.738622633910592,0.22571058634234445,0.3076923076923077,0.13333333333333333,0.13612565445026178,0.14705882352941177,,,,,,
2,outlier,2,SVM,smote,0.7076117599677809,0.1644332789018914,0.15384615384615385,0.10526315789473684,0.08900523560209424,0.09313725490196079,56.0,700.0,27.0,27.0,0.03571428571428571,0.03835978835978836
2,outlier,5,Logistic Regression,none,0.7631896898912606,0.1441261350999135,0.0,0.0,0.020942408376963352,0.0196078431372549,,,,,,
2,outlier,5,Logistic Regression,class_weight,0.7317760773258155,0.13159669620137915,0.46153846153846156,0.1111111111111111,0.2513089005235602,0.2647058823529412,,,,,,
2,outlier,5,Logistic Regression,smote,0.720499395892066,0.12257154568932437,0.5384615384615384,0.125,0.25654450261780104,0.27450980392156865,59.0,694.0,62.0,62.0,0.0847457627118644,0.08897742363877822
2,outlier,5,SVM,none,0.7990334273056787,0.19979751408314195,0.0,,0.0,0.0,,,,,,
2,outlier,5,SVM,class_weight,0.7442609746274668,0.2256826954711091,0.3076923076923077,0.13333333333333333,0.13612565445026178,0.14705882352941177,,,,,,
2,outlier,5,SVM,smote,0.698751510269835,0.15665779503613003,0.15384615384615385,0.10526315789473684,0.08900523560209424,0.09313725490196079,59.0,694.0,62.0,62.0,0.0847457627118644,0.08897742363877822
2,outlier,10,Logistic Regression,none,0.7672170761175997,0.14093612561520907,0.0,0.0,0.031413612565445025,0.029411764705882353,,,,,,
2,outlier,10,Logistic Regression,class_weight,0.7426500201369312,0.13435527419076135,0.46153846153846156,0.11764705882352941,0.2356020942408377,0.25,,,,,,
2,outlier,10,Logistic Regression,smote,0.7200966572694322,0.12581102786735265,0.46153846153846156,0.11538461538461539,0.24083769633507854,0.2549019607843137,64.0,684.0,116.0,119.0,0.15625,0.17245989304812834
2,outlier,10,SVM,none,0.7841320982682239,0.167486072064761,0.0,,0.0,0.0,,,,,,
2,outlier,10,SVM,class_weight,0.7587595650422876,0.2347952973183698,0.38461538461538464,0.15625,0.14136125654450263,0.1568627450980392,,,,,,
2,outlier,10,SVM,smote,0.7043898509867097,0.16411842254641293,0.3076923076923077,0.18181818181818182,0.09424083769633508,0.10784313725490197,64.0,684.0,116.0,119.0,0.15625,0.17245989304812834
2,outlier,15,Logistic Regression,none,0.7418445428916633,0.14054571959580328,0.0,0.0,0.02617801047120419,0.024509803921568627,,,,,,
2,outlier,15,Logistic Regression,class_weight,0.7329842931937174,0.13618646092690095,0.5384615384615384,0.125,0.25654450261780104,0.27450980392156865,,,,,,
2,outlier,15,Logistic Regression,smote,0.7132501006846557,0.1329838411252347,0.5384615384615384,0.12962962962962962,0.24607329842931938,0.2647058823529412,69.0,674.0,145.0,151.0,0.21739130434782608,0.2234185733512786
2,outlier,15,SVM,none,0.7627869512686267,0.15142807199265612,0.0,,0.0,0.0,,,,,,
2,outlier,15,SVM,class_weight,0.7559403946838501,0.22957547650650115,0.38461538461538464,0.16129032258064516,0.13612565445026178,0.15196078431372548,,,,,,
2,outlier,15,SVM,smote,0.7039871123640757,0.15911574046516458,0.3076923076923077,0.16666666666666666,0.10471204188481675,0.11764705882352941,69.0,674.0,145.0,151.0,0.21739130434782608,0.2234185733512786
2,outlier,20,Logistic Regression,none,0.7575513491743858,0.14603303462974676,0.0,0.0,0.031413612565445025,0.029411764705882353,,,,,,
2,outlier,20,Logistic Regression,class_weight,0.7511075312122433,0.14712503005437297,0.5384615384615384,0.14,0.225130890052356,0.24509803921568626,,,,,,
2,outlier,20,Logistic Regression,smote,0.7156665324204591,0.13168379976865377,0.46153846153846156,0.11764705882352941,0.2356020942408377,0.25,74.0,664.0,188.0,195.0,0.2702702702702703,0.29132791327913277
2,outlier,20,SVM,none,0.7994361659283126,0.16873914667403414,0.0,0.0,0.005235602094240838,0.004901960784313725,,,,,,
2,outlier,20,SVM,class_weight,0.7897704389850987,0.2381399001401432,0.5384615384615384,0.22580645161290322,0.1256544502617801,0.15196078431372548,,,,,,
2,outlier,20,SVM,smote,0.7345952476842529,0.19264902347572066,0.38461538461538464,0.2,0.10471204188481675,0.12254901960784313,74.0,664.0,188.0,195.0,0.2702702702702703,0.29132791327913277
2,outlier,30,Logistic Regression,none,0.7482883608538059,0.1372651776654419,0.0,0.0,0.03664921465968586,0.03431372549019608,,,,,,
2,outlier,30,Logistic Regression,class_weight,0.7535239629480467,0.14170647566502487,0.6923076923076923,0.15789473684210525,0.2513089005235602,0.27941176470588236,,,,,,
2,outlier,30,Logistic Regression,smote,0.7072090213451471,0.12879330953619153,0.46153846153846156,0.1,0.28272251308900526,0.29411764705882354,84.0,644.0,226.0,239.0,0.35714285714285715,0.3695054945054945
2,outlier,30,SVM,none,0.7962142569472412,0.15611291007708314,0.0,0.0,0.015706806282722512,0.014705882352941176,,,,,,
2,outlier,30,SVM,class_weight,0.784132098268224,0.22905675850948123,0.5384615384615384,0.2,0.14659685863874344,0.1715686274509804,,,,,,
2,outlier,30,SVM,smote,0.7426500201369312,0.16985814436979269,0.38461538461538464,0.17857142857142858,0.12041884816753927,0.13725490196078433,84.0,644.0,226.0,239.0,0.35714285714285715,0.3695054945054945
3,random,0,Logistic Regression,none,0.7631896898912606,0.1848382182819942,0.0,0.0,0.005235602094240838,0.004901960784313725,,,,,,
3,random,0,Logistic Regression,class_weight,0.7555376560612163,0.16738837845238613,0.6923076923076923,0.14516129032258066,0.2774869109947644,0.30392156862745096,,,,,,
3,random,0,Logistic Regression,smote,0.7595650422875554,0.15942572541099326,0.5384615384615384,0.11864406779661017,0.27225130890052357,0.28921568627450983,54.0,704.0,0.0,0.0,0.0,0.0
3,random,0,SVM,none,0.8147402335884011,0.20687023619046743,0.0,,0.0,0.0,,,,,,
3,random,0,SVM,class_weight,0.8340716874748288,0.31011478580253554,0.38461538461538464,0.18518518518518517,0.11518324607329843,0.1323529411764706,,,,,,
3,random,0,SVM,smote,0.7869512686266613,0.20829975661129382,0.23076923076923078,0.2,0.06282722513089005,0.07352941176470588,54.0,704.0,0.0,0.0,0.0,0.0
3,random,2,Logistic Regression,none,0.7515102698348771,0.18867364510296933,0.0,,0.0,0.0,,,,,,
3,random,2,Logistic Regression,class_weight,0.7333870318163512,0.18743800608937553,0.6153846153846154,0.13114754098360656,0.2774869109947644,0.29901960784313725,,,,,,
3,random,2,Logistic Regression,smote,0.738622633910592,0.15483777102270485,0.6153846153846154,0.13333333333333333,0.27225130890052357,0.29411764705882354,56.0,700.0,30.0,61.0,0.03571428571428571,0.08333333333333333
3,random,2,SVM,none,0.8312525171163915,0.23000925241427386,0.0,,0.0,0.0,,,,,,
3,random,2,SVM,class_weight,0.8389045509464358,0.28175774579717366,0.38461538461538464,0.18518518518518517,0.11518324607329843,0.1323529411764706,,,,,,
3,random,2,SVM,smote,0.7921868707209022,0.21474052912855307,0.23076923076923078,0.25,0.04712041884816754,0.058823529411764705,56.0,700.0,30.0,61.0,0.03571428571428571,0.08333333333333333
3,random,5,Logistic Regression,none,0.7478856222311719,0.18109368705408274,0.0,,0.0,0.0,,,,,,
3,random,5,Logistic Regression,class_weight,0.743455497382199,0.21372492487027717,0.6153846153846154,0.125,0.2931937172774869,0.3137254901960784,,,,,,
3,random,5,Logistic Regression,smote,0.752718485702779,0.18093458062492587,0.6923076923076923,0.15517241379310345,0.25654450261780104,0.28431372549019607,59.0,694.0,65.0,111.0,0.0847457627118644,0.15405046480743692
3,random,5,SVM,none,0.8038662907772856,0.20748252159148167,0.0,,0.0,0.0,,,,,,
3,random,5,SVM,class_weight,0.8219895287958117,0.30313495691043535,0.46153846153846156,0.1935483870967742,0.13089005235602094,0.15196078431372548,,,,,,
3,random,5,SVM,smote,0.7740636327023762,0.22467833529525083,0.3076923076923077,0.2857142857142857,0.05235602094240838,0.06862745098039216,59.0,694.0,65.0,111.0,0.0847457627118644,0.15405046480743692
3,random,10,Logistic Regression,none,0.7515102698348772,0.16471305253588803,0.0,,0.0,0.0,,,,,,
3,random,10,Logistic Regression,class_weight,0.7414418042690294,0.20669222088806052,0.6153846153846154,0.12903225806451613,0.28272251308900526,0.30392156862745096,,,,,,
3,random,10,Logistic Regression,smote,0.7329842931937173,0.13682678629522294,0.6923076923076923,0.13636363636363635,0.29842931937172773,0.3235294117647059,64.0,684.0,124.0,243.0,0.15625,0.3382352941176471
3,random,10,SVM,none,0.7889649617398309,0.18582825318354892,0.0,,0.0,0.0,,,,,,
3,random,10,SVM,class_weight,0.815948449456303,0.32707141399924583,0.38461538461538464,0.16129032258064516,0.13612565445026178,0.15196078431372548,,,,,,
3,random,10,SVM,smote,0.7696335078534031,0.23499934886401996,0.3076923076923077,0.23529411764705882,0.06806282722513089,0.08333333333333333,64.0,684.0,124.0,243.0,0.15625,0.3382352941176471
3,random,15,Logistic Regression,none,0.7772855416834474,0.19224594101697604,0.0,,0.0,0.0,,,,,,
3,random,15,Logistic Regression,class_weight,0.7764800644381797,0.28088887956835756,0.6153846153846154,0.125,0.2931937172774869,0.3137254901960784,,,,,,
3,random,15,Logistic Regression,smote,0.7656061216270641,0.20243942747109173,0.6153846153846154,0.13559322033898305,0.2670157068062827,0.28921568627450983,69.0,674.0,175.0,296.0,0.21739130434782608,0.4185733512786003
3,random,15,SVM,none,0.7833266210229561,0.19442266391048693,0.0,,0.0,0.0,,,,,,
3,random,15,SVM,class_weight,0.8139347563431334,0.28739614512090805,0.3076923076923077,0.125,0.14659685863874344,0.1568627450980392,,,,,,
3,random,15,SVM,smote,0.7603705195328232,0.2386952664872445,0.3076923076923077,0.19047619047619047,0.08900523560209424,0.10294117647058823,69.0,674.0,175.0,296.0,0.21739130434782608,0.4185733512786003
3,random,20,Logistic Regression,none,0.7885622231171969,0.18654011129780548,0.0,,0.0,0.0,,,,,,
3,random,20,Logistic Regression,class_weight,0.7801047120418848,0.21865002089816088,0.6923076923076923,0.13636363636363635,0.29842931937172773,0.3235294117647059,,,,,,
3,random,20,Logistic Regression,smote,0.7724526782118405,0.19926498983109991,0.6923076923076923,0.14285714285714285,0.28272251308900526,0.3088235294117647,74.0,664.0,173.0,302.0,0.2702702702702703,0.4363143631436314
3,random,20,SVM,none,0.7833266210229561,0.21734267790787493,0.0,,0.0,0.0,,,,,,
3,random,20,SVM,class_weight,0.8280306081353201,0.31584993492801205,0.5384615384615384,0.20588235294117646,0.14136125654450263,0.16666666666666666,,,,,,
3,random,20,SVM,smote,0.7877567458719291,0.30284091525375345,0.38461538461538464,0.25,0.07853403141361257,0.09803921568627451,74.0,664.0,173.0,302.0,0.2702702702702703,0.4363143631436314
3,random,30,Logistic Regression,none,0.7692307692307693,0.2161419728101474,0.0,,0.0,0.0,,,,,,
3,random,30,Logistic Regression,class_weight,0.7643979057591623,0.2098393368816744,0.6923076923076923,0.11538461538461539,0.3612565445026178,0.38235294117647056,,,,,,
3,random,30,Logistic Regression,smote,0.7599677809101892,0.17502859082908545,0.6923076923076923,0.13432835820895522,0.3036649214659686,0.3284313725490196,84.0,644.0,231.0,368.0,0.35714285714285715,0.5467032967032966
3,random,30,SVM,none,0.7716472009665727,0.20892029606150764,0.0,,0.0,0.0,,,,,,
3,random,30,SVM,class_weight,0.8167539267015707,0.25812793300458226,0.5384615384615384,0.20588235294117646,0.14136125654450263,0.16666666666666666,,,,,,
3,random,30,SVM,smote,0.7720499395892066,0.27207345211328104,0.3076923076923077,0.19047619047619047,0.08900523560209424,0.10294117647058823,84.0,644.0,231.0,368.0,0.35714285714285715,0.5467032967032966
3,outlier,0,Logistic Regression,none,0.7631896898912606,0.1848382182819942,0.0,0.0,0.005235602094240838,0.004901960784313725,,,,,,
3,outlier,0,Logistic Regression,class_weight,0.7555376560612163,0.16738837845238613,0.6923076923076923,0.14516129032258066,0.2774869109947644,0.30392156862745096,,,,,,
3,outlier,0,Logistic Regression,smote,0.7595650422875554,0.15942572541099326,0.5384615384615384,0.11864406779661017,0.27225130890052357,0.28921568627450983,54.0,704.0,0.0,0.0,0.0,0.0
3,outlier,0,SVM,none,0.8147402335884011,0.20687023619046743,0.0,,0.0,0.0,,,,,,
3,outlier,0,SVM,class_weight,0.8340716874748288,0.31011478580253554,0.38461538461538464,0.18518518518518517,0.11518324607329843,0.1323529411764706,,,,,,
3,outlier,0,SVM,smote,0.7869512686266613,0.20829975661129382,0.23076923076923078,0.2,0.06282722513089005,0.07352941176470588,54.0,704.0,0.0,0.0,0.0,0.0
3,outlier,2,Logistic Regression,none,0.7507047925896093,0.1585241376814372,0.0,0.0,0.010471204188481676,0.00980392156862745,,,,,,
3,outlier,2,Logistic Regression,class_weight,0.7599677809101893,0.159298573151548,0.6923076923076923,0.13846153846153847,0.2931937172774869,0.31862745098039214,,,,,,
3,outlier,2,Logistic Regression,smote,0.7507047925896093,0.15069667102698778,0.6153846153846154,0.12903225806451613,0.28272251308900526,0.30392156862745096,56.0,700.0,24.0,24.0,0.03571428571428571,0.03439153439153439
3,outlier,2,SVM,none,0.8143374949657672,0.19889739247261087,0.0,,0.0,0.0,,,,,,
3,outlier,2,SVM,class_weight,0.8368908578332662,0.3134916697645299,0.38461538461538464,0.18518518518518517,0.11518324607329843,0.1323529411764706,,,,,,
3,outlier,2,SVM,smote,0.7901731776077325,0.20530013983730674,0.23076923076923078,0.21428571428571427,0.05759162303664921,0.06862745098039216,56.0,700.0,24.0,24.0,0.03571428571428571,0.03439153439153439
3,outlier,5,Logistic Regression,none,0.7076117599677809,0.12904791656668496,0.0,0.0,0.005235602094240838,0.004901960784313725,,,,,,
3,outlier,5,Logistic Regression,class_weight,0.725332259363673,0.12356134330917454,0.6923076923076923,0.13636363636363635,0.29842931937172773,0.3235294117647059,,,,,,
3,outlier,5,Logistic Regression,smote,0.7265404752315747,0.12663069503565463,0.6923076923076923,0.1323529411764706,0.3089005235602094,0.3333333333333333,59.0,694.0,58.0,65.0,0.0847457627118644,0.09296148738379814
3,outlier,5,SVM,none,0.8022553362867499,0.1771008783385412,0.0,,0.0,0.0,,,,,,
3,outlier,5,SVM,class_weight,0.8372935964559002,0.3129744698409065,0.38461538461538464,0.19230769230769232,0.1099476439790576,0.12745098039215685,,,,,,
3,outlier,5,SVM,smote,0.7853403141361256,0.20526402831243196,0.23076923076923078,0.21428571428571427,0.05759162303664921,0.06862745098039216,59.0,694.0,58.0,65.0,0.0847457627118644,0.09296148738379814
3,outlier,10,Logistic Regression,none,0.6939186467982279,0.12962565211322835,0.0,0.0,0.010471204188481676,0.00980392156862745,,,,,,
3,outlier,10,Logistic Regression,class_weight,0.7265404752315747,0.13258931013888536,0.7692307692307693,0.15384615384615385,0.2879581151832461,0.31862745098039214,,,,,,
3,outlier,10,Logistic Regression,smote,0.7124446234393879,0.12370806180506498,0.5384615384615384,0.11290322580645161,0.2879581151832461,0.30392156862745096,64.0,684.0,113.0,125.0,0.15625,0.1804812834224599
3,outlier,10,SVM,none,0.8038662907772856,0.15940192044845042,0.0,,0.0,0.0,,,,,,
3,outlier,10,SVM,class_weight,0.8385018123238018,0.2860475523127345,0.46153846153846156,0.21428571428571427,0.11518324607329843,0.13725490196078433,,,,,,
3,outlier,10,SVM,smote,0.7861457913813934,0.23811444231033202,0.23076923076923078,0.16666666666666666,0.07853403141361257,0.08823529411764706,64.0,684.0,113.0,125.0,0.15625,0.1804812834224599
3,outlier,15,Logistic Regression,none,0.7100281917035844,0.14190948229602757,0.07692307692307693,0.5,0.005235602094240838,0.00980392156862745,,,,,,
3,outlier,15,Logistic Regression,class_weight,0.7301651228352799,0.13233645194503874,0.7692307692307693,0.16129032258064516,0.27225130890052357,0.30392156862745096,,,,,,
3,outlier,15,Logistic Regression,smote,0.739025372533226,0.14696742592932496,0.7692307692307693,0.16666666666666666,0.2617801047120419,0.29411764705882354,69.0,674.0,137.0,153.0,0.21739130434782608,0.22611036339165544
3,outlier,15,SVM,none,0.8099073701167943,0.16135642486073262,0.0,,0.0,0.0,,,,,,
3,outlier,15,SVM,class_weight,0.8437374144180427,0.2702448241001645,0.46153846153846156,0.2222222222222222,0.1099476439790576,0.1323529411764706,,,,,,
3,outlier,15,SVM,smote,0.8054772452678213,0.27205555917051866,0.23076923076923078,0.16666666666666666,0.07853403141361257,0.08823529411764706,69.0,674.0,137.0,153.0,0.21739130434782608,0.22611036339165544
3,outlier,20,Logistic Regression,none,0.6814337494965768,0.11177743979387089,0.0,0.0,0.015706806282722512,0.014705882352941176,,,,,,
3,outlier,20,Logistic Regression,class_weight,0.7031816351188079,0.11534099479544657,0.6153846153846154,0.11764705882352941,0.31413612565445026,0.3333333333333333,,,,,,
3,outlier,20,Logistic Regression,smote,0.7144583165525573,0.11796933639070722,0.7692307692307693,0.16666666666666666,0.2617801047120419,0.29411764705882354,74.0,664.0,168.0,184.0,0.2702702702702703,0.2764227642276423
3,outlier,20,SVM,none,0.7982279500604108,0.1515686643422555,0.0,,0.0,0.0,,,,,,
3,outlier,20,SVM,class_weight,0.8393072895690697,0.2399974849286641,0.46153846153846156,0.20689655172413793,0.12041884816753927,0.14215686274509803,,,,,,
3,outlier,20,SVM,smote,0.815545710833669,0.22759061668327626,0.23076923076923078,0.15789473684210525,0.08376963350785341,0.09313725490196079,74.0,664.0,168.0,184.0,0.2702702702702703,0.2764227642276423
3,outlier,30,Logistic Regression,none,0.6435763189689891,0.09629606592568343,0.0,0.0,0.031413612565445025,0.029411764705882353,,,,,,
3,outlier,30,Logistic Regression,class_weight,0.670962545308095,0.10222868680362283,0.46153846153846156,0.09230769230769231,0.3089005235602094,0.31862745098039214,,,,,,
3,outlier,30,Logistic Regression,smote,0.6902939991945227,0.10855956883725078,0.46153846153846156,0.09836065573770492,0.2879581151832461,0.29901960784313725,84.0,644.0,232.0,256.0,0.35714285714285715,0.39285714285714285
3,outlier,30,SVM,none,0.7736608940797423,0.132270391361306,0.0,0.0,0.020942408376963352,0.0196078431372549,,,,,,
3,outlier,30,SVM,class_weight,0.8292388240032219,0.20847693038711068,0.38461538461538464,0.18518518518518517,0.11518324607329843,0.1323529411764706,,,,,,
3,outlier,30,SVM,smote,0.7937978252114377,0.18101349264414784,0.23076923076923078,0.13043478260869565,0.10471204188481675,0.11274509803921569,84.0,644.0,232.0,256.0,0.35714285714285715,0.39285714285714285
4,random,0,Logistic Regression,none,0.8095046314941603,0.18722919289677606,0.0,0.0,0.005235602094240838,0.004901960784313725,,,,,,
4,random,0,Logistic Regression,class_weight,0.7982279500604108,0.18380878646942045,0.6923076923076923,0.1323529411764706,0.3089005235602094,0.3333333333333333,,,,,,
4,random,0,Logistic Regression,smote,0.8219895287958116,0.2135732004712066,0.7692307692307693,0.16129032258064516,0.27225130890052357,0.30392156862745096,54.0,704.0,0.0,0.0,0.0,0.0
4,random,0,SVM,none,0.8195730970600081,0.28813860728971086,0.0,,0.0,0.0,,,,,,
4,random,0,SVM,class_weight,0.8324607329842932,0.29989831303637415,0.3076923076923077,0.18181818181818182,0.09424083769633508,0.10784313725490197,,,,,,
4,random,0,SVM,smote,0.7833266210229561,0.27927411624607296,0.3076923076923077,0.25,0.06282722513089005,0.0784313725490196,54.0,704.0,0.0,0.0,0.0,0.0
4,random,2,Logistic Regression,none,0.8066854611357229,0.18795661357205815,0.0,0.0,0.005235602094240838,0.004901960784313725,,,,,,
4,random,2,Logistic Regression,class_weight,0.7881594844945631,0.18454930304724596,0.7692307692307693,0.14925373134328357,0.29842931937172773,0.3284313725490196,,,,,,
4,random,2,Logistic Regression,smote,0.8099073701167941,0.2041836775777408,0.7692307692307693,0.14705882352941177,0.3036649214659686,0.3333333333333333,56.0,700.0,14.0,29.0,0.03571428571428571,0.041005291005291
4,random,2,SVM,none,0.8123238018525977,0.2775170016297,0.0,,0.0,0.0,,,,,,
4,random,2,SVM,class_weight,0.8389045509464358,0.30219089280756917,0.3076923076923077,0.19047619047619047,0.08900523560209424,0.10294117647058823,,,,,,
4,random,2,SVM,smote,0.7865485300040275,0.2821447799983181,0.3076923076923077,0.25,0.06282722513089005,0.0784313725490196,56.0,700.0,14.0,29.0,0.03571428571428571,0.041005291005291
4,random,5,Logistic Regression,none,0.7950060410793396,0.18078356037262283,0.0,0.0,0.005235602094240838,0.004901960784313725,,,,,,
4,random,5,Logistic Regression,class_weight,0.7740636327023761,0.17995210911174014,0.6923076923076923,0.13846153846153847,0.2931937172774869,0.31862745098039214,,,,,,
4,random,5,Logistic Regression,smote,0.79299234796617,0.2085522076753453,0.6923076923076923,0.13432835820895522,0.3036649214659686,0.3284313725490196,59.0,694.0,60.0,109.0,0.0847457627118644,0.15139442231075698
4,random,5,SVM,none,0.7994361659283125,0.2428956305967994,0.0,,0.0,0.0,,,,,,
4,random,5,SVM,class_weight,0.8268223922674185,0.3100799285489283,0.46153846153846156,0.2222222222222222,0.1099476439790576,0.1323529411764706,,,,,,
4,random,5,SVM,smote,0.7684252919855014,0.2848322290516397,0.3076923076923077,0.23529411764705882,0.06806282722513089,0.08333333333333333,59.0,694.0,60.0,109.0,0.0847457627118644,0.15139442231075698
4,random,10,Logistic Regression,none,0.8046717680225534,0.19006024019129578,0.0,0.0,0.005235602094240838,0.004901960784313725,,,,,,
4,random,10,Logistic Regression,class_weight,0.7865485300040274,0.1882402372818007,0.6923076923076923,0.13636363636363635,0.29842931937172773,0.3235294117647059,,,,,,
4,random,10,Logistic Regression,smote,0.8070881997583569,0.26790909453291933,0.6153846153846154,0.125,0.2931937172774869,0.3137254901960784,64.0,684.0,99.0,193.0,0.15625,0.2713903743315508
4,random,10,SVM,none,0.7664115988723318,0.2761784903999537,0.0,,0.0,0.0,,,,,,
4,random,10,SVM,class_weight,0.8187676198147402,0.365303201109232,0.46153846153846156,0.1875,0.13612565445026178,0.1568627450980392,,,,,,
4,random,10,SVM,smote,0.7575513491743858,0.27442506058803695,0.3076923076923077,0.2,0.08376963350785341,0.09803921568627451,64.0,684.0,99.0,193.0,0.15625,0.2713903743315508
4,random,15,Logistic Regression,none,0.823600483286347,0.17814651508647728,0.0,0.0,0.010471204188481676,0.00980392156862745,,,,,,
4,random,15,Logistic Regression,class_weight,0.8091018928715263,0.175509731809613,0.7692307692307693,0.1388888888888889,0.32460732984293195,0.35294117647058826,,,,,,
4,random,15,Logistic Regression,smote,0.8296415626258559,0.18446110509059666,0.9230769230769231,0.16901408450704225,0.3089005235602094,0.3480392156862745,69.0,674.0,141.0,258.0,0.21739130434782608,0.3674293405114401
4,random,15,SVM,none,0.7639951671365285,0.1850426485139177,0.0,,0.0,0.0,,,,,,
4,random,15,SVM,class_weight,0.8223922674184454,0.39313295374249274,0.46153846153846156,0.15384615384615385,0.17277486910994763,0.19117647058823528,,,,,,
4,random,15,SVM,smote,0.7458719291180025,0.2997153170982197,0.3076923076923077,0.18181818181818182,0.09424083769633508,0.10784313725490197,69.0,674.0,141.0,258.0,0.21739130434782608,0.3674293405114401
4,random,20,Logistic Regression,none,0.8312525171163915,0.19013434874889334,0.0,0.0,0.005235602094240838,0.004901960784313725,,,,,,
4,random,20,Logistic Regression,class_weight,0.8260169150221507,0.19993851375997843,0.8461538461538461,0.15714285714285714,0.3089005235602094,0.3431372549019608,,,,,,
4,random,20,Logistic Regression,smote,0.8525976641159887,0.24207885010858068,1.0,0.17567567567567569,0.3193717277486911,0.3627450980392157,74.0,664.0,172.0,318.0,0.2702702702702703,0.45799457994579945
4,random,20,SVM,none,0.779299234796617,0.20102593404344626,0.0,,0.0,0.0,,,,,,
4,random,20,SVM,class_weight,0.8191703584373742,0.3753097258816805,0.6153846153846154,0.17391304347826086,0.19895287958115182,0.22549019607843138,,,,,,
4,random,20,SVM,smote,0.7454691904953685,0.28630333211451814,0.3076923076923077,0.14285714285714285,0.1256544502617801,0.13725490196078433,74.0,664.0,172.0,318.0,0.2702702702702703,0.45799457994579945
4,random,30,Logistic Regression,none,0.8324607329842931,0.19537878351076704,0.0,0.0,0.005235602094240838,0.004901960784313725,,,,,,
4,random,30,Logistic Regression,class_weight,0.8276278695126863,0.2058343765170924,0.8461538461538461,0.14473684210526316,0.3403141361256545,0.37254901960784315,,,,,,
4,random,30,Logistic Regression,smote,0.8525976641159887,0.239436367326081,0.9230769230769231,0.15584415584415584,0.3403141361256545,0.37745098039215685,84.0,644.0,231.0,383.0,0.35714285714285715,0.5673076923076923
4,random,30,SVM,none,0.7539267015706806,0.18721413248052646,0.0,,0.0,0.0,,,,,,
4,random,30,SVM,class_weight,0.797019734192509,0.28668705154645685,0.6153846153846154,0.15384615384615385,0.23036649214659685,0.2549019607843137,,,,,,
4,random,30,SVM,smote,0.7172774869109948,0.21554094427306256,0.3076923076923077,0.12903225806451613,0.14136125654450263,0.15196078431372548,84.0,644.0,231.0,383.0,0.35714285714285715,0.5673076923076923
4,outlier,0,Logistic Regression,none,0.8095046314941603,0.18722919289677606,0.0,0.0,0.005235602094240838,0.004901960784313725,,,,,,
4,outlier,0,Logistic Regression,class_weight,0.7982279500604108,0.18380878646942045,0.6923076923076923,0.1323529411764706,0.3089005235602094,0.3333333333333333,,,,,,
4,outlier,0,Logistic Regression,smote,0.8219895287958116,0.2135732004712066,0.7692307692307693,0.16129032258064516,0.27225130890052357,0.30392156862745096,54.0,704.0,0.0,0.0,0.0,0.0
4,outlier,0,SVM,none,0.8195730970600081,0.28813860728971086,0.0,,0.0,0.0,,,,,,
4,outlier,0,SVM,class_weight,0.8324607329842932,0.29989831303637415,0.3076923076923077,0.18181818181818182,0.09424083769633508,0.10784313725490197,,,,,,
4,outlier,0,SVM,smote,0.7833266210229561,0.27927411624607296,0.3076923076923077,0.25,0.06282722513089005,0.0784313725490196,54.0,704.0,0.0,0.0,0.0,0.0
4,outlier,2,Logistic Regression,none,0.7913813934756343,0.1695167048758575,0.0,0.0,0.015706806282722512,0.014705882352941176,,,,,,
4,outlier,2,Logistic Regression,class_weight,0.7853403141361257,0.17090313543879757,0.6923076923076923,0.13636363636363635,0.29842931937172773,0.3235294117647059,,,,,,
4,outlier,2,Logistic Regression,smote,0.7946033024567056,0.18634956741626268,0.6923076923076923,0.13432835820895522,0.3036649214659686,0.3284313725490196,56.0,700.0,24.0,24.0,0.03571428571428571,0.03439153439153439
4,outlier,2,SVM,none,0.8179621425694724,0.256844640955119,0.0,,0.0,0.0,,,,,,
4,outlier,2,SVM,class_weight,0.8340716874748288,0.29763229084120224,0.3076923076923077,0.19047619047619047,0.08900523560209424,0.10294117647058823,,,,,,
4,outlier,2,SVM,smote,0.779299234796617,0.26264668916460043,0.3076923076923077,0.23529411764705882,0.06806282722513089,0.08333333333333333,56.0,700.0,24.0,24.0,0.03571428571428571,0.03439153439153439
4,outlier,5,Logistic Regression,none,0.7784937575513492,0.15891896537661257,0.0,0.0,0.015706806282722512,0.014705882352941176,,,,,,
4,outlier,5,Logistic Regression,class_weight,0.7784937575513493,0.16498659453047898,0.6923076923076923,0.13846153846153847,0.2931937172774869,0.31862745098039214,,,,,,
4,outlier,5,Logistic Regression,smote,0.8099073701167943,0.17840255087210016,0.6923076923076923,0.1323529411764706,0.3089005235602094,0.3333333333333333,59.0,694.0,51.0,51.0,0.0847457627118644,0.07436918990703852
4,outlier,5,SVM,none,0.8070881997583568,0.23748185413807535,0.0,,0.0,0.0,,,,,,
4,outlier,5,SVM,class_weight,0.838099073701168,0.30113204122219894,0.3076923076923077,0.19047619047619047,0.08900523560209424,0.10294117647058823,,,,,,
4,outlier,5,SVM,smote,0.7696335078534032,0.27050081369811474,0.3076923076923077,0.26666666666666666,0.05759162303664921,0.07352941176470588,59.0,694.0,51.0,51.0,0.0847457627118644,0.07436918990703852
4,outlier,10,Logistic Regression,none,0.7490938380990737,0.1403107920591058,0.0,0.0,0.020942408376963352,0.0196078431372549,,,,,,
4,outlier,10,Logistic Regression,class_weight,0.7676198147402336,0.15923000883110433,0.6153846153846154,0.12698412698412698,0.2879581151832461,0.3088235294117647,,,,,,
4,outlier,10,Logistic Regression,smote,0.7599677809101892,0.1549731473718271,0.5384615384615384,0.1,0.3298429319371728,0.3431372549019608,64.0,684.0,117.0,131.0,0.15625,0.18850267379679145
4,outlier,10,SVM,none,0.8131292790978655,0.2209727880311358,0.0,,0.0,0.0,,,,,,
4,outlier,10,SVM,class_weight,0.8429319371727749,0.2994344745120798,0.38461538461538464,0.2,0.10471204188481675,0.12254901960784313,,,,,,
4,outlier,10,SVM,smote,0.770438985098671,0.2663606811656791,0.3076923076923077,0.18181818181818182,0.09424083769633508,0.10784313725490197,64.0,684.0,117.0,131.0,0.15625,0.18850267379679145
4,outlier,15,Logistic Regression,none,0.743455497382199,0.14100940716942603,0.0,0.0,0.020942408376963352,0.0196078431372549,,,,,,
4,outlier,15,Logistic Regression,class_weight,0.7583568264196536,0.1565555024845288,0.6153846153846154,0.13333333333333333,0.27225130890052357,0.29411764705882354,,,,,,
4,outlier,15,Logistic Regression,smote,0.7692307692307692,0.1680303942924747,0.5384615384615384,0.11290322580645161,0.2879581151832461,0.30392156862745096,69.0,674.0,158.0,165.0,0.21739130434782608,0.24226110363391656
4,outlier,15,SVM,none,0.7680225533628675,0.16104438940331756,0.0,0.0,0.005235602094240838,0.004901960784313725,,,,,,
4,outlier,15,SVM,class_weight,0.838099073701168,0.3083645268816482,0.3076923076923077,0.16,0.1099476439790576,0.12254901960784313,,,,,,
4,outlier,15,SVM,smote,0.770841723721305,0.2646442206406916,0.3076923076923077,0.19047619047619047,0.08900523560209424,0.10294117647058823,69.0,674.0,158.0,165.0,0.21739130434782608,0.24226110363391656
4,outlier,20,Logistic Regression,none,0.7309706000805478,0.14669003513582998,0.0,0.0,0.02617801047120419,0.024509803921568627,,,,,,
4,outlier,20,Logistic Regression,class_weight,0.7563431333064841,0.1607370761323634,0.5384615384615384,0.1206896551724138,0.2670157068062827,0.28431372549019607,,,,,,
4,outlier,20,Logistic Regression,smote,0.7507047925896093,0.18557538676285207,0.5384615384615384,0.11290322580645161,0.2879581151832461,0.30392156862745096,74.0,664.0,190.0,211.0,0.2702702702702703,0.3130081300813008
4,outlier,20,SVM,none,0.7801047120418848,0.15020774437902348,0.0,0.0,0.005235602094240838,0.004901960784313725,,,,,,
4,outlier,20,SVM,class_weight,0.8437374144180427,0.31327387462654344,0.38461538461538464,0.18518518518518517,0.11518324607329843,0.1323529411764706,,,,,,
4,outlier,20,SVM,smote,0.779701973419251,0.29252920691304274,0.38461538461538464,0.2,0.10471204188481675,0.12254901960784313,74.0,664.0,190.0,211.0,0.2702702702702703,0.3130081300813008
4,outlier,30,Logistic Regression,none,0.7172774869109948,0.13988799080673564,0.0,0.0,0.02617801047120419,0.024509803921568627,,,,,,
4,outlier,30,Logistic Regression,class_weight,0.7382198952879582,0.15111340153947092,0.5384615384615384,0.12280701754385964,0.2617801047120419,0.27941176470588236,,,,,,
4,outlier,30,Logistic Regression,smote,0.7559403946838501,0.1640460139979849,0.6923076923076923,0.13636363636363635,0.29842931937172773,0.3235294117647059,84.0,644.0,218.0,238.0,0.35714285714285715,0.36813186813186816
4,outlier,30,SVM,none,0.7861457913813935,0.1408090450355497,0.0,0.0,0.015706806282722512,0.014705882352941176,,,,,,
4,outlier,30,SVM,class_weight,0.8288360853805881,0.22830783402374405,0.38461538461538464,0.17857142857142858,0.12041884816753927,0.13725490196078433,,,,,,
4,outlier,30,SVM,smote,0.7784937575513492,0.23039901206215857,0.38461538461538464,0.20833333333333334,0.09947643979057591,0.11764705882352941,84.0,644.0,218.0,238.0,0.35714285714285715,0.36813186813186816
5,random,0,Logistic Regression,none,0.7905759162303665,0.2642338613383621,0.0,,0.0,0.0,,,,,,
5,random,0,Logistic Regression,class_weight,0.7869512686266612,0.22145844812073193,0.6923076923076923,0.14285714285714285,0.28272251308900526,0.3088235294117647,,,,,,
5,random,0,Logistic Regression,smote,0.8103101087394281,0.27656294087141237,0.6923076923076923,0.140625,0.2879581151832461,0.3137254901960784,54.0,704.0,0.0,0.0,0.0,0.0
5,random,0,SVM,none,0.801852597664116,0.3381453420044928,0.0,,0.0,0.0,,,,,,
5,random,0,SVM,class_weight,0.8566250503423279,0.2645417389482144,0.38461538461538464,0.2631578947368421,0.07329842931937172,0.09313725490196079,,,,,,
5,random,0,SVM,smote,0.8356826419653645,0.21833419703054927,0.15384615384615385,0.18181818181818182,0.04712041884816754,0.05392156862745098,54.0,704.0,0.0,0.0,0.0,0.0
5,random,2,Logistic Regression,none,0.7958115183246074,0.24701385336276285,0.0,,0.0,0.0,,,,,,
5,random,2,Logistic Regression,class_weight,0.7946033024567056,0.20608124676014414,0.8461538461538461,0.1746031746031746,0.27225130890052357,0.3088235294117647,,,,,,
5,random,2,Logistic Regression,smote,0.8163511880789368,0.23713857073138392,0.7692307692307693,0.16666666666666666,0.2617801047120419,0.29411764705882354,56.0,700.0,20.0,44.0,0.03571428571428571,0.06084656084656084
5,random,2,SVM,none,0.7857430527587597,0.33188054053501065,0.0,,0.0,0.0,,,,,,
5,random,2,SVM,class_weight,0.8586387434554974,0.3014082066678958,0.38461538461538464,0.21739130434782608,0.09424083769633508,0.11274509803921569,,,,,,
5,random,2,SVM,smote,0.8236004832863473,0.2616927815229585,0.15384615384615385,0.18181818181818182,0.04712041884816754,0.05392156862745098,56.0,700.0,20.0,44.0,0.03571428571428571,0.06084656084656084
5,random,5,Logistic Regression,none,0.7905759162303665,0.2426206253798227,0.0,,0.0,0.0,,,,,,
5,random,5,Logistic Regression,class_weight,0.7909786548530006,0.1970590711863829,0.8461538461538461,0.1774193548387097,0.2670157068062827,0.30392156862745096,,,,,,
5,random,5,Logistic Regression,smote,0.7942005638340719,0.20983871453422265,0.9230769230769231,0.19672131147540983,0.25654450261780104,0.29901960784313725,59.0,694.0,66.0,112.0,0.0847457627118644,0.1553784860557769
5,random,5,SVM,none,0.7563431333064841,0.29834746324565337,0.0,,0.0,0.0,,,,,,
5,random,5,SVM,class_weight,0.8517921868707209,0.2649962738069045,0.3076923076923077,0.2222222222222222,0.07329842931937172,0.08823529411764706,,,,,,
5,random,5,SVM,smote,0.7889649617398309,0.24055829157394884,0.15384615384615385,0.16666666666666666,0.05235602094240838,0.058823529411764705,59.0,694.0,66.0,112.0,0.0847457627118644,0.1553784860557769
5,random,10,Logistic Regression,none,0.7962142569472414,0.16674470274529485,0.0,,0.0,0.0,,,,,,
5,random,10,Logistic Regression,class_weight,0.7780910189287154,0.15034360064231672,0.9230769230769231,0.1643835616438356,0.3193717277486911,0.35784313725490197,,,,,,
5,random,10,Logistic Regression,smote,0.7813129279097866,0.1480888822304157,0.9230769230769231,0.16666666666666666,0.31413612565445026,0.35294117647058826,64.0,684.0,114.0,172.0,0.15625,0.24331550802139038
5,random,10,SVM,none,0.7539267015706805,0.3085330412639518,0.0,,0.0,0.0,,,,,,
5,random,10,SVM,class_weight,0.8497784937575514,0.2825422156066676,0.38461538461538464,0.21739130434782608,0.09424083769633508,0.11274509803921569,,,,,,
5,random,10,SVM,smote,0.801852597664116,0.22084133688742594,0.23076923076923078,0.21428571428571427,0.05759162303664921,0.06862745098039216,64.0,684.0,114.0,172.0,0.15625,0.24331550802139038
5,random,15,Logistic Regression,none,0.7772855416834474,0.22895613988023808,0.0,,0.0,0.0,,,,,,
5,random,15,Logistic Regression,class_weight,0.7531212243254128,0.2135543433574409,0.6923076923076923,0.1267605633802817,0.32460732984293195,0.3480392156862745,,,,,,
5,random,15,Logistic Regression,smote,0.7515102698348772,0.18882316123738224,0.6153846153846154,0.11764705882352941,0.31413612565445026,0.3333333333333333,69.0,674.0,162.0,247.0,0.21739130434782608,0.35262449528936746
5,random,15,SVM,none,0.7366089407974225,0.3639400631543268,0.0,,0.0,0.0,,,,,,
5,random,15,SVM,class_weight,0.8340716874748288,0.2632282606162716,0.46153846153846156,0.2222222222222222,0.1099476439790576,0.1323529411764706,,,,,,
5,random,15,SVM,smote,0.7849375755134917,0.20142628397260623,0.23076923076923078,0.21428571428571427,0.05759162303664921,0.06862745098039216,69.0,674.0,162.0,247.0,0.21739130434782608,0.35262449528936746
5,random,20,Logistic Regression,none,0.77446637132501,0.22162668692109228,0.0,,0.0,0.0,,,,,,
5,random,20,Logistic Regression,class_weight,0.7543294401933146,0.22652998458003265,0.6153846153846154,0.11594202898550725,0.3193717277486911,0.3382352941176471,,,,,,
5,random,20,Logistic Regression,smote,0.7708417237213049,0.21422425928472474,0.7692307692307693,0.13333333333333333,0.3403141361256545,0.36764705882352944,74.0,664.0,178.0,259.0,0.2702702702702703,0.3780487804878049
5,random,20,SVM,none,0.7422472815142972,0.29319385786679186,0.0,,0.0,0.0,,,,,,
5,random,20,SVM,class_weight,0.8534031413612565,0.25279925961984884,0.46153846153846156,0.18181818181818182,0.14136125654450263,0.16176470588235295,,,,,,
5,random,20,SVM,smote,0.7978252114377768,0.2045612874307334,0.23076923076923078,0.13636363636363635,0.09947643979057591,0.10784313725490197,74.0,664.0,178.0,259.0,0.2702702702702703,0.3780487804878049
5,random,30,Logistic Regression,none,0.7297623842126459,0.1482574290713794,0.0,,0.0,0.0,,,,,,
5,random,30,Logistic Regression,class_weight,0.7164720096657269,0.13063607600428015,0.6153846153846154,0.1095890410958904,0.3403141361256545,0.35784313725490197,,,,,,
5,random,30,Logistic Regression,smote,0.7180829641562626,0.18107688192772706,0.6923076923076923,0.11688311688311688,0.35602094240837695,0.37745098039215685,84.0,644.0,232.0,322.0,0.35714285714285715,0.4835164835164835
5,random,30,SVM,none,0.7547321788159485,0.3469906878382768,0.0,,0.0,0.0,,,,,,
5,random,30,SVM,class_weight,0.8453483689085783,0.22706457818774928,0.6153846153846154,0.23529411764705882,0.13612565445026178,0.16666666666666666,,,,,,
5,random,30,SVM,smote,0.819975835682642,0.20123068068755567,0.3076923076923077,0.19047619047619047,0.08900523560209424,0.10294117647058823,84.0,644.0,232.0,322.0,0.35714285714285715,0.4835164835164835
5,outlier,0,Logistic Regression,none,0.7905759162303665,0.2642338613383621,0.0,,0.0,0.0,,,,,,
5,outlier,0,Logistic Regression,class_weight,0.7869512686266612,0.22145844812073193,0.6923076923076923,0.14285714285714285,0.28272251308900526,0.3088235294117647,,,,,,
5,outlier,0,Logistic Regression,smote,0.8103101087394281,0.27656294087141237,0.6923076923076923,0.140625,0.2879581151832461,0.3137254901960784,54.0,704.0,0.0,0.0,0.0,0.0
5,outlier,0,SVM,none,0.801852597664116,0.3381453420044928,0.0,,0.0,0.0,,,,,,
5,outlier,0,SVM,class_weight,0.8566250503423279,0.2645417389482144,0.38461538461538464,0.2631578947368421,0.07329842931937172,0.09313725490196079,,,,,,
5,outlier,0,SVM,smote,0.8356826419653645,0.21833419703054927,0.15384615384615385,0.18181818181818182,0.04712041884816754,0.05392156862745098,54.0,704.0,0.0,0.0,0.0,0.0
5,outlier,2,Logistic Regression,none,0.7623842126459928,0.22959375774205815,0.07692307692307693,0.5,0.005235602094240838,0.00980392156862745,,,,,,
5,outlier,2,Logistic Regression,class_weight,0.7784937575513492,0.23207868117373243,0.6153846153846154,0.12903225806451613,0.28272251308900526,0.30392156862745096,,,,,,
5,outlier,2,Logistic Regression,smote,0.7869512686266613,0.30550422760300433,0.5384615384615384,0.11666666666666667,0.2774869109947644,0.29411764705882354,56.0,700.0,25.0,25.0,0.03571428571428571,0.03571428571428571
5,outlier,2,SVM,none,0.7998389045509464,0.3974660456880259,0.0,,0.0,0.0,,,,,,
5,outlier,2,SVM,class_weight,0.8582360048328634,0.2712469063699331,0.38461538461538464,0.2631578947368421,0.07329842931937172,0.09313725490196079,,,,,,
5,outlier,2,SVM,smote,0.8417237213048732,0.2604419483368059,0.15384615384615385,0.16666666666666666,0.05235602094240838,0.058823529411764705,56.0,700.0,25.0,25.0,0.03571428571428571,0.03571428571428571
5,outlier,5,Logistic Regression,none,0.7603705195328232,0.22532981681201497,0.0,0.0,0.005235602094240838,0.004901960784313725,,,,,,
5,outlier,5,Logistic Regression,class_weight,0.7998389045509464,0.2271045157325366,0.9230769230769231,0.1791044776119403,0.2879581151832461,0.3284313725490196,,,,,,
5,outlier,5,Logistic Regression,smote,0.8119210632299638,0.2860789043607388,0.6923076923076923,0.14285714285714285,0.28272251308900526,0.3088235294117647,59.0,694.0,62.0,66.0,0.0847457627118644,0.09428950863213811
5,outlier,5,SVM,none,0.7801047120418849,0.3894016578492855,0.0,,0.0,0.0,,,,,,
5,outlier,5,SVM,class_weight,0.8546113572291583,0.2819254756471345,0.38461538461538464,0.2631578947368421,0.07329842931937172,0.09313725490196079,,,,,,
5,outlier,5,SVM,smote,0.8513894482480869,0.2886196558677333,0.15384615384615385,0.18181818181818182,0.04712041884816754,0.05392156862745098,59.0,694.0,62.0,66.0,0.0847457627118644,0.09428950863213811
5,outlier,10,Logistic Regression,none,0.7301651228352799,0.20547260130173345,0.07692307692307693,0.5,0.005235602094240838,0.00980392156862745,,,,,,
5,outlier,10,Logistic Regression,class_weight,0.7869512686266613,0.22820754086249387,0.6923076923076923,0.13846153846153847,0.2931937172774869,0.31862745098039214,,,,,,
5,outlier,10,Logistic Regression,smote,0.7889649617398309,0.2854708988568879,0.6153846153846154,0.125,0.2931937172774869,0.3137254901960784,64.0,684.0,113.0,119.0,0.15625,0.17245989304812834
5,outlier,10,SVM,none,0.757148610551752,0.27280342692121273,0.0,,0.0,0.0,,,,,,
5,outlier,10,SVM,class_weight,0.8594442207007653,0.2992685254359526,0.38461538461538464,0.25,0.07853403141361257,0.09803921568627451,,,,,,
5,outlier,10,SVM,smote,0.8437374144180426,0.23735709540940894,0.15384615384615385,0.15384615384615385,0.05759162303664921,0.06372549019607843,64.0,684.0,113.0,119.0,0.15625,0.17245989304812834
5,outlier,15,Logistic Regression,none,0.7519130084575111,0.20319288123119253,0.15384615384615385,0.6666666666666666,0.005235602094240838,0.014705882352941176,,,,,,
5,outlier,15,Logistic Regression,class_weight,0.7946033024567056,0.22421681114022038,0.7692307692307693,0.15151515151515152,0.2931937172774869,0.3235294117647059,,,,,,
5,outlier,15,Logistic Regression,smote,0.7970197341925092,0.24478581721193085,0.6153846153846154,0.12698412698412698,0.2879581151832461,0.3088235294117647,69.0,674.0,155.0,158.0,0.21739130434782608,0.23283983849259757
5,outlier,15,SVM,none,0.738622633910592,0.19225550774697314,0.0,,0.0,0.0,,,,,,
5,outlier,15,SVM,class_weight,0.859846959323399,0.29499505548109073,0.38461538461538464,0.2631578947368421,0.07329842931937172,0.09313725490196079,,,,,,
5,outlier,15,SVM,smote,0.8578332662102295,0.2694483878921784,0.15384615384615385,0.16666666666666666,0.05235602094240838,0.058823529411764705,69.0,674.0,155.0,158.0,0.21739130434782608,0.23283983849259757
5,outlier,20,Logistic Regression,none,0.7688280306081354,0.21147026973835178,0.15384615384615385,0.5,0.010471204188481676,0.0196078431372549,,,,,,
5,outlier,20,Logistic Regression,class_weight,0.801449859041482,0.2264103322017663,0.7692307692307693,0.16393442622950818,0.2670157068062827,0.29901960784313725,,,,,,
5,outlier,20,Logistic Regression,smote,0.8332662102295609,0.30455751674986814,0.6923076923076923,0.14754098360655737,0.27225130890052357,0.29901960784313725,74.0,664.0,187.0,195.0,0.2702702702702703,0.29132791327913277
5,outlier,20,SVM,none,0.7732581554571083,0.18253880971103614,0.0,,0.0,0.0,,,,,,
5,outlier,20,SVM,class_weight,0.8723318566250504,0.3541270234926639,0.38461538461538464,0.2777777777777778,0.06806282722513089,0.08823529411764706,,,,,,
5,outlier,20,SVM,smote,0.8687072090213451,0.3216895706147025,0.38461538461538464,0.2777777777777778,0.06806282722513089,0.08823529411764706,74.0,664.0,187.0,195.0,0.2702702702702703,0.29132791327913277
5,outlier,30,Logistic Regression,none,0.7736608940797423,0.22463814556191045,0.15384615384615385,0.4,0.015706806282722512,0.024509803921568627,,,,,,
5,outlier,30,Logistic Regression,class_weight,0.7950060410793395,0.22104106589944025,0.6923076923076923,0.14516129032258066,0.2774869109947644,0.30392156862745096,,,,,,
5,outlier,30,Logistic Regression,smote,0.8119210632299637,0.21942735952272163,0.6923076923076923,0.15254237288135594,0.2617801047120419,0.28921568627450983,84.0,644.0,229.0,256.0,0.35714285714285715,0.39285714285714285
5,outlier,30,SVM,none,0.7438582360048329,0.14715917985017618,0.0,0.0,0.005235602094240838,0.004901960784313725,,,,,,
5,outlier,30,SVM,class_weight,0.8530004027386225,0.2813688416998864,0.38461538461538464,0.23809523809523808,0.08376963350785341,0.10294117647058823,,,,,,
5,outlier,30,SVM,smote,0.8598469593233992,0.2546485585229613,0.3076923076923077,0.21052631578947367,0.07853403141361257,0.09313725490196079,84.0,644.0,229.0,256.0,0.35714285714285715,0.39285714285714285
6,random,0,Logistic Regression,none,0.8884414015304067,0.40036021471751904,0.0,,0.0,0.0,,,,,,
6,random,0,Logistic Regression,class_weight,0.8848167539267016,0.5082567984750416,0.8461538461538461,0.1506849315068493,0.32460732984293195,0.35784313725490197,,,,,,
6,random,0,Logistic Regression,smote,0.8904550946435763,0.4604757784114924,0.9230769230769231,0.1875,0.27225130890052357,0.3137254901960784,54.0,704.0,0.0,0.0,0.0,0.0
6,random,0,SVM,none,0.7688280306081353,0.3451647000424011,0.0,,0.0,0.0,,,,,,
6,random,0,SVM,class_weight,0.8268223922674185,0.2408099493162723,0.46153846153846156,0.2608695652173913,0.08900523560209424,0.11274509803921569,,,,,,
6,random,0,SVM,smote,0.8352799033427305,0.19572664784857408,0.15384615384615385,0.18181818181818182,0.04712041884816754,0.05392156862745098,54.0,704.0,0.0,0.0,0.0,0.0
6,random,2,Logistic Regression,none,0.8912605718888441,0.3600165410120161,0.0,,0.0,0.0,,,,,,
6,random,2,Logistic Regression,class_weight,0.8920660491341119,0.56101617288141,0.8461538461538461,0.16176470588235295,0.29842931937172773,0.3333333333333333,,,,,,
6,random,2,Logistic Regression,smote,0.8997180829641562,0.4402536918243535,0.9230769230769231,0.17142857142857143,0.3036649214659686,0.3431372549019608,56.0,700.0,15.0,27.0,0.03571428571428571,0.03835978835978836
6,random,2,SVM,none,0.7772855416834474,0.3081054591198366,0.0,,0.0,0.0,,,,,,
6,random,2,SVM,class_weight,0.8368908578332662,0.24162422845917125,0.38461538461538464,0.23809523809523808,0.08376963350785341,0.10294117647058823,,,,,,
6,random,2,SVM,smote,0.8248086991542489,0.1891642415728665,0.15384615384615385,0.13333333333333333,0.06806282722513089,0.07352941176470588,56.0,700.0,15.0,27.0,0.03571428571428571,0.03835978835978836
6,random,5,Logistic Regression,none,0.8973016512283528,0.37303346496710343,0.0,,0.0,0.0,,,,,,
6,random,5,Logistic Regression,class_weight,0.8981071284736207,0.529669469533834,0.9230769230769231,0.1791044776119403,0.2879581151832461,0.3284313725490196,,,,,,
6,random,5,Logistic Regression,smote,0.8973016512283528,0.5200389584872342,0.9230769230769231,0.19047619047619047,0.2670157068062827,0.3088235294117647,59.0,694.0,53.0,101.0,0.0847457627118644,0.1407702523240372
6,random,5,SVM,none,0.8002416431735804,0.3149645582867202,0.0,,0.0,0.0,,,,,,
6,random,5,SVM,class_weight,0.8517921868707208,0.263871087990147,0.46153846153846156,0.2608695652173913,0.08900523560209424,0.11274509803921569,,,,,,
6,random,5,SVM,smote,0.8417237213048732,0.20304213913859165,0.15384615384615385,0.13333333333333333,0.06806282722513089,0.07352941176470588,59.0,694.0,53.0,101.0,0.0847457627118644,0.1407702523240372
6,random,10,Logistic Regression,none,0.8791784132098268,0.3036679443157176,0.0,,0.0,0.0,,,,,,
6,random,10,Logistic Regression,class_weight,0.8542086186065244,0.3624161598382601,0.9230769230769231,0.16901408450704225,0.3089005235602094,0.3480392156862745,,,,,,
6,random,10,Logistic Regression,smote,0.8457511075312123,0.3070214582904333,0.9230769230769231,0.17647058823529413,0.2931937172774869,0.3333333333333333,64.0,684.0,93.0,183.0,0.15625,0.2580213903743315
6,random,10,SVM,none,0.8014498590414821,0.2574530740495248,0.0,,0.0,0.0,,,,,,
6,random,10,SVM,class_weight,0.8385018123238018,0.23016761473539055,0.46153846153846156,0.20689655172413793,0.12041884816753927,0.14215686274509803,,,,,,
6,random,10,SVM,smote,0.8248086991542489,0.17334901908511313,0.15384615384615385,0.125,0.07329842931937172,0.0784313725490196,64.0,684.0,93.0,183.0,0.15625,0.2580213903743315
6,random,15,Logistic Regression,none,0.8731373338703182,0.3040455576169862,0.0,,0.0,0.0,,,,,,
6,random,15,Logistic Regression,class_weight,0.8437374144180427,0.2994951986600151,0.9230769230769231,0.17142857142857143,0.3036649214659686,0.3431372549019608,,,,,,
6,random,15,Logistic Regression,smote,0.8819975835682642,0.2680747260451093,0.9230769230769231,0.1791044776119403,0.2879581151832461,0.3284313725490196,69.0,674.0,153.0,260.0,0.21739130434782608,0.37012113055181695
6,random,15,SVM,none,0.8082964156262586,0.3227148699981826,0.0,,0.0,0.0,,,,,,
6,random,15,SVM,class_weight,0.8505839710028191,0.26384405165850977,0.5384615384615384,0.21875,0.13089005235602094,0.1568627450980392,,,,,,
6,random,15,SVM,smote,0.8324607329842931,0.1956878753004172,0.07692307692307693,0.0625,0.07853403141361257,0.0784313725490196,69.0,674.0,153.0,260.0,0.21739130434782608,0.37012113055181695
6,random,20,Logistic Regression,none,0.8679017317760773,0.25977129827624407,0.0,,0.0,0.0,,,,,,
6,random,20,Logistic Regression,class_weight,0.8562223117196939,0.2841233342547802,0.8461538461538461,0.1527777777777778,0.3193717277486911,0.35294117647058826,,,,,,
6,random,20,Logistic Regression,smote,0.8787756745871929,0.299181336114658,1.0,0.16883116883116883,0.33507853403141363,0.37745098039215685,74.0,664.0,162.0,259.0,0.2702702702702703,0.3780487804878049
6,random,20,SVM,none,0.779299234796617,0.22780020991827163,0.0,,0.0,0.0,,,,,,
6,random,20,SVM,class_weight,0.8352799033427306,0.26441070797001953,0.5384615384615384,0.21212121212121213,0.13612565445026178,0.16176470588235295,,,,,,
6,random,20,SVM,smote,0.8091018928715263,0.18875570060902422,0.23076923076923078,0.15,0.08900523560209424,0.09803921568627451,74.0,664.0,162.0,259.0,0.2702702702702703,0.3780487804878049
6,random,30,Logistic Regression,none,0.8465565847764801,0.22421354636743188,0.0,,0.0,0.0,,,,,,
6,random,30,Logistic Regression,class_weight,0.8429319371727749,0.2250850838625613,0.9230769230769231,0.16216216216216217,0.32460732984293195,0.3627450980392157,,,,,,
6,random,30,Logistic Regression,smote,0.8558195730970599,0.23489580924178444,0.9230769230769231,0.1643835616438356,0.3193717277486911,0.35784313725490197,84.0,644.0,217.0,357.0,0.35714285714285715,0.5315934065934066
6,random,30,SVM,none,0.7583568264196536,0.2217267210189325,0.0,,0.0,0.0,,,,,,
6,random,30,SVM,class_weight,0.8308497784937576,0.30525250209850924,0.6153846153846154,0.1951219512195122,0.17277486910994763,0.20098039215686275,,,,,,
6,random,30,SVM,smote,0.7954087797019734,0.1837244428296414,0.23076923076923078,0.14285714285714285,0.09424083769633508,0.10294117647058823,84.0,644.0,217.0,357.0,0.35714285714285715,0.5315934065934066
6,outlier,0,Logistic Regression,none,0.8884414015304067,0.40036021471751904,0.0,,0.0,0.0,,,,,,
6,outlier,0,Logistic Regression,class_weight,0.8848167539267016,0.5082567984750416,0.8461538461538461,0.1506849315068493,0.32460732984293195,0.35784313725490197,,,,,,
6,outlier,0,Logistic Regression,smote,0.8904550946435763,0.4604757784114924,0.9230769230769231,0.1875,0.27225130890052357,0.3137254901960784,54.0,704.0,0.0,0.0,0.0,0.0
6,outlier,0,SVM,none,0.7688280306081353,0.3451647000424011,0.0,,0.0,0.0,,,,,,
6,outlier,0,SVM,class_weight,0.8268223922674185,0.2408099493162723,0.46153846153846156,0.2608695652173913,0.08900523560209424,0.11274509803921569,,,,,,
6,outlier,0,SVM,smote,0.8352799033427305,0.19572664784857408,0.15384615384615385,0.18181818181818182,0.04712041884816754,0.05392156862745098,54.0,704.0,0.0,0.0,0.0,0.0
6,outlier,2,Logistic Regression,none,0.8860249697946033,0.4822661409387073,0.0,,0.0,0.0,,,,,,
6,outlier,2,Logistic Regression,class_weight,0.8884414015304067,0.5620631827189204,0.8461538461538461,0.16176470588235295,0.29842931937172773,0.3333333333333333,,,,,,
6,outlier,2,Logistic Regression,smote,0.8936770036246475,0.46878016981851467,0.9230769230769231,0.1791044776119403,0.2879581151832461,0.3284313725490196,56.0,700.0,25.0,25.0,0.03571428571428571,0.03571428571428571
6,outlier,2,SVM,none,0.7631896898912605,0.3535180861081414,0.0,,0.0,0.0,,,,,,
6,outlier,2,SVM,class_weight,0.8268223922674185,0.2477142971084733,0.46153846153846156,0.2727272727272727,0.08376963350785341,0.10784313725490197,,,,,,
6,outlier,2,SVM,smote,0.833266210229561,0.2025839993973958,0.15384615384615385,0.18181818181818182,0.04712041884816754,0.05392156862745098,56.0,700.0,25.0,25.0,0.03571428571428571,0.03571428571428571
6,outlier,5,Logistic Regression,none,0.8751510269834877,0.5065821276080608,0.0,,0.0,0.0,,,,,,
6,outlier,5,Logistic Regression,class_weight,0.8731373338703181,0.48930810835654254,0.9230769230769231,0.17142857142857143,0.3036649214659686,0.3431372549019608,,,,,,
6,outlier,5,Logistic Regression,smote,0.8791784132098269,0.47642396052140723,0.8461538461538461,0.16923076923076924,0.28272251308900526,0.31862745098039214,59.0,694.0,46.0,50.0,0.0847457627118644,0.07304116865869854
6,outlier,5,SVM,none,0.7595650422875554,0.3011622308366582,0.0,,0.0,0.0,,,,,,
6,outlier,5,SVM,class_weight,0.8167539267015707,0.25878865953019203,0.46153846153846156,0.2727272727272727,0.08376963350785341,0.10784313725490197,,,,,,
6,outlier,5,SVM,smote,0.8288360853805881,0.1950669571974536,0.15384615384615385,0.15384615384615385,0.05759162303664921,0.06372549019607843,59.0,694.0,46.0,50.0,0.0847457627118644,0.07304116865869854
6,outlier,10,Logistic Regression,none,0.8699154248892469,0.42525343527367815,0.0,,0.0,0.0,,,,,,
6,outlier,10,Logistic Regression,class_weight,0.8719291180024165,0.43169068655835513,0.8461538461538461,0.171875,0.2774869109947644,0.3137254901960784,,,,,,
6,outlier,10,Logistic Regression,smote,0.8735400724929521,0.4528361536888058,0.8461538461538461,0.1774193548387097,0.2670157068062827,0.30392156862745096,64.0,684.0,111.0,114.0,0.15625,0.1657754010695187
6,outlier,10,SVM,none,0.7527184857027789,0.2538861924189935,0.0,,0.0,0.0,,,,,,
6,outlier,10,SVM,class_weight,0.8179621425694724,0.2709858682461422,0.46153846153846156,0.2608695652173913,0.08900523560209424,0.11274509803921569,,,,,,
6,outlier,10,SVM,smote,0.8300443012484897,0.22660624121326461,0.23076923076923078,0.1875,0.06806282722513089,0.0784313725490196,64.0,684.0,111.0,114.0,0.15625,0.1657754010695187
6,outlier,15,Logistic Regression,none,0.8715263793797825,0.43919542947889245,0.07692307692307693,1.0,0.0,0.004901960784313725,,,,,,
6,outlier,15,Logistic Regression,class_weight,0.882803060813532,0.44139769799228373,0.8461538461538461,0.1774193548387097,0.2670157068062827,0.30392156862745096,,,,,,
6,outlier,15,Logistic Regression,smote,0.901329037454692,0.47987110811885103,0.8461538461538461,0.21153846153846154,0.21465968586387435,0.2549019607843137,69.0,674.0,148.0,153.0,0.21739130434782608,0.22611036339165544
6,outlier,15,SVM,none,0.743455497382199,0.2979701362576764,0.0,,0.0,0.0,,,,,,
6,outlier,15,SVM,class_weight,0.8449456302859445,0.29392043213959,0.46153846153846156,0.2857142857142857,0.07853403141361257,0.10294117647058823,,,,,,
6,outlier,15,SVM,smote,0.846959323399114,0.2479262162800968,0.38461538461538464,0.3125,0.05759162303664921,0.0784313725490196,69.0,674.0,148.0,153.0,0.21739130434782608,0.22611036339165544
6,outlier,20,Logistic Regression,none,0.8654853000402739,0.40791997747575265,0.07692307692307693,1.0,0.0,0.004901960784313725,,,,,,
6,outlier,20,Logistic Regression,class_weight,0.8791784132098268,0.4504823742829981,0.8461538461538461,0.18032786885245902,0.2617801047120419,0.29901960784313725,,,,,,
6,outlier,20,Logistic Regression,smote,0.883205799436166,0.459688911870409,0.8461538461538461,0.18032786885245902,0.2617801047120419,0.29901960784313725,74.0,664.0,195.0,207.0,0.2702702702702703,0.3075880758807588
6,outlier,20,SVM,none,0.7446637132501006,0.2883458261168292,0.0,,0.0,0.0,,,,,,
6,outlier,20,SVM,class_weight,0.8582360048328636,0.3230351236112702,0.46153846153846156,0.2727272727272727,0.08376963350785341,0.10784313725490197,,,,,,
6,outlier,20,SVM,smote,0.8360853805879984,0.2670899896069488,0.38461538461538464,0.3125,0.05759162303664921,0.0784313725490196,74.0,664.0,195.0,207.0,0.2702702702702703,0.3075880758807588
6,outlier,30,Logistic Regression,none,0.8437374144180427,0.4621101099931895,0.07692307692307693,1.0,0.0,0.004901960784313725,,,,,,
6,outlier,30,Logistic Regression,class_weight,0.8723318566250504,0.47078635296544646,0.8461538461538461,0.2037037037037037,0.225130890052356,0.2647058823529412,,,,,,
6,outlier,30,Logistic Regression,smote,0.8968989126057189,0.4588931804125191,0.9230769230769231,0.23529411764705882,0.20418848167539266,0.25,84.0,644.0,229.0,251.0,0.35714285714285715,0.385989010989011
6,outlier,30,SVM,none,0.7857430527587596,0.24427103052631832,0.0,0.0,0.005235602094240838,0.004901960784313725,,,,,,
6,outlier,30,SVM,class_weight,0.883205799436166,0.33869454045224123,0.5384615384615384,0.3181818181818182,0.07853403141361257,0.10784313725490197,,,,,,
6,outlier,30,SVM,smote,0.8707209021345147,0.28042627332454473,0.38461538461538464,0.2631578947368421,0.07329842931937172,0.09313725490196079,84.0,644.0,229.0,251.0,0.35714285714285715,0.385989010989011
7,random,0,Logistic Regression,none,0.6314941602899717,0.09146749363910602,0.0,0.0,0.015706806282722512,0.014705882352941176,,,,,,
7,random,0,Logistic Regression,class_weight,0.6335078534031414,0.09288288717855163,0.3076923076923077,0.07407407407407407,0.2617801047120419,0.2647058823529412,,,,,,
7,random,0,Logistic Regression,smote,0.6314941602899717,0.09872994843350102,0.3076923076923077,0.08163265306122448,0.2356020942408377,0.24019607843137256,54.0,704.0,0.0,0.0,0.0,0.0
7,random,0,SVM,none,0.6298832057994361,0.17787707927069277,0.0,,0.0,0.0,,,,,,
7,random,0,SVM,class_weight,0.7370116794200564,0.17844591872004267,0.23076923076923078,0.21428571428571427,0.05759162303664921,0.06862745098039216,,,,,,
7,random,0,SVM,smote,0.7213048731373339,0.18904216997678291,0.15384615384615385,0.25,0.031413612565445025,0.0392156862745098,54.0,704.0,0.0,0.0,0.0,0.0
7,random,2,Logistic Regression,none,0.6226339105920258,0.08974156311952071,0.0,0.0,0.015706806282722512,0.014705882352941176,,,,,,
7,random,2,Logistic Regression,class_weight,0.6266612968183649,0.0888556081491158,0.3076923076923077,0.07272727272727272,0.2670157068062827,0.2696078431372549,,,,,,
7,random,2,Logistic Regression,smote,0.6270640354409988,0.0932515461752503,0.3076923076923077,0.08,0.24083769633507854,0.24509803921568626,56.0,700.0,19.0,31.0,0.03571428571428571,0.04365079365079365
7,random,2,SVM,none,0.612968183648812,0.18078017645357125,0.0,,0.0,0.0,,,,,,
7,random,2,SVM,class_weight,0.7325815545710834,0.17785170935501604,0.23076923076923078,0.1875,0.06806282722513089,0.0784313725490196,,,,,,
7,random,2,SVM,smote,0.7088199758356827,0.19880482899007318,0.23076923076923078,0.3,0.03664921465968586,0.049019607843137254,56.0,700.0,19.0,31.0,0.03571428571428571,0.04365079365079365
7,random,5,Logistic Regression,none,0.626258558195731,0.09072605439819668,0.0,0.0,0.015706806282722512,0.014705882352941176,,,,,,
7,random,5,Logistic Regression,class_weight,0.6343133306484092,0.0936575087423957,0.38461538461538464,0.08196721311475409,0.2931937172774869,0.29901960784313725,,,,,,
7,random,5,Logistic Regression,smote,0.6278695126862667,0.09955178267672232,0.3076923076923077,0.07272727272727272,0.2670157068062827,0.2696078431372549,59.0,694.0,53.0,103.0,0.0847457627118644,0.14342629482071714
7,random,5,SVM,none,0.603705195328232,0.1614570834053234,0.0,,0.0,0.0,,,,,,
7,random,5,SVM,class_weight,0.7144583165525573,0.18573957577351022,0.3076923076923077,0.21052631578947367,0.07853403141361257,0.09313725490196079,,,,,,
7,random,5,SVM,smote,0.6878775674587193,0.18999689703044992,0.23076923076923078,0.21428571428571427,0.05759162303664921,0.06862745098039216,59.0,694.0,53.0,103.0,0.0847457627118644,0.14342629482071714
7,random,10,Logistic Regression,none,0.6121627064035441,0.08864808789695745,0.0,0.0,0.005235602094240838,0.004901960784313725,,,,,,
7,random,10,Logistic Regression,class_weight,0.6121627064035442,0.09061768544805449,0.46153846153846156,0.09375,0.3036649214659686,0.3137254901960784,,,,,,
7,random,10,Logistic Regression,smote,0.6000805477245268,0.09215389229057958,0.38461538461538464,0.08928571428571429,0.2670157068062827,0.27450980392156865,64.0,684.0,97.0,163.0,0.15625,0.23128342245989306
7,random,10,SVM,none,0.5823600483286347,0.15742007934778757,0.0,,0.0,0.0,,,,,,
7,random,10,SVM,class_weight,0.6677406363270237,0.21032942706619892,0.3076923076923077,0.19047619047619047,0.08900523560209424,0.10294117647058823,,,,,,
7,random,10,SVM,smote,0.6061216270640354,0.19532871036369584,0.23076923076923078,0.1875,0.06806282722513089,0.0784313725490196,64.0,684.0,97.0,163.0,0.15625,0.23128342245989306
7,random,15,Logistic Regression,none,0.6109544905356423,0.08847490145564268,0.0,,0.0,0.0,,,,,,
7,random,15,Logistic Regression,class_weight,0.6097462746677407,0.08972868126910344,0.46153846153846156,0.1016949152542373,0.2774869109947644,0.28921568627450983,,,,,,
7,random,15,Logistic Regression,smote,0.6045106725734998,0.08930400816061303,0.38461538461538464,0.08620689655172414,0.2774869109947644,0.28431372549019607,69.0,674.0,131.0,219.0,0.21739130434782608,0.3149394347240915
7,random,15,SVM,none,0.5501409585179219,0.19491885543028784,0.0,,0.0,0.0,,,,,,
7,random,15,SVM,class_weight,0.684655658477648,0.20057328023355717,0.23076923076923078,0.15,0.08900523560209424,0.09803921568627451,,,,,,
7,random,15,SVM,smote,0.6202174788562224,0.18136431177551415,0.23076923076923078,0.2,0.06282722513089005,0.07352941176470588,69.0,674.0,131.0,219.0,0.21739130434782608,0.3149394347240915
7,random,20,Logistic Regression,none,0.5884011276681433,0.0842401806286517,0.0,,0.0,0.0,,,,,,
7,random,20,Logistic Regression,class_weight,0.5908175594039469,0.08589881914371827,0.3076923076923077,0.06896551724137931,0.28272251308900526,0.28431372549019607,,,,,,
7,random,20,Logistic Regression,smote,0.5670559806685461,0.08425119636480696,0.38461538461538464,0.08928571428571429,0.2670157068062827,0.27450980392156865,74.0,664.0,157.0,272.0,0.2702702702702703,0.3956639566395664
7,random,20,SVM,none,0.5432944019331454,0.18393923952299363,0.0,,0.0,0.0,,,,,,
7,random,20,SVM,class_weight,0.6359242851389448,0.1829943395809375,0.23076923076923078,0.10714285714285714,0.13089005235602094,0.13725490196078433,,,,,,
7,random,20,SVM,smote,0.6186065243656866,0.17823001326670618,0.15384615384615385,0.125,0.07329842931937172,0.0784313725490196,74.0,664.0,157.0,272.0,0.2702702702702703,0.3956639566395664
7,random,30,Logistic Regression,none,0.5763189689891262,0.07943071949025853,0.0,,0.0,0.0,,,,,,
7,random,30,Logistic Regression,class_weight,0.5847764800644382,0.08048916897692929,0.46153846153846156,0.08571428571428572,0.33507853403141363,0.3431372549019608,,,,,,
7,random,30,Logistic Regression,smote,0.5755134917438582,0.08334981408991482,0.46153846153846156,0.0821917808219178,0.3507853403141361,0.35784313725490197,84.0,644.0,242.0,362.0,0.35714285714285715,0.5384615384615384
7,random,30,SVM,none,0.5457108336689489,0.14389919538958842,0.0,,0.0,0.0,,,,,,
7,random,30,SVM,class_weight,0.6073298429319371,0.16995390966398635,0.38461538461538464,0.125,0.18324607329842932,0.19607843137254902,,,,,,
7,random,30,SVM,smote,0.6024969794603302,0.16574640576037242,0.23076923076923078,0.13043478260869565,0.10471204188481675,0.11274509803921569,84.0,644.0,242.0,362.0,0.35714285714285715,0.5384615384615384
7,outlier,0,Logistic Regression,none,0.6314941602899717,0.09146749363910602,0.0,0.0,0.015706806282722512,0.014705882352941176,,,,,,
7,outlier,0,Logistic Regression,class_weight,0.6335078534031414,0.09288288717855163,0.3076923076923077,0.07407407407407407,0.2617801047120419,0.2647058823529412,,,,,,
7,outlier,0,Logistic Regression,smote,0.6314941602899717,0.09872994843350102,0.3076923076923077,0.08163265306122448,0.2356020942408377,0.24019607843137256,54.0,704.0,0.0,0.0,0.0,0.0
7,outlier,0,SVM,none,0.6298832057994361,0.17787707927069277,0.0,,0.0,0.0,,,,,,
7,outlier,0,SVM,class_weight,0.7370116794200564,0.17844591872004267,0.23076923076923078,0.21428571428571427,0.05759162303664921,0.06862745098039216,,,,,,
7,outlier,0,SVM,smote,0.7213048731373339,0.18904216997678291,0.15384615384615385,0.25,0.031413612565445025,0.0392156862745098,54.0,704.0,0.0,0.0,0.0,0.0
7,outlier,2,Logistic Regression,none,0.6653242045912202,0.09664307086018326,0.0,0.0,0.010471204188481676,0.00980392156862745,,,,,,
7,outlier,2,Logistic Regression,class_weight,0.6665324204591221,0.09881781244635728,0.3076923076923077,0.08163265306122448,0.2356020942408377,0.24019607843137256,,,,,,
7,outlier,2,Logistic Regression,smote,0.6560612162706404,0.10054611222535399,0.3076923076923077,0.08695652173913043,0.2198952879581152,0.22549019607843138,56.0,700.0,17.0,17.0,0.03571428571428571,0.02513227513227513
7,outlier,2,SVM,none,0.6145791381393476,0.16702751166591517,0.0,,0.0,0.0,,,,,,
7,outlier,2,SVM,class_weight,0.7382198952879582,0.17707226413870905,0.23076923076923078,0.21428571428571427,0.05759162303664921,0.06862745098039216,,,,,,
7,outlier,2,SVM,smote,0.7245267821184052,0.1851552720522338,0.15384615384615385,0.25,0.031413612565445025,0.0392156862745098,56.0,700.0,17.0,17.0,0.03571428571428571,0.02513227513227513
7,outlier,5,Logistic Regression,none,0.6943213854208619,0.10202018863122658,0.0,0.0,0.010471204188481676,0.00980392156862745,,,,,,
7,outlier,5,Logistic Regression,class_weight,0.6915022150624245,0.10861964960907058,0.5384615384615384,0.12727272727272726,0.2513089005235602,0.2696078431372549,,,,,,
7,outlier,5,Logistic Regression,smote,0.6870720902134515,0.10701344635903356,0.46153846153846156,0.10909090909090909,0.25654450261780104,0.2696078431372549,59.0,694.0,62.0,67.0,0.0847457627118644,0.09561752988047809
7,outlier,5,SVM,none,0.6467982279500605,0.16701451924303662,0.0,,0.0,0.0,,,,,,
7,outlier,5,SVM,class_weight,0.7523157470801449,0.17918275653932914,0.23076923076923078,0.21428571428571427,0.05759162303664921,0.06862745098039216,,,,,,
7,outlier,5,SVM,smote,0.7724526782118405,0.1953920496218346,0.15384615384615385,0.2222222222222222,0.03664921465968586,0.04411764705882353,59.0,694.0,62.0,67.0,0.0847457627118644,0.09561752988047809
7,outlier,10,Logistic Regression,none,0.6971405557792992,0.11107967687794433,0.0,0.0,0.015706806282722512,0.014705882352941176,,,,,,
7,outlier,10,Logistic Regression,class_weight,0.6906967378171567,0.11550285210785549,0.5384615384615384,0.12962962962962962,0.24607329842931938,0.2647058823529412,,,,,,
7,outlier,10,Logistic Regression,smote,0.6890857833266211,0.10817999588467395,0.5384615384615384,0.12280701754385964,0.2617801047120419,0.27941176470588236,64.0,684.0,131.0,140.0,0.15625,0.20053475935828877
7,outlier,10,SVM,none,0.6467982279500604,0.14309292112514946,0.0,,0.0,0.0,,,,,,
7,outlier,10,SVM,class_weight,0.7442609746274668,0.1686464951486025,0.23076923076923078,0.2,0.06282722513089005,0.07352941176470588,,,,,,
7,outlier,10,SVM,smote,0.7599677809101892,0.1874442235408401,0.15384615384615385,0.2222222222222222,0.03664921465968586,0.04411764705882353,64.0,684.0,131.0,140.0,0.15625,0.20053475935828877
7,outlier,15,Logistic Regression,none,0.6717680225533629,0.11306176111333713,0.0,0.0,0.015706806282722512,0.014705882352941176,,,,,,
7,outlier,15,Logistic Regression,class_weight,0.6782118405155054,0.1277986619138961,0.46153846153846156,0.12,0.23036649214659685,0.24509803921568626,,,,,,
7,outlier,15,Logistic Regression,smote,0.6681433749496577,0.12248189112534708,0.46153846153846156,0.1111111111111111,0.2513089005235602,0.2647058823529412,69.0,674.0,144.0,154.0,0.21739130434782608,0.2274562584118439
7,outlier,15,SVM,none,0.6633105114780508,0.12512066846062733,0.0,,0.0,0.0,,,,,,
7,outlier,15,SVM,class_weight,0.7579540877970198,0.1805396200500999,0.23076923076923078,0.2,0.06282722513089005,0.07352941176470588,,,,,,
7,outlier,15,SVM,smote,0.7490938380990737,0.20967448513569328,0.23076923076923078,0.3,0.03664921465968586,0.049019607843137254,69.0,674.0,144.0,154.0,0.21739130434782608,0.2274562584118439
7,outlier,20,Logistic Regression,none,0.6480064438179621,0.10921401149408982,0.0,0.0,0.020942408376963352,0.0196078431372549,,,,,,
7,outlier,20,Logistic Regression,class_weight,0.6568666935159081,0.1223246749217028,0.46153846153846156,0.12244897959183673,0.225130890052356,0.24019607843137256,,,,,,
7,outlier,20,Logistic Regression,smote,0.6459927507047927,0.12758981186545185,0.38461538461538464,0.10416666666666667,0.225130890052356,0.23529411764705882,74.0,664.0,173.0,190.0,0.2702702702702703,0.2845528455284553
7,outlier,20,SVM,none,0.6721707611759968,0.11604638366080866,0.0,,0.0,0.0,,,,,,
7,outlier,20,SVM,class_weight,0.7466774063632702,0.16128511720171673,0.3076923076923077,0.19047619047619047,0.08900523560209424,0.10294117647058823,,,,,,
7,outlier,20,SVM,smote,0.7446637132501007,0.18689600692482228,0.3076923076923077,0.25,0.06282722513089005,0.0784313725490196,74.0,664.0,173.0,190.0,0.2702702702702703,0.2845528455284553
7,outlier,30,Logistic Regression,none,0.6375352396294804,0.11031806018473388,0.0,0.0,0.04712041884816754,0.04411764705882353,,,,,,
7,outlier,30,Logistic Regression,class_weight,0.6467982279500604,0.11131767147534052,0.46153846153846156,0.13953488372093023,0.193717277486911,0.2107843137254902,,,,,,
7,outlier,30,Logistic Regression,smote,0.6572694321385422,0.11477978084102555,0.38461538461538464,0.10416666666666667,0.225130890052356,0.23529411764705882,84.0,644.0,203.0,225.0,0.35714285714285715,0.35027472527472525
7,outlier,30,SVM,none,0.6709625453080951,0.11049545108112394,0.0,0.0,0.020942408376963352,0.0196078431372549,,,,,,
7,outlier,30,SVM,class_weight,0.7458719291180024,0.14931059741264918,0.3076923076923077,0.17391304347826086,0.09947643979057591,0.11274509803921569,,,,,,
7,outlier,30,SVM,smote,0.7454691904953685,0.15454011045193894,0.3076923076923077,0.19047619047619047,0.08900523560209424,0.10294117647058823,84.0,644.0,203.0,225.0,0.35714285714285715,0.35027472527472525
8,random,0,Logistic Regression,none,0.7760773258155457,0.19727941989466113,0.0,0.0,0.020942408376963352,0.0196078431372549,,,,,,
8,random,0,Logistic Regression,class_weight,0.8030608135320177,0.23675693734798797,0.6923076923076923,0.140625,0.2879581151832461,0.3137254901960784,,,,,,
8,random,0,Logistic Regression,smote,0.8107128473620621,0.25416547032109815,0.6923076923076923,0.13846153846153847,0.2931937172774869,0.31862745098039214,54.0,704.0,0.0,0.0,0.0,0.0
8,random,0,SVM,none,0.7172774869109948,0.19877377628342066,0.0,,0.0,0.0,,,,,,
8,random,0,SVM,class_weight,0.7897704389850986,0.28674104960223634,0.38461538461538464,0.2631578947368421,0.07329842931937172,0.09313725490196079,,,,,,
8,random,0,SVM,smote,0.7301651228352799,0.23549253942045734,0.3076923076923077,0.3076923076923077,0.04712041884816754,0.06372549019607843,54.0,704.0,0.0,0.0,0.0,0.0
8,random,2,Logistic Regression,none,0.7901731776077326,0.19979330594578273,0.0,,0.0,0.0,,,,,,
8,random,2,Logistic Regression,class_weight,0.8143374949657672,0.22951231070755476,0.7692307692307693,0.15873015873015872,0.2774869109947644,0.3088235294117647,,,,,,
8,random,2,Logistic Regression,smote,0.8264196536447845,0.2658695884908232,0.8461538461538461,0.171875,0.2774869109947644,0.3137254901960784,56.0,700.0,21.0,21.0,0.03571428571428571,0.03042328042328042
8,random,2,SVM,none,0.7152637937978252,0.1874537532611553,0.0,,0.0,0.0,,,,,,
8,random,2,SVM,class_weight,0.7978252114377768,0.28543070115812247,0.38461538461538464,0.29411764705882354,0.06282722513089005,0.08333333333333333,,,,,,
8,random,2,SVM,smote,0.7539267015706806,0.23175120163383256,0.3076923076923077,0.3076923076923077,0.04712041884816754,0.06372549019607843,56.0,700.0,21.0,21.0,0.03571428571428571,0.03042328042328042
8,random,5,Logistic Regression,none,0.7857430527587596,0.19808386927546143,0.0,0.0,0.005235602094240838,0.004901960784313725,,,,,,
8,random,5,Logistic Regression,class_weight,0.8147402335884011,0.22746409074729657,0.8461538461538461,0.16176470588235295,0.29842931937172773,0.3333333333333333,,,,,,
8,random,5,Logistic Regression,smote,0.8272251308900523,0.2333080687222002,0.8461538461538461,0.171875,0.2774869109947644,0.3137254901960784,59.0,694.0,60.0,94.0,0.0847457627118644,0.13147410358565736
8,random,5,SVM,none,0.6951268626661298,0.17418438728045063,0.0,,0.0,0.0,,,,,,
8,random,5,SVM,class_weight,0.7780910189287154,0.22985961302053257,0.38461538461538464,0.21739130434782608,0.09424083769633508,0.11274509803921569,,,,,,
8,random,5,SVM,smote,0.7305678614579139,0.21164915671199244,0.3076923076923077,0.23529411764705882,0.06806282722513089,0.08333333333333333,59.0,694.0,60.0,94.0,0.0847457627118644,0.13147410358565736
8,random,10,Logistic Regression,none,0.7511075312122433,0.1973125865401989,0.0,,0.0,0.0,,,,,,
8,random,10,Logistic Regression,class_weight,0.7676198147402337,0.2320156307247201,0.6923076923076923,0.12857142857142856,0.3193717277486911,0.3431372549019608,,,,,,
8,random,10,Logistic Regression,smote,0.7764800644381797,0.27137756921766787,0.6923076923076923,0.1323529411764706,0.3089005235602094,0.3333333333333333,64.0,684.0,112.0,167.0,0.15625,0.23663101604278075
8,random,10,SVM,none,0.7015706806282723,0.16852889741166965,0.0,,0.0,0.0,,,,,,
8,random,10,SVM,class_weight,0.7607732581554572,0.27348507174423214,0.3076923076923077,0.15384615384615385,0.11518324607329843,0.12745098039215685,,,,,,
8,random,10,SVM,smote,0.7132501006846558,0.20125190483566566,0.3076923076923077,0.21052631578947367,0.07853403141361257,0.09313725490196079,64.0,684.0,112.0,167.0,0.15625,0.23663101604278075
8,random,15,Logistic Regression,none,0.7503020539669755,0.19685806592174815,0.0,,0.0,0.0,,,,,,
8,random,15,Logistic Regression,class_weight,0.7442609746274668,0.198502574984879,0.6923076923076923,0.12,0.34554973821989526,0.36764705882352944,,,,,,
8,random,15,Logistic Regression,smote,0.7627869512686267,0.2210291538172135,0.6923076923076923,0.1267605633802817,0.32460732984293195,0.3480392156862745,69.0,674.0,141.0,225.0,0.21739130434782608,0.32301480484522205
8,random,15,SVM,none,0.7478856222311719,0.17111334413099727,0.0,,0.0,0.0,,,,,,
8,random,15,SVM,class_weight,0.7760773258155457,0.25479167402541153,0.46153846153846156,0.1935483870967742,0.13089005235602094,0.15196078431372548,,,,,,
8,random,15,SVM,smote,0.7426500201369312,0.1865476079863912,0.23076923076923078,0.13043478260869565,0.10471204188481675,0.11274509803921569,69.0,674.0,141.0,225.0,0.21739130434782608,0.32301480484522205
8,random,20,Logistic Regression,none,0.7829238824003222,0.19622752098819338,0.0,,0.0,0.0,,,,,,
8,random,20,Logistic Regression,class_weight,0.788562223117197,0.22463217604774732,0.7692307692307693,0.13513513513513514,0.33507853403141363,0.3627450980392157,,,,,,
8,random,20,Logistic Regression,smote,0.7942005638340717,0.2784039616994504,0.7692307692307693,0.13333333333333333,0.3403141361256545,0.36764705882352944,74.0,664.0,164.0,258.0,0.2702702702702703,0.37669376693766937
8,random,20,SVM,none,0.7643979057591623,0.20018680073195277,0.0,,0.0,0.0,,,,,,
8,random,20,SVM,class_weight,0.7929923479661699,0.2617936577447898,0.38461538461538464,0.1724137931034483,0.1256544502617801,0.14215686274509803,,,,,,
8,random,20,SVM,smote,0.7406363270237616,0.20422552288165555,0.38461538461538464,0.23809523809523808,0.08376963350785341,0.10294117647058823,74.0,664.0,164.0,258.0,0.2702702702702703,0.37669376693766937
8,random,30,Logistic Regression,none,0.8074909383809907,0.20775349047721522,0.0,,0.0,0.0,,,,,,
8,random,30,Logistic Regression,class_weight,0.8010471204188482,0.2345737043443519,0.7692307692307693,0.11494252873563218,0.4031413612565445,0.4264705882352941,,,,,,
8,random,30,Logistic Regression,smote,0.8095046314941603,0.2963558206084922,0.7692307692307693,0.12987012987012986,0.3507853403141361,0.37745098039215685,84.0,644.0,213.0,317.0,0.35714285714285715,0.4766483516483517
8,random,30,SVM,none,0.756745871929118,0.18739194876429854,0.0,,0.0,0.0,,,,,,
8,random,30,SVM,class_weight,0.7954087797019733,0.2345318749924013,0.46153846153846156,0.15789473684210525,0.16753926701570682,0.18627450980392157,,,,,,
8,random,30,SVM,smote,0.7333870318163512,0.22481490812790628,0.38461538461538464,0.18518518518518517,0.11518324607329843,0.1323529411764706,84.0,644.0,213.0,317.0,0.35714285714285715,0.4766483516483517
8,outlier,0,Logistic Regression,none,0.7760773258155457,0.19727941989466113,0.0,0.0,0.020942408376963352,0.0196078431372549,,,,,,
8,outlier,0,Logistic Regression,class_weight,0.8030608135320177,0.23675693734798797,0.6923076923076923,0.140625,0.2879581151832461,0.3137254901960784,,,,,,
8,outlier,0,Logistic Regression,smote,0.8107128473620621,0.25416547032109815,0.6923076923076923,0.13846153846153847,0.2931937172774869,0.31862745098039214,54.0,704.0,0.0,0.0,0.0,0.0
8,outlier,0,SVM,none,0.7172774869109948,0.19877377628342066,0.0,,0.0,0.0,,,,,,
8,outlier,0,SVM,class_weight,0.7897704389850986,0.28674104960223634,0.38461538461538464,0.2631578947368421,0.07329842931937172,0.09313725490196079,,,,,,
8,outlier,0,SVM,smote,0.7301651228352799,0.23549253942045734,0.3076923076923077,0.3076923076923077,0.04712041884816754,0.06372549019607843,54.0,704.0,0.0,0.0,0.0,0.0
8,outlier,2,Logistic Regression,none,0.7829238824003222,0.2079381261094812,0.0,0.0,0.010471204188481676,0.00980392156862745,,,,,,
8,outlier,2,Logistic Regression,class_weight,0.8086991542488925,0.2543253214331445,0.6923076923076923,0.15,0.2670157068062827,0.29411764705882354,,,,,,
8,outlier,2,Logistic Regression,smote,0.824003221908981,0.25667259042439655,0.7692307692307693,0.1694915254237288,0.25654450261780104,0.28921568627450983,56.0,700.0,24.0,24.0,0.03571428571428571,0.03439153439153439
8,outlier,2,SVM,none,0.7168747482883608,0.19701398073935267,0.0,,0.0,0.0,,,,,,
8,outlier,2,SVM,class_weight,0.7954087797019734,0.2918893959699464,0.38461538461538464,0.3125,0.05759162303664921,0.0784313725490196,,,,,,
8,outlier,2,SVM,smote,0.7498993153443416,0.2874725011823941,0.3076923076923077,0.2857142857142857,0.05235602094240838,0.06862745098039216,56.0,700.0,24.0,24.0,0.03571428571428571,0.03439153439153439
8,outlier,5,Logistic Regression,none,0.78372935964559,0.1978749902122703,0.0,0.0,0.005235602094240838,0.004901960784313725,,,,,,
8,outlier,5,Logistic Regression,class_weight,0.7998389045509464,0.22238148758184387,0.7692307692307693,0.15873015873015872,0.2774869109947644,0.3088235294117647,,,,,,
8,outlier,5,Logistic Regression,smote,0.8187676198147402,0.22644998283771944,0.8461538461538461,0.16666666666666666,0.2879581151832461,0.3235294117647059,59.0,694.0,55.0,55.0,0.0847457627118644,0.0796812749003984
8,outlier,5,SVM,none,0.7031816351188079,0.18328750019086434,0.0,,0.0,0.0,,,,,,
8,outlier,5,SVM,class_weight,0.7873540072492953,0.27872292103407276,0.38461538461538464,0.29411764705882354,0.06282722513089005,0.08333333333333333,,,,,,
8,outlier,5,SVM,smote,0.7213048731373338,0.21928858348421346,0.3076923076923077,0.25,0.06282722513089005,0.0784313725490196,59.0,694.0,55.0,55.0,0.0847457627118644,0.0796812749003984
8,outlier,10,Logistic Regression,none,0.7442609746274669,0.18117672554069175,0.07692307692307693,0.5,0.005235602094240838,0.00980392156862745,,,,,,
8,outlier,10,Logistic Regression,class_weight,0.779299234796617,0.24452817697045584,0.6923076923076923,0.15,0.2670157068062827,0.29411764705882354,,,,,,
8,outlier,10,Logistic Regression,smote,0.8038662907772856,0.27747075793591913,0.6923076923076923,0.13846153846153847,0.2931937172774869,0.31862745098039214,64.0,684.0,95.0,101.0,0.15625,0.1483957219251337
8,outlier,10,SVM,none,0.7176802255336288,0.1430349629840755,0.0,,0.0,0.0,,,,,,
8,outlier,10,SVM,class_weight,0.7942005638340717,0.2810864205349189,0.38461538461538464,0.2777777777777778,0.06806282722513089,0.08823529411764706,,,,,,
8,outlier,10,SVM,smote,0.729359645590012,0.26565787508756133,0.3076923076923077,0.26666666666666666,0.05759162303664921,0.07352941176470588,64.0,684.0,95.0,101.0,0.15625,0.1483957219251337
8,outlier,15,Logistic Regression,none,0.7084172372130487,0.20796087216279444,0.07692307692307693,0.5,0.005235602094240838,0.00980392156862745,,,,,,
8,outlier,15,Logistic Regression,class_weight,0.7366089407974225,0.23029959004013384,0.5384615384615384,0.11290322580645161,0.2879581151832461,0.30392156862745096,,,,,,
8,outlier,15,Logistic Regression,smote,0.7555376560612163,0.27155765004387056,0.5384615384615384,0.109375,0.29842931937172773,0.3137254901960784,69.0,674.0,152.0,166.0,0.21739130434782608,0.24360699865410498
8,outlier,15,SVM,none,0.7253322593636731,0.1339143202680933,0.0,,0.0,0.0,,,,,,
8,outlier,15,SVM,class_weight,0.7913813934756343,0.2620848831437178,0.38461538461538464,0.23809523809523808,0.08376963350785341,0.10294117647058823,,,,,,
8,outlier,15,SVM,smote,0.7233185662505034,0.2203530063073054,0.3076923076923077,0.21052631578947367,0.07853403141361257,0.09313725490196079,69.0,674.0,152.0,166.0,0.21739130434782608,0.24360699865410498
8,outlier,20,Logistic Regression,none,0.675392670157068,0.19434334534052664,0.07692307692307693,0.25,0.015706806282722512,0.0196078431372549,,,,,,
8,outlier,20,Logistic Regression,class_weight,0.7080144985904149,0.22524413619496428,0.5384615384615384,0.11666666666666667,0.2774869109947644,0.29411764705882354,,,,,,
8,outlier,20,Logistic Regression,smote,0.7370116794200564,0.2771838599901433,0.6153846153846154,0.13114754098360656,0.2774869109947644,0.29901960784313725,74.0,664.0,172.0,188.0,0.2702702702702703,0.28184281842818426
8,outlier,20,SVM,none,0.7172774869109948,0.12378802022636558,0.0,,0.0,0.0,,,,,,
8,outlier,20,SVM,class_weight,0.7853403141361257,0.244888629768829,0.38461538461538464,0.21739130434782608,0.09424083769633508,0.11274509803921569,,,,,,
8,outlier,20,SVM,smote,0.7245267821184052,0.20692018873830526,0.3076923076923077,0.19047619047619047,0.08900523560209424,0.10294117647058823,74.0,664.0,172.0,188.0,0.2702702702702703,0.28184281842818426
8,outlier,30,Logistic Regression,none,0.6266612968183649,0.17790423739151498,0.07692307692307693,0.125,0.03664921465968586,0.0392156862745098,,,,,,
8,outlier,30,Logistic Regression,class_weight,0.6721707611759968,0.19633055764886095,0.5384615384615384,0.11864406779661017,0.27225130890052357,0.28921568627450983,,,,,,
8,outlier,30,Logistic Regression,smote,0.7031816351188079,0.2118613561227205,0.5384615384615384,0.12280701754385964,0.2617801047120419,0.27941176470588236,84.0,644.0,221.0,253.0,0.35714285714285715,0.38873626373626374
8,outlier,30,SVM,none,0.6673378977043899,0.10030438444599454,0.0,0.0,0.015706806282722512,0.014705882352941176,,,,,,
8,outlier,30,SVM,class_weight,0.7780910189287154,0.17252630260965632,0.38461538461538464,0.16666666666666666,0.13089005235602094,0.14705882352941177,,,,,,
8,outlier,30,SVM,smote,0.7265404752315746,0.16718764661451913,0.3076923076923077,0.17391304347826086,0.09947643979057591,0.11274509803921569,84.0,644.0,221.0,253.0,0.35714285714285715,0.38873626373626374
9,random,0,Logistic Regression,none,0.7515102698348772,0.24107974711672897,0.07692307692307693,1.0,0.0,0.004901960784313725,,,,,,
9,random,0,Logistic Regression,class_weight,0.7732581554571083,0.2531331497695963,0.6923076923076923,0.18,0.21465968586387435,0.24509803921568626,,,,,,
9,random,0,Logistic Regression,smote,0.7458719291180025,0.2461753735842805,0.38461538461538464,0.10638297872340426,0.2198952879581152,0.23039215686274508,54.0,704.0,0.0,0.0,0.0,0.0
9,random,0,SVM,none,0.8074909383809907,0.17663957517169515,0.0,,0.0,0.0,,,,,,
9,random,0,SVM,class_weight,0.7909786548530005,0.226793503850518,0.38461538461538464,0.2777777777777778,0.06806282722513089,0.08823529411764706,,,,,,
9,random,0,SVM,smote,0.7708417237213049,0.20904270826229931,0.15384615384615385,0.2857142857142857,0.02617801047120419,0.03431372549019608,54.0,704.0,0.0,0.0,0.0,0.0
9,random,2,Logistic Regression,none,0.7619814740233589,0.24430105510190947,0.0,,0.0,0.0,,,,,,
9,random,2,Logistic Regression,class_weight,0.7692307692307692,0.2131050291837137,0.6923076923076923,0.1836734693877551,0.2094240837696335,0.24019607843137256,,,,,,
9,random,2,Logistic Regression,smote,0.7458719291180025,0.2000250476752302,0.6923076923076923,0.17307692307692307,0.225130890052356,0.2549019607843137,56.0,700.0,28.0,35.0,0.03571428571428571,0.04894179894179894
9,random,2,SVM,none,0.7897704389850988,0.1708905027628674,0.0,,0.0,0.0,,,,,,
9,random,2,SVM,class_weight,0.793395086588804,0.22135606027073446,0.38461538461538464,0.29411764705882354,0.06282722513089005,0.08333333333333333,,,,,,
9,random,2,SVM,smote,0.7599677809101893,0.1744020082679206,0.07692307692307693,0.16666666666666666,0.02617801047120419,0.029411764705882353,56.0,700.0,28.0,35.0,0.03571428571428571,0.04894179894179894
9,random,5,Logistic Regression,none,0.7402335884011276,0.17651397729767268,0.0,,0.0,0.0,,,,,,
9,random,5,Logistic Regression,class_weight,0.7511075312122433,0.1910042216157068,0.6923076923076923,0.16363636363636364,0.24083769633507854,0.2696078431372549,,,,,,
9,random,5,Logistic Regression,smote,0.7257349979863069,0.18092676363678803,0.5384615384615384,0.13725490196078433,0.23036649214659685,0.25,59.0,694.0,53.0,77.0,0.0847457627118644,0.10889774236387782
9,random,5,SVM,none,0.7772855416834474,0.1625380594014646,0.0,,0.0,0.0,,,,,,
9,random,5,SVM,class_weight,0.779701973419251,0.20662546207278149,0.23076923076923078,0.16666666666666666,0.07853403141361257,0.08823529411764706,,,,,,
9,random,5,SVM,smote,0.7221103503826016,0.14609384709353052,0.15384615384615385,0.18181818181818182,0.04712041884816754,0.05392156862745098,59.0,694.0,53.0,77.0,0.0847457627118644,0.10889774236387782
9,random,10,Logistic Regression,none,0.7132501006846557,0.17283403701474526,0.0,0.0,0.005235602094240838,0.004901960784313725,,,,,,
9,random,10,Logistic Regression,class_weight,0.7196939186467982,0.1686369567351537,0.6153846153846154,0.12903225806451613,0.28272251308900526,0.30392156862745096,,,,,,
9,random,10,Logistic Regression,smote,0.6971405557792992,0.17214095935014315,0.5384615384615384,0.1111111111111111,0.2931937172774869,0.3088235294117647,64.0,684.0,105.0,152.0,0.15625,0.21657754010695188
9,random,10,SVM,none,0.7607732581554572,0.15400291331274735,0.0,,0.0,0.0,,,,,,
9,random,10,SVM,class_weight,0.7587595650422876,0.2219185918346101,0.15384615384615385,0.1111111111111111,0.08376963350785341,0.08823529411764706,,,,,,
9,random,10,SVM,smote,0.7096254530809505,0.16147102952339526,0.15384615384615385,0.16666666666666666,0.05235602094240838,0.058823529411764705,64.0,684.0,105.0,152.0,0.15625,0.21657754010695188
9,random,15,Logistic Regression,none,0.7168747482883608,0.17917469288719362,0.0,,0.0,0.0,,,,,,
9,random,15,Logistic Regression,class_weight,0.73016512283528,0.20080869951740943,0.5384615384615384,0.109375,0.29842931937172773,0.3137254901960784,,,,,,
9,random,15,Logistic Regression,smote,0.6915022150624245,0.21442132067885988,0.46153846153846156,0.09230769230769231,0.3089005235602094,0.31862745098039214,69.0,674.0,149.0,187.0,0.21739130434782608,0.2718707940780619
9,random,15,SVM,none,0.7273459524768425,0.13898290688919693,0.0,,0.0,0.0,,,,,,
9,random,15,SVM,class_weight,0.743455497382199,0.21961366882262687,0.23076923076923078,0.14285714285714285,0.09424083769633508,0.10294117647058823,,,,,,
9,random,15,SVM,smote,0.6689488521949255,0.15397187301785126,0.15384615384615385,0.16666666666666666,0.05235602094240838,0.058823529411764705,69.0,674.0,149.0,187.0,0.21739130434782608,0.2718707940780619
9,random,20,Logistic Regression,none,0.7366089407974225,0.16121288951124993,0.0,,0.0,0.0,,,,,,
9,random,20,Logistic Regression,class_weight,0.7398308497784938,0.1761765753549634,0.7692307692307693,0.15151515151515152,0.2931937172774869,0.3235294117647059,,,,,,
9,random,20,Logistic Regression,smote,0.684252919855014,0.14534730726923287,0.5384615384615384,0.1076923076923077,0.3036649214659686,0.31862745098039214,74.0,664.0,184.0,238.0,0.2702702702702703,0.34959349593495936
9,random,20,SVM,none,0.7047925896093437,0.13914685313921182,0.0,,0.0,0.0,,,,,,
9,random,20,SVM,class_weight,0.7293596455900121,0.21713677166252143,0.46153846153846156,0.21428571428571427,0.11518324607329843,0.13725490196078433,,,,,,
9,random,20,SVM,smote,0.6435763189689891,0.13485767819640856,0.15384615384615385,0.14285714285714285,0.06282722513089005,0.06862745098039216,74.0,664.0,184.0,238.0,0.2702702702702703,0.34959349593495936
9,random,30,Logistic Regression,none,0.743052758759565,0.14806040693882802,0.0,,0.0,0.0,,,,,,
9,random,30,Logistic Regression,class_weight,0.7511075312122433,0.1585898482492665,0.7692307692307693,0.1388888888888889,0.32460732984293195,0.35294117647058826,,,,,,
9,random,30,Logistic Regression,smote,0.6842529198550141,0.13293678278279802,0.6153846153846154,0.11428571428571428,0.32460732984293195,0.3431372549019608,84.0,644.0,236.0,293.0,0.35714285714285715,0.44368131868131866
9,random,30,SVM,none,0.7184857027788965,0.14610191007249831,0.0,,0.0,0.0,,,,,,
9,random,30,SVM,class_weight,0.7418445428916633,0.20821481038123296,0.46153846153846156,0.1935483870967742,0.13089005235602094,0.15196078431372548,,,,,,
9,random,30,SVM,smote,0.6637132501006847,0.14740399104734436,0.3076923076923077,0.2,0.08376963350785341,0.09803921568627451,84.0,644.0,236.0,293.0,0.35714285714285715,0.44368131868131866
9,outlier,0,Logistic Regression,none,0.7515102698348772,0.24107974711672897,0.07692307692307693,1.0,0.0,0.004901960784313725,,,,,,
9,outlier,0,Logistic Regression,class_weight,0.7732581554571083,0.2531331497695963,0.6923076923076923,0.18,0.21465968586387435,0.24509803921568626,,,,,,
9,outlier,0,Logistic Regression,smote,0.7458719291180025,0.2461753735842805,0.38461538461538464,0.10638297872340426,0.2198952879581152,0.23039215686274508,54.0,704.0,0.0,0.0,0.0,0.0
9,outlier,0,SVM,none,0.8074909383809907,0.17663957517169515,0.0,,0.0,0.0,,,,,,
9,outlier,0,SVM,class_weight,0.7909786548530005,0.226793503850518,0.38461538461538464,0.2777777777777778,0.06806282722513089,0.08823529411764706,,,,,,
9,outlier,0,SVM,smote,0.7708417237213049,0.20904270826229931,0.15384615384615385,0.2857142857142857,0.02617801047120419,0.03431372549019608,54.0,704.0,0.0,0.0,0.0,0.0
9,outlier,2,Logistic Regression,none,0.7349979863068868,0.21302472519163762,0.0,,0.0,0.0,,,,,,
9,outlier,2,Logistic Regression,class_weight,0.7370116794200563,0.1636636877463212,0.6923076923076923,0.16981132075471697,0.23036649214659685,0.25980392156862747,,,,,,
9,outlier,2,Logistic Regression,smote,0.7132501006846557,0.15204667613112094,0.46153846153846156,0.12244897959183673,0.225130890052356,0.24019607843137256,56.0,700.0,28.0,29.0,0.03571428571428571,0.041005291005291
9,outlier,2,SVM,none,0.8038662907772856,0.1767951043232684,0.0,,0.0,0.0,,,,,,
9,outlier,2,SVM,class_weight,0.7946033024567056,0.23375245057813,0.38461538461538464,0.2631578947368421,0.07329842931937172,0.09313725490196079,,,,,,
9,outlier,2,SVM,smote,0.7579540877970198,0.16912916786559298,0.15384615384615385,0.25,0.031413612565445025,0.0392156862745098,56.0,700.0,28.0,29.0,0.03571428571428571,0.041005291005291
9,outlier,5,Logistic Regression,none,0.7289569069673782,0.2057699889267061,0.07692307692307693,1.0,0.0,0.004901960784313725,,,,,,
9,outlier,5,Logistic Regression,class_weight,0.7354007249295208,0.17146981886544252,0.5384615384615384,0.1346153846153846,0.2356020942408377,0.2549019607843137,,,,,,
9,outlier,5,Logistic Regression,smote,0.7152637937978251,0.14154983272276664,0.38461538461538464,0.10416666666666667,0.225130890052356,0.23529411764705882,59.0,694.0,57.0,57.0,0.0847457627118644,0.08233731739707835
9,outlier,5,SVM,none,0.7990334273056786,0.1831551710413558,0.0,,0.0,0.0,,,,,,
9,outlier,5,SVM,class_weight,0.79299234796617,0.2304328904009909,0.38461538461538464,0.2777777777777778,0.06806282722513089,0.08823529411764706,,,,,,
9,outlier,5,SVM,smote,0.7692307692307692,0.1942310060941511,0.15384615384615385,0.2222222222222222,0.03664921465968586,0.04411764705882353,59.0,694.0,57.0,57.0,0.0847457627118644,0.08233731739707835
9,outlier,10,Logistic Regression,none,0.6858638743455499,0.14771518007776283,0.07692307692307693,0.3333333333333333,0.010471204188481676,0.014705882352941176,,,,,,
9,outlier,10,Logistic Regression,class_weight,0.7124446234393879,0.14793129793375712,0.5384615384615384,0.12962962962962962,0.24607329842931938,0.2647058823529412,,,,,,
9,outlier,10,Logistic Regression,smote,0.6927104309303262,0.14654748207127552,0.46153846153846156,0.11538461538461539,0.24083769633507854,0.2549019607843137,64.0,684.0,84.0,88.0,0.15625,0.13101604278074866
9,outlier,10,SVM,none,0.7901731776077325,0.16342721587368544,0.0,,0.0,0.0,,,,,,
9,outlier,10,SVM,class_weight,0.7889649617398308,0.2161350905139842,0.38461538461538464,0.2631578947368421,0.07329842931937172,0.09313725490196079,,,,,,
9,outlier,10,SVM,smote,0.7555376560612163,0.20648009128844066,0.15384615384615385,0.2222222222222222,0.03664921465968586,0.04411764705882353,64.0,684.0,84.0,88.0,0.15625,0.13101604278074866
9,outlier,15,Logistic Regression,none,0.6741844542891664,0.11673302603655925,0.07692307692307693,0.2,0.020942408376963352,0.024509803921568627,,,,,,
9,outlier,15,Logistic Regression,class_weight,0.7128473620620218,0.14012696295966498,0.46153846153846156,0.11764705882352941,0.2356020942408377,0.25,,,,,,
9,outlier,15,Logistic Regression,smote,0.6798227950060411,0.13811945767964232,0.38461538461538464,0.1,0.2356020942408377,0.24509803921568626,69.0,674.0,138.0,155.0,0.21739130434782608,0.2288021534320323
9,outlier,15,SVM,none,0.7797019734192508,0.14608305557883905,0.0,,0.0,0.0,,,,,,
9,outlier,15,SVM,class_weight,0.7788964961739832,0.18197553025658247,0.38461538461538464,0.20833333333333334,0.09947643979057591,0.11764705882352941,,,,,,
9,outlier,15,SVM,smote,0.7490938380990737,0.17089381982987664,0.15384615384615385,0.18181818181818182,0.04712041884816754,0.05392156862745098,69.0,674.0,138.0,155.0,0.21739130434782608,0.2288021534320323
9,outlier,20,Logistic Regression,none,0.6274667740636327,0.09806870404923816,0.0,0.0,0.031413612565445025,0.029411764705882353,,,,,,
9,outlier,20,Logistic Regression,class_weight,0.6757954087797019,0.12120540540628065,0.3076923076923077,0.08333333333333333,0.23036649214659685,0.23529411764705882,,,,,,
9,outlier,20,Logistic Regression,smote,0.6576721707611761,0.1316594116859232,0.38461538461538464,0.1,0.2356020942408377,0.24509803921568626,74.0,664.0,156.0,171.0,0.2702702702702703,0.2588075880758808
9,outlier,20,SVM,none,0.7503020539669755,0.12968898799973647,0.0,,0.0,0.0,,,,,,
9,outlier,20,SVM,class_weight,0.7555376560612163,0.1545490343410501,0.38461538461538464,0.18518518518518517,0.11518324607329843,0.1323529411764706,,,,,,
9,outlier,20,SVM,smote,0.7289569069673781,0.14968039640525513,0.3076923076923077,0.25,0.06282722513089005,0.0784313725490196,74.0,664.0,156.0,171.0,0.2702702702702703,0.2588075880758808
9,outlier,30,Logistic Regression,none,0.6206202174788562,0.08978313964322097,0.0,0.0,0.041884816753926704,0.0392156862745098,,,,,,
9,outlier,30,Logistic Regression,class_weight,0.6608940797422473,0.09970954946508857,0.38461538461538464,0.09803921568627451,0.24083769633507854,0.25,,,,,,
9,outlier,30,Logistic Regression,smote,0.6500201369311317,0.10142771999289349,0.3076923076923077,0.07692307692307693,0.2513089005235602,0.2549019607843137,84.0,644.0,230.0,245.0,0.35714285714285715,0.37774725274725274
9,outlier,30,SVM,none,0.7265404752315746,0.1160474345495764,0.0,0.0,0.015706806282722512,0.014705882352941176,,,,,,
9,outlier,30,SVM,class_weight,0.7527184857027789,0.14029788399964052,0.3076923076923077,0.15384615384615385,0.11518324607329843,0.12745098039215685,,,,,,
9,outlier,30,SVM,smote,0.6991542488924688,0.12151558542845095,0.15384615384615385,0.1,0.09424083769633508,0.09803921568627451,84.0,644.0,230.0,245.0,0.35714285714285715,0.37774725274725274
10,random,0,Logistic Regression,none,0.6604913411196134,0.17606051827183924,0.07692307692307693,0.5,0.005235602094240838,0.00980392156862745,,,,,,
10,random,0,Logistic Regression,class_weight,0.657269432138542,0.16728443606973226,0.5384615384615384,0.11864406779661017,0.27225130890052357,0.28921568627450983,,,,,,
10,random,0,Logistic Regression,smote,0.6363270237615788,0.16018301481551495,0.38461538461538464,0.10204081632653061,0.23036649214659685,0.24019607843137256,54.0,704.0,0.0,0.0,0.0,0.0
10,random,0,SVM,none,0.6778091018928716,0.21077029246171214,0.0,,0.0,0.0,,,,,,
10,random,0,SVM,class_weight,0.6818364881192107,0.17176574445672205,0.38461538461538464,0.3125,0.05759162303664921,0.0784313725490196,,,,,,
10,random,0,SVM,smote,0.6584776480064438,0.14053820527776933,0.07692307692307693,0.125,0.03664921465968586,0.0392156862745098,54.0,704.0,0.0,0.0,0.0,0.0
10,random,2,Logistic Regression,none,0.6496173983084979,0.1720243793331246,0.0,0.0,0.005235602094240838,0.004901960784313725,,,,,,
10,random,2,Logistic Regression,class_weight,0.6282722513089005,0.14211159036544374,0.5384615384615384,0.11290322580645161,0.2879581151832461,0.30392156862745096,,,,,,
10,random,2,Logistic Regression,smote,0.617398308497785,0.14288438679981727,0.3076923076923077,0.08163265306122448,0.2356020942408377,0.24019607843137256,56.0,700.0,22.0,28.0,0.03571428571428571,0.03968253968253968
10,random,2,SVM,none,0.6592831252517116,0.20981813990665032,0.0,,0.0,0.0,,,,,,
10,random,2,SVM,class_weight,0.6604913411196134,0.1638689641814254,0.3076923076923077,0.25,0.06282722513089005,0.0784313725490196,,,,,,
10,random,2,SVM,smote,0.6431735803463552,0.14059069809697822,0.07692307692307693,0.1111111111111111,0.041884816753926704,0.04411764705882353,56.0,700.0,22.0,28.0,0.03571428571428571,0.03968253968253968
10,random,5,Logistic Regression,none,0.63954893274265,0.17723576110151829,0.0,0.0,0.005235602094240838,0.004901960784313725,,,,,,
10,random,5,Logistic Regression,class_weight,0.6190092629883206,0.15365081041365564,0.5384615384615384,0.12280701754385964,0.2617801047120419,0.27941176470588236,,,,,,
10,random,5,Logistic Regression,smote,0.6117599677809102,0.14127357479856878,0.38461538461538464,0.08928571428571429,0.2670157068062827,0.27450980392156865,59.0,694.0,50.0,68.0,0.0847457627118644,0.09694555112881806
10,random,5,SVM,none,0.6419653644784535,0.20111750367556627,0.0,,0.0,0.0,,,,,,
10,random,5,SVM,class_weight,0.6375352396294804,0.15708946638304327,0.38461538461538464,0.2777777777777778,0.06806282722513089,0.08823529411764706,,,,,,
10,random,5,SVM,smote,0.6101490132903745,0.11951014094217594,0.07692307692307693,0.1111111111111111,0.041884816753926704,0.04411764705882353,59.0,694.0,50.0,68.0,0.0847457627118644,0.09694555112881806
10,random,10,Logistic Regression,none,0.6520338300443012,0.15622117206760228,0.0,0.0,0.005235602094240838,0.004901960784313725,,,,,,
10,random,10,Logistic Regression,class_weight,0.6246476037051953,0.16134752684504716,0.5384615384615384,0.10294117647058823,0.3193717277486911,0.3333333333333333,,,,,,
10,random,10,Logistic Regression,smote,0.6113572291582763,0.13950919045935328,0.46153846153846156,0.10714285714285714,0.2617801047120419,0.27450980392156865,64.0,684.0,95.0,132.0,0.15625,0.18983957219251338
10,random,10,SVM,none,0.6186065243656867,0.15817516919614183,0.0,,0.0,0.0,,,,,,
10,random,10,SVM,class_weight,0.6314941602899717,0.14204300996078012,0.3076923076923077,0.23529411764705882,0.06806282722513089,0.08333333333333333,,,,,,
10,random,10,SVM,smote,0.5980668546113573,0.12149484712071196,0.07692307692307693,0.1111111111111111,0.041884816753926704,0.04411764705882353,64.0,684.0,95.0,132.0,0.15625,0.18983957219251338
10,random,15,Logistic Regression,none,0.675392670157068,0.15590507463845063,0.0,0.0,0.005235602094240838,0.004901960784313725,,,,,,
10,random,15,Logistic Regression,class_weight,0.6592831252517117,0.17123365783564576,0.6153846153846154,0.12903225806451613,0.28272251308900526,0.30392156862745096,,,,,,
10,random,15,Logistic Regression,smote,0.6415626258558196,0.13847090948589086,0.46153846153846156,0.11764705882352941,0.2356020942408377,0.25,69.0,674.0,155.0,223.0,0.21739130434782608,0.3203230148048452
10,random,15,SVM,none,0.6286749899315345,0.137363497325252,0.0,,0.0,0.0,,,,,,
10,random,15,SVM,class_weight,0.6343133306484092,0.1590537376320855,0.3076923076923077,0.2222222222222222,0.07329842931937172,0.08823529411764706,,,,,,
10,random,15,SVM,smote,0.6024969794603303,0.12953626010809438,0.15384615384615385,0.2,0.041884816753926704,0.049019607843137254,69.0,674.0,155.0,223.0,0.21739130434782608,0.3203230148048452
10,random,20,Logistic Regression,none,0.6476037051953283,0.14121685137082157,0.0,0.0,0.010471204188481676,0.00980392156862745,,,,,,
10,random,20,Logistic Regression,class_weight,0.6331051147805076,0.14023075128346535,0.5384615384615384,0.109375,0.29842931937172773,0.3137254901960784,,,,,,
10,random,20,Logistic Regression,smote,0.5888038662907773,0.12338761884909223,0.46153846153846156,0.1,0.28272251308900526,0.29411764705882354,74.0,664.0,206.0,274.0,0.2702702702702703,0.3983739837398374
10,random,20,SVM,none,0.6403544099879178,0.12702310056524355,0.0,,0.0,0.0,,,,,,
10,random,20,SVM,class_weight,0.6210229561014902,0.15362086327602273,0.38461538461538464,0.20833333333333334,0.09947643979057591,0.11764705882352941,,,,,,
10,random,20,SVM,smote,0.5912202980265807,0.10995241010546909,0.07692307692307693,0.1,0.04712041884816754,0.049019607843137254,74.0,664.0,206.0,274.0,0.2702702702702703,0.3983739837398374
10,random,30,Logistic Regression,none,0.6190092629883206,0.12033112778372598,0.0,0.0,0.010471204188481676,0.00980392156862745,,,,,,
10,random,30,Logistic Regression,class_weight,0.5968586387434556,0.11643016217722486,0.46153846153846156,0.08450704225352113,0.3403141361256545,0.3480392156862745,,,,,,
10,random,30,Logistic Regression,smote,0.5811518324607331,0.09840478077872261,0.46153846153846156,0.08695652173913043,0.3298429319371728,0.3382352941176471,84.0,644.0,255.0,352.0,0.35714285714285715,0.5247252747252747
10,random,30,SVM,none,0.6322996375352397,0.14069405810695917,0.0,,0.0,0.0,,,,,,
10,random,30,SVM,class_weight,0.6411598872331856,0.13256871635826556,0.38461538461538464,0.16129032258064516,0.13612565445026178,0.15196078431372548,,,,,,
10,random,30,SVM,smote,0.5626258558195731,0.09587223401935238,0.07692307692307693,0.0625,0.07853403141361257,0.0784313725490196,84.0,644.0,255.0,352.0,0.35714285714285715,0.5247252747252747
10,outlier,0,Logistic Regression,none,0.6604913411196134,0.17606051827183924,0.07692307692307693,0.5,0.005235602094240838,0.00980392156862745,,,,,,
10,outlier,0,Logistic Regression,class_weight,0.657269432138542,0.16728443606973226,0.5384615384615384,0.11864406779661017,0.27225130890052357,0.28921568627450983,,,,,,
10,outlier,0,Logistic Regression,smote,0.6363270237615788,0.16018301481551495,0.38461538461538464,0.10204081632653061,0.23036649214659685,0.24019607843137256,54.0,704.0,0.0,0.0,0.0,0.0
10,outlier,0,SVM,none,0.6778091018928716,0.21077029246171214,0.0,,0.0,0.0,,,,,,
10,outlier,0,SVM,class_weight,0.6818364881192107,0.17176574445672205,0.38461538461538464,0.3125,0.05759162303664921,0.0784313725490196,,,,,,
10,outlier,0,SVM,smote,0.6584776480064438,0.14053820527776933,0.07692307692307693,0.125,0.03664921465968586,0.0392156862745098,54.0,704.0,0.0,0.0,0.0,0.0
10,outlier,2,Logistic Regression,none,0.6556584776480064,0.15398691706803164,0.0,0.0,0.005235602094240838,0.004901960784313725,,,,,,
10,outlier,2,Logistic Regression,class_weight,0.644381796214257,0.12907109640773107,0.5384615384615384,0.12962962962962962,0.24607329842931938,0.2647058823529412,,,,,,
10,outlier,2,Logistic Regression,smote,0.6335078534031414,0.14053694531636962,0.38461538461538464,0.09259259259259259,0.25654450261780104,0.2647058823529412,56.0,700.0,21.0,21.0,0.03571428571428571,0.03042328042328042
10,outlier,2,SVM,none,0.6874748288360855,0.17230114838318497,0.0,,0.0,0.0,,,,,,
10,outlier,2,SVM,class_weight,0.6878775674587194,0.17176753289402735,0.38461538461538464,0.3333333333333333,0.05235602094240838,0.07352941176470588,,,,,,
10,outlier,2,SVM,smote,0.6596858638743455,0.13631393210142745,0.07692307692307693,0.1,0.04712041884816754,0.049019607843137254,56.0,700.0,21.0,21.0,0.03571428571428571,0.03042328042328042
10,outlier,5,Logistic Regression,none,0.6959323399113976,0.14061900647034156,0.0,0.0,0.005235602094240838,0.004901960784313725,,,,,,
10,outlier,5,Logistic Regression,class_weight,0.6850583971002819,0.14805260116569402,0.5384615384615384,0.1206896551724138,0.2670157068062827,0.28431372549019607,,,,,,
10,outlier,5,Logistic Regression,smote,0.6612968183648812,0.12269465761603979,0.38461538461538464,0.08771929824561403,0.27225130890052357,0.27941176470588236,59.0,694.0,68.0,68.0,0.0847457627118644,0.09694555112881806
10,outlier,5,SVM,none,0.712041884816754,0.16370035434703453,0.0,,0.0,0.0,,,,,,
10,outlier,5,SVM,class_weight,0.7019734192509062,0.1775802658276306,0.38461538461538464,0.3333333333333333,0.05235602094240838,0.07352941176470588,,,,,,
10,outlier,5,SVM,smote,0.6709625453080951,0.13511537679651422,0.07692307692307693,0.1,0.04712041884816754,0.049019607843137254,59.0,694.0,68.0,68.0,0.0847457627118644,0.09694555112881806
10,outlier,10,Logistic Regression,none,0.6951268626661297,0.15067313752731565,0.0,0.0,0.005235602094240838,0.004901960784313725,,,,,,
10,outlier,10,Logistic Regression,class_weight,0.6721707611759968,0.1427976727721046,0.5384615384615384,0.1044776119402985,0.31413612565445026,0.3284313725490196,,,,,,
10,outlier,10,Logistic Regression,smote,0.653644784534837,0.11854553405663437,0.38461538461538464,0.08333333333333333,0.2879581151832461,0.29411764705882354,64.0,684.0,119.0,120.0,0.15625,0.17379679144385027
10,outlier,10,SVM,none,0.7132501006846557,0.1597195215630229,0.0,,0.0,0.0,,,,,,
10,outlier,10,SVM,class_weight,0.7015706806282723,0.17663063439829296,0.38461538461538464,0.2631578947368421,0.07329842931937172,0.09313725490196079,,,,,,
10,outlier,10,SVM,smote,0.6725734997986307,0.13012329481960616,0.15384615384615385,0.14285714285714285,0.06282722513089005,0.06862745098039216,64.0,684.0,119.0,120.0,0.15625,0.17379679144385027
10,outlier,15,Logistic Regression,none,0.7031816351188079,0.15996335992615965,0.0,0.0,0.005235602094240838,0.004901960784313725,,,,,,
10,outlier,15,Logistic Regression,class_weight,0.6709625453080951,0.14507946672614913,0.6153846153846154,0.12307692307692308,0.29842931937172773,0.31862745098039214,,,,,,
10,outlier,15,Logistic Regression,smote,0.6701570680628273,0.15065145933960844,0.5384615384615384,0.109375,0.29842931937172773,0.3137254901960784,69.0,674.0,149.0,159.0,0.21739130434782608,0.23418573351278602
10,outlier,15,SVM,none,0.6975432944019332,0.1313329856625756,0.0,,0.0,0.0,,,,,,
10,outlier,15,SVM,class_weight,0.6951268626661298,0.15234231185213654,0.38461538461538464,0.22727272727272727,0.08900523560209424,0.10784313725490197,,,,,,
10,outlier,15,SVM,smote,0.6661296818364881,0.12447578510024304,0.23076923076923078,0.16666666666666666,0.07853403141361257,0.08823529411764706,69.0,674.0,149.0,159.0,0.21739130434782608,0.23418573351278602
10,outlier,20,Logistic Regression,none,0.6749899315344342,0.12008211346112424,0.0,0.0,0.015706806282722512,0.014705882352941176,,,,,,
10,outlier,20,Logistic Regression,class_weight,0.6612968183648813,0.12052016008760398,0.5384615384615384,0.11864406779661017,0.27225130890052357,0.28921568627450983,,,,,,
10,outlier,20,Logistic Regression,smote,0.6270640354409988,0.10802471125637542,0.38461538461538464,0.08771929824561403,0.27225130890052357,0.27941176470588236,74.0,664.0,184.0,197.0,0.2702702702702703,0.2940379403794038
10,outlier,20,SVM,none,0.6886830447039871,0.12677215642247236,0.0,0.0,0.010471204188481676,0.00980392156862745,,,,,,
10,outlier,20,SVM,class_weight,0.6882803060813533,0.1511584683746558,0.38461538461538464,0.21739130434782608,0.09424083769633508,0.11274509803921569,,,,,,
10,outlier,20,SVM,smote,0.6548530004027386,0.12227206934658105,0.15384615384615385,0.125,0.07329842931937172,0.0784313725490196,74.0,664.0,184.0,197.0,0.2702702702702703,0.2940379403794038
10,outlier,30,Logistic Regression,none,0.6564639548932742,0.10425066120647533,0.0,0.0,0.031413612565445025,0.029411764705882353,,,,,,
10,outlier,30,Logistic Regression,class_weight,0.6540475231574708,0.1053202571682427,0.46153846153846156,0.1016949152542373,0.2774869109947644,0.28921568627450983,,,,,,
10,outlier,30,Logistic Regression,smote,0.6427708417237212,0.10905283797656816,0.38461538461538464,0.09090909090909091,0.2617801047120419,0.2696078431372549,84.0,644.0,237.0,256.0,0.35714285714285715,0.39285714285714285
10,outlier,30,SVM,none,0.6745871929118002,0.1222746322297234,0.0,0.0,0.020942408376963352,0.0196078431372549,,,,,,
10,outlier,30,SVM,class_weight,0.6890857833266211,0.1502237479727833,0.38461538461538464,0.18518518518518517,0.11518324607329843,0.1323529411764706,,,,,,
10,outlier,30,SVM,smote,0.6737817156665324,0.14300629798492603,0.38461538461538464,0.25,0.07853403141361257,0.09803921568627451,84.0,644.0,237.0,256.0,0.35714285714285715,0.39285714285714285
11,random,0,Logistic Regression,none,0.630688683044704,0.10217534834224326,0.0,,0.0,0.0,,,,,,
11,random,0,Logistic Regression,class_weight,0.6190092629883206,0.10555525591397599,0.38461538461538464,0.09090909090909091,0.2617801047120419,0.2696078431372549,,,,,,
11,random,0,Logistic Regression,smote,0.616995569875151,0.14531707034830219,0.38461538461538464,0.09803921568627451,0.24083769633507854,0.25,54.0,704.0,0.0,0.0,0.0,0.0
11,random,0,SVM,none,0.7382198952879581,0.3630010378063463,0.0,,0.0,0.0,,,,,,
11,random,0,SVM,class_weight,0.7039871123640759,0.24941399462796293,0.23076923076923078,0.16666666666666666,0.07853403141361257,0.08823529411764706,,,,,,
11,random,0,SVM,smote,0.6898912605718889,0.21918004765399554,0.23076923076923078,0.2,0.06282722513089005,0.07352941176470588,54.0,704.0,0.0,0.0,0.0,0.0
11,random,2,Logistic Regression,none,0.6133709222714459,0.09459835331935854,0.0,,0.0,0.0,,,,,,
11,random,2,Logistic Regression,class_weight,0.6045106725734999,0.09937174777101838,0.3076923076923077,0.07017543859649122,0.2774869109947644,0.27941176470588236,,,,,,
11,random,2,Logistic Regression,smote,0.6109544905356423,0.11596841508460676,0.3076923076923077,0.08,0.24083769633507854,0.24509803921568626,56.0,700.0,26.0,30.0,0.03571428571428571,0.042328042328042326
11,random,2,SVM,none,0.7345952476842529,0.31178536346206376,0.0,,0.0,0.0,,,,,,
11,random,2,SVM,class_weight,0.7007652033830044,0.24527753610952613,0.23076923076923078,0.16666666666666666,0.07853403141361257,0.08823529411764706,,,,,,
11,random,2,SVM,smote,0.6810310108739428,0.21835603344839916,0.23076923076923078,0.2,0.06282722513089005,0.07352941176470588,56.0,700.0,26.0,30.0,0.03571428571428571,0.042328042328042326
11,random,5,Logistic Regression,none,0.6129681836488119,0.09754776690005829,0.0,0.0,0.005235602094240838,0.004901960784313725,,,,,,
11,random,5,Logistic Regression,class_weight,0.6093435360451067,0.11214934929259215,0.3076923076923077,0.07142857142857142,0.27225130890052357,0.27450980392156865,,,,,,
11,random,5,Logistic Regression,smote,0.6057188884414015,0.12774395908848046,0.38461538461538464,0.08928571428571429,0.2670157068062827,0.27450980392156865,59.0,694.0,52.0,98.0,0.0847457627118644,0.13678618857901725
11,random,5,SVM,none,0.7168747482883608,0.34125010536452105,0.0,,0.0,0.0,,,,,,
11,random,5,SVM,class_weight,0.6882803060813532,0.28550573289200776,0.3076923076923077,0.2,0.08376963350785341,0.09803921568627451,,,,,,
11,random,5,SVM,smote,0.6778091018928716,0.28302443193061055,0.3076923076923077,0.25,0.06282722513089005,0.0784313725490196,59.0,694.0,52.0,98.0,0.0847457627118644,0.13678618857901725
11,random,10,Logistic Regression,none,0.6274667740636327,0.10541348934821125,0.0,0.0,0.010471204188481676,0.00980392156862745,,,,,,
11,random,10,Logistic Regression,class_weight,0.6161900926298832,0.10759994723931471,0.38461538461538464,0.0847457627118644,0.28272251308900526,0.28921568627450983,,,,,,
11,random,10,Logistic Regression,smote,0.6310914216673379,0.12631407966426944,0.38461538461538464,0.08928571428571429,0.2670157068062827,0.27450980392156865,64.0,684.0,99.0,164.0,0.15625,0.232620320855615
11,random,10,SVM,none,0.720499395892066,0.258051698946712,0.0,,0.0,0.0,,,,,,
11,random,10,SVM,class_weight,0.6866693515908175,0.28238566367254275,0.3076923076923077,0.19047619047619047,0.08900523560209424,0.10294117647058823,,,,,,
11,random,10,SVM,smote,0.6810310108739428,0.2820299267977252,0.3076923076923077,0.25,0.06282722513089005,0.0784313725490196,64.0,684.0,99.0,164.0,0.15625,0.232620320855615
11,random,15,Logistic Regression,none,0.6427708417237213,0.10960290843677699,0.0,0.0,0.005235602094240838,0.004901960784313725,,,,,,
11,random,15,Logistic Regression,class_weight,0.6379379782521144,0.14243457101575469,0.46153846153846156,0.09230769230769231,0.3089005235602094,0.31862745098039214,,,,,,
11,random,15,Logistic Regression,smote,0.6496173983084977,0.15549617299009208,0.46153846153846156,0.09523809523809523,0.29842931937172773,0.3088235294117647,69.0,674.0,135.0,226.0,0.21739130434782608,0.3243606998654105
11,random,15,SVM,none,0.7434554973821991,0.29245319207417997,0.0,,0.0,0.0,,,,,,
11,random,15,SVM,class_weight,0.716069271043093,0.24916485834670646,0.46153846153846156,0.20689655172413793,0.12041884816753927,0.14215686274509803,,,,,,
11,random,15,SVM,smote,0.7096254530809505,0.20965908553064633,0.3076923076923077,0.21052631578947367,0.07853403141361257,0.09313725490196079,69.0,674.0,135.0,226.0,0.21739130434782608,0.3243606998654105
11,random,20,Logistic Regression,none,0.6592831252517117,0.11813948213912846,0.0,0.0,0.005235602094240838,0.004901960784313725,,,,,,
11,random,20,Logistic Regression,class_weight,0.6552557390253726,0.132119633762246,0.6153846153846154,0.1095890410958904,0.3403141361256545,0.35784313725490197,,,,,,
11,random,20,Logistic Regression,smote,0.6608940797422473,0.1351517280477348,0.46153846153846156,0.08571428571428572,0.33507853403141363,0.3431372549019608,74.0,664.0,158.0,264.0,0.2702702702702703,0.38482384823848237
11,random,20,SVM,none,0.7728554168344745,0.2965159455956583,0.0,,0.0,0.0,,,,,,
11,random,20,SVM,class_weight,0.7273459524768425,0.22360493401323334,0.46153846153846156,0.17142857142857143,0.1518324607329843,0.1715686274509804,,,,,,
11,random,20,SVM,smote,0.7188884414015304,0.2029105961843548,0.3076923076923077,0.14814814814814814,0.12041884816753927,0.1323529411764706,74.0,664.0,158.0,264.0,0.2702702702702703,0.38482384823848237
11,random,30,Logistic Regression,none,0.6564639548932742,0.11527422597263891,0.0,0.0,0.005235602094240838,0.004901960784313725,,,,,,
11,random,30,Logistic Regression,class_weight,0.6459927507047927,0.1284383503162546,0.6153846153846154,0.10810810810810811,0.34554973821989526,0.3627450980392157,,,,,,
11,random,30,Logistic Regression,smote,0.6258558195730971,0.11688200002527187,0.5384615384615384,0.09722222222222222,0.3403141361256545,0.35294117647058826,84.0,644.0,235.0,358.0,0.35714285714285715,0.532967032967033
11,random,30,SVM,none,0.7241240434957713,0.29158587783854995,0.0,,0.0,0.0,,,,,,
11,random,30,SVM,class_weight,0.693515908175594,0.26535964650980387,0.46153846153846156,0.16666666666666666,0.15706806282722513,0.17647058823529413,,,,,,
11,random,30,SVM,smote,0.6608940797422472,0.21944972578677363,0.23076923076923078,0.10714285714285714,0.13089005235602094,0.13725490196078433,84.0,644.0,235.0,358.0,0.35714285714285715,0.532967032967033
11,outlier,0,Logistic Regression,none,0.630688683044704,0.10217534834224326,0.0,,0.0,0.0,,,,,,
11,outlier,0,Logistic Regression,class_weight,0.6190092629883206,0.10555525591397599,0.38461538461538464,0.09090909090909091,0.2617801047120419,0.2696078431372549,,,,,,
11,outlier,0,Logistic Regression,smote,0.616995569875151,0.14531707034830219,0.38461538461538464,0.09803921568627451,0.24083769633507854,0.25,54.0,704.0,0.0,0.0,0.0,0.0
11,outlier,0,SVM,none,0.7382198952879581,0.3630010378063463,0.0,,0.0,0.0,,,,,,
11,outlier,0,SVM,class_weight,0.7039871123640759,0.24941399462796293,0.23076923076923078,0.16666666666666666,0.07853403141361257,0.08823529411764706,,,,,,
11,outlier,0,SVM,smote,0.6898912605718889,0.21918004765399554,0.23076923076923078,0.2,0.06282722513089005,0.07352941176470588,54.0,704.0,0.0,0.0,0.0,0.0
11,outlier,2,Logistic Regression,none,0.6423681031010875,0.09924184147985357,0.0,,0.0,0.0,,,,,,
11,outlier,2,Logistic Regression,class_weight,0.6258558195730971,0.1056060152593609,0.38461538461538464,0.09615384615384616,0.24607329842931938,0.2549019607843137,,,,,,
11,outlier,2,Logistic Regression,smote,0.6214256947241241,0.11082512881392523,0.38461538461538464,0.10204081632653061,0.23036649214659685,0.24019607843137256,56.0,700.0,25.0,25.0,0.03571428571428571,0.03571428571428571
11,outlier,2,SVM,none,0.7313733387031817,0.3053544649373359,0.0,,0.0,0.0,,,,,,
11,outlier,2,SVM,class_weight,0.7055980668546115,0.25091291341673755,0.23076923076923078,0.16666666666666666,0.07853403141361257,0.08823529411764706,,,,,,
11,outlier,2,SVM,smote,0.6915022150624245,0.22359116124132097,0.23076923076923078,0.2,0.06282722513089005,0.07352941176470588,56.0,700.0,25.0,25.0,0.03571428571428571,0.03571428571428571
11,outlier,5,Logistic Regression,none,0.6327023761578735,0.08882416222298464,0.0,0.0,0.005235602094240838,0.004901960784313725,,,,,,
11,outlier,5,Logistic Regression,class_weight,0.6053161498187676,0.0958819352598354,0.38461538461538464,0.08928571428571429,0.2670157068062827,0.27450980392156865,,,,,,
11,outlier,5,Logistic Regression,smote,0.5964559001208216,0.10110773495118941,0.38461538461538464,0.08928571428571429,0.2670157068062827,0.27450980392156865,59.0,694.0,70.0,77.0,0.0847457627118644,0.10889774236387782
11,outlier,5,SVM,none,0.7104309303262183,0.22497827823510344,0.0,,0.0,0.0,,,,,,
11,outlier,5,SVM,class_weight,0.7027788964961741,0.25000441075731356,0.3076923076923077,0.21052631578947367,0.07853403141361257,0.09313725490196079,,,,,,
11,outlier,5,SVM,smote,0.6898912605718889,0.23278408411697668,0.23076923076923078,0.1875,0.06806282722513089,0.0784313725490196,59.0,694.0,70.0,77.0,0.0847457627118644,0.10889774236387782
11,outlier,10,Logistic Regression,none,0.6335078534031414,0.08911939568417347,0.0,0.0,0.015706806282722512,0.014705882352941176,,,,,,
11,outlier,10,Logistic Regression,class_weight,0.6101490132903746,0.09418109113595552,0.3076923076923077,0.06779661016949153,0.2879581151832461,0.28921568627450983,,,,,,
11,outlier,10,Logistic Regression,smote,0.6057188884414015,0.09585269940135453,0.38461538461538464,0.09259259259259259,0.25654450261780104,0.2647058823529412,64.0,684.0,116.0,125.0,0.15625,0.1804812834224599
11,outlier,10,SVM,none,0.7076117599677809,0.15649996866070542,0.0,,0.0,0.0,,,,,,
11,outlier,10,SVM,class_weight,0.6995569875151028,0.2421330068267743,0.3076923076923077,0.18181818181818182,0.09424083769633508,0.10784313725490197,,,,,,
11,outlier,10,SVM,smote,0.6931131695529602,0.23126115559622834,0.23076923076923078,0.1875,0.06806282722513089,0.0784313725490196,64.0,684.0,116.0,125.0,0.15625,0.1804812834224599
11,outlier,15,Logistic Regression,none,0.6057188884414015,0.08338352149093424,0.0,0.0,0.015706806282722512,0.014705882352941176,,,,,,
11,outlier,15,Logistic Regression,class_weight,0.5879983890455095,0.09016085097389033,0.3076923076923077,0.06451612903225806,0.3036649214659686,0.30392156862745096,,,,,,
11,outlier,15,Logistic Regression,smote,0.5847764800644382,0.09462755979359987,0.3076923076923077,0.06896551724137931,0.28272251308900526,0.28431372549019607,69.0,674.0,151.0,163.0,0.21739130434782608,0.2395693135935397
11,outlier,15,SVM,none,0.6834474426097463,0.12477949553067148,0.0,,0.0,0.0,,,,,,
11,outlier,15,SVM,class_weight,0.6850583971002819,0.22450101078748358,0.3076923076923077,0.15384615384615385,0.11518324607329843,0.12745098039215685,,,,,,
11,outlier,15,SVM,smote,0.6733789770438985,0.23392838142781314,0.23076923076923078,0.15,0.08900523560209424,0.09803921568627451,69.0,674.0,151.0,163.0,0.21739130434782608,0.2395693135935397
11,outlier,20,Logistic Regression,none,0.5972613773660894,0.08217777591502187,0.0,0.0,0.020942408376963352,0.0196078431372549,,,,,,
11,outlier,20,Logistic Regression,class_weight,0.5734997986306887,0.08522073916203458,0.3076923076923077,0.06779661016949153,0.2879581151832461,0.28921568627450983,,,,,,
11,outlier,20,Logistic Regression,smote,0.5730970600080548,0.08886803774567983,0.3076923076923077,0.07407407407407407,0.2617801047120419,0.2647058823529412,74.0,664.0,195.0,208.0,0.2702702702702703,0.3089430894308943
11,outlier,20,SVM,none,0.6741844542891663,0.11400494858635761,0.0,0.0,0.010471204188481676,0.00980392156862745,,,,,,
11,outlier,20,SVM,class_weight,0.6834474426097463,0.18929751514924853,0.3076923076923077,0.13793103448275862,0.13089005235602094,0.14215686274509803,,,,,,
11,outlier,20,SVM,smote,0.6749899315344342,0.19650267362730583,0.23076923076923078,0.15,0.08900523560209424,0.09803921568627451,74.0,664.0,195.0,208.0,0.2702702702702703,0.3089430894308943
11,outlier,30,Logistic Regression,none,0.5875956504228755,0.07976554075177242,0.0,0.0,0.04712041884816754,0.04411764705882353,,,,,,
11,outlier,30,Logistic Regression,class_weight,0.5739025372533226,0.08499157124513274,0.3076923076923077,0.06557377049180328,0.29842931937172773,0.29901960784313725,,,,,,
11,outlier,30,Logistic Regression,smote,0.5730970600080548,0.09015569910496957,0.38461538461538464,0.08333333333333333,0.2879581151832461,0.29411764705882354,84.0,644.0,226.0,248.0,0.35714285714285715,0.38186813186813184
11,outlier,30,SVM,none,0.6226339105920258,0.09567801699751205,0.0,0.0,0.020942408376963352,0.0196078431372549,,,,,,
11,outlier,30,SVM,class_weight,0.6725734997986307,0.17610278088922918,0.3076923076923077,0.1111111111111111,0.16753926701570682,0.17647058823529413,,,,,,
11,outlier,30,SVM,smote,0.6604913411196134,0.1386833369793401,0.23076923076923078,0.11538461538461539,0.12041884816753927,0.12745098039215685,84.0,644.0,226.0,248.0,0.35714285714285715,0.38186813186813184
12,random,0,Logistic Regression,none,0.8944824808699154,0.38589087064696825,0.15384615384615385,0.6666666666666666,0.005235602094240838,0.014705882352941176,,,,,,
12,random,0,Logistic Regression,class_weight,0.8948852194925494,0.35999047063537015,0.8461538461538461,0.1864406779661017,0.2513089005235602,0.28921568627450983,,,,,,
12,random,0,Logistic Regression,smote,0.8920660491341119,0.3684567249442784,0.8461538461538461,0.19642857142857142,0.2356020942408377,0.27450980392156865,54.0,704.0,0.0,0.0,0.0,0.0
12,random,0,SVM,none,0.7345952476842529,0.3572432840371284,0.0,,0.0,0.0,,,,,,
12,random,0,SVM,class_weight,0.8642770841723721,0.3264811491955729,0.38461538461538464,0.2631578947368421,0.07329842931937172,0.09313725490196079,,,,,,
12,random,0,SVM,smote,0.8268223922674185,0.2896545428634969,0.15384615384615385,0.18181818181818182,0.04712041884816754,0.05392156862745098,54.0,704.0,0.0,0.0,0.0,0.0
12,random,2,Logistic Regression,none,0.8880386629077729,0.3786122910474613,0.07692307692307693,0.3333333333333333,0.010471204188481676,0.014705882352941176,,,,,,
12,random,2,Logistic Regression,class_weight,0.8932742650020136,0.4012945967039372,0.9230769230769231,0.19047619047619047,0.2670157068062827,0.3088235294117647,,,,,,
12,random,2,Logistic Regression,smote,0.8900523560209423,0.386868337484513,0.9230769230769231,0.21428571428571427,0.23036649214659685,0.27450980392156865,56.0,700.0,24.0,31.0,0.03571428571428571,0.04365079365079365
12,random,2,SVM,none,0.7386226339105921,0.3224173999000839,0.0,,0.0,0.0,,,,,,
12,random,2,SVM,class_weight,0.8614579138139348,0.3313184692447612,0.5384615384615384,0.35,0.06806282722513089,0.09803921568627451,,,,,,
12,random,2,SVM,smote,0.819573097060008,0.2840669867496749,0.23076923076923078,0.23076923076923078,0.05235602094240838,0.06372549019607843,56.0,700.0,24.0,31.0,0.03571428571428571,0.04365079365079365
12,random,5,Logistic Regression,none,0.8811921063229964,0.3558301886328667,0.07692307692307693,0.3333333333333333,0.010471204188481676,0.014705882352941176,,,,,,
12,random,5,Logistic Regression,class_weight,0.892066049134112,0.3428196003830166,0.9230769230769231,0.19047619047619047,0.2670157068062827,0.3088235294117647,,,,,,
12,random,5,Logistic Regression,smote,0.8880386629077729,0.39827341061926913,0.8461538461538461,0.21153846153846154,0.21465968586387435,0.2549019607843137,59.0,694.0,54.0,80.0,0.0847457627118644,0.11288180610889774
12,random,5,SVM,none,0.7668143374949659,0.33525550065743576,0.0,,0.0,0.0,,,,,,
12,random,5,SVM,class_weight,0.8852194925493355,0.3659221259430752,0.6153846153846154,0.38095238095238093,0.06806282722513089,0.10294117647058823,,,,,,
12,random,5,SVM,smote,0.8413209826822392,0.3093545487907992,0.23076923076923078,0.21428571428571427,0.05759162303664921,0.06862745098039216,59.0,694.0,54.0,80.0,0.0847457627118644,0.11288180610889774
12,random,10,Logistic Regression,none,0.8795811518324608,0.3367542934050066,0.07692307692307693,0.3333333333333333,0.010471204188481676,0.014705882352941176,,,,,,
12,random,10,Logistic Regression,class_weight,0.8844140153040677,0.3214111262024334,1.0,0.2,0.27225130890052357,0.31862745098039214,,,,,,
12,random,10,Logistic Regression,smote,0.8912605718888441,0.344660825418449,0.9230769230769231,0.2033898305084746,0.24607329842931938,0.28921568627450983,64.0,684.0,93.0,144.0,0.15625,0.20588235294117646
12,random,10,SVM,none,0.7599677809101893,0.36563014825279155,0.0,,0.0,0.0,,,,,,
12,random,10,SVM,class_weight,0.8795811518324608,0.3284308234003005,0.6923076923076923,0.36,0.08376963350785341,0.12254901960784313,,,,,,
12,random,10,SVM,smote,0.8413209826822393,0.27381197778627286,0.3076923076923077,0.23529411764705882,0.06806282722513089,0.08333333333333333,64.0,684.0,93.0,144.0,0.15625,0.20588235294117646
12,random,15,Logistic Regression,none,0.8787756745871929,0.32457899394815043,0.07692307692307693,0.25,0.015706806282722512,0.0196078431372549,,,,,,
12,random,15,Logistic Regression,class_weight,0.8815948449456302,0.3294935759726362,1.0,0.2,0.27225130890052357,0.31862745098039214,,,,,,
12,random,15,Logistic Regression,smote,0.8880386629077729,0.3862827320116803,0.8461538461538461,0.19298245614035087,0.24083769633507854,0.27941176470588236,69.0,674.0,139.0,247.0,0.21739130434782608,0.35262449528936746
12,random,15,SVM,none,0.7374144180426904,0.35840791256298427,0.0,,0.0,0.0,,,,,,
12,random,15,SVM,class_weight,0.8546113572291583,0.3058074684418344,0.6153846153846154,0.2962962962962963,0.09947643979057591,0.1323529411764706,,,,,,
12,random,15,SVM,smote,0.811115585984696,0.25068563845724123,0.38461538461538464,0.29411764705882354,0.06282722513089005,0.08333333333333333,69.0,674.0,139.0,247.0,0.21739130434782608,0.35262449528936746
12,random,20,Logistic Regression,none,0.8707209021345146,0.3086653188629916,0.0,0.0,0.010471204188481676,0.00980392156862745,,,,,,
12,random,20,Logistic Regression,class_weight,0.8844140153040676,0.35604057885434404,0.8461538461538461,0.1774193548387097,0.2670157068062827,0.30392156862745096,,,,,,
12,random,20,Logistic Regression,smote,0.8590414820781314,0.32137506503451757,0.7692307692307693,0.18181818181818182,0.2356020942408377,0.2696078431372549,74.0,664.0,180.0,294.0,0.2702702702702703,0.4254742547425474
12,random,20,SVM,none,0.7382198952879581,0.3367063268806009,0.0,,0.0,0.0,,,,,,
12,random,20,SVM,class_weight,0.8525976641159887,0.3691102422418574,0.6923076923076923,0.34615384615384615,0.08900523560209424,0.12745098039215685,,,,,,
12,random,20,SVM,smote,0.8191703584373744,0.30771515610685396,0.38461538461538464,0.29411764705882354,0.06282722513089005,0.08333333333333333,74.0,664.0,180.0,294.0,0.2702702702702703,0.4254742547425474
12,random,30,Logistic Regression,none,0.8884414015304068,0.3726657743426586,0.0,0.0,0.005235602094240838,0.004901960784313725,,,,,,
12,random,30,Logistic Regression,class_weight,0.8848167539267016,0.39302820761425716,0.9230769230769231,0.17142857142857143,0.3036649214659686,0.3431372549019608,,,,,,
12,random,30,Logistic Regression,smote,0.8791784132098268,0.4015715776501389,0.8461538461538461,0.1774193548387097,0.2670157068062827,0.30392156862745096,84.0,644.0,233.0,352.0,0.35714285714285715,0.5247252747252747
12,random,30,SVM,none,0.7362062021747887,0.34093135070524094,0.0,,0.0,0.0,,,,,,
12,random,30,SVM,class_weight,0.8409182440596054,0.2858098362962674,0.7692307692307693,0.29411764705882354,0.1256544502617801,0.16666666666666666,,,,,,
12,random,30,SVM,smote,0.8062827225130891,0.29264492261715663,0.46153846153846156,0.3,0.07329842931937172,0.09803921568627451,84.0,644.0,233.0,352.0,0.35714285714285715,0.5247252747252747
12,outlier,0,Logistic Regression,none,0.8944824808699154,0.38589087064696825,0.15384615384615385,0.6666666666666666,0.005235602094240838,0.014705882352941176,,,,,,
12,outlier,0,Logistic Regression,class_weight,0.8948852194925494,0.35999047063537015,0.8461538461538461,0.1864406779661017,0.2513089005235602,0.28921568627450983,,,,,,
12,outlier,0,Logistic Regression,smote,0.8920660491341119,0.3684567249442784,0.8461538461538461,0.19642857142857142,0.2356020942408377,0.27450980392156865,54.0,704.0,0.0,0.0,0.0,0.0
12,outlier,0,SVM,none,0.7345952476842529,0.3572432840371284,0.0,,0.0,0.0,,,,,,
12,outlier,0,SVM,class_weight,0.8642770841723721,0.3264811491955729,0.38461538461538464,0.2631578947368421,0.07329842931937172,0.09313725490196079,,,,,,
12,outlier,0,SVM,smote,0.8268223922674185,0.2896545428634969,0.15384615384615385,0.18181818181818182,0.04712041884816754,0.05392156862745098,54.0,704.0,0.0,0.0,0.0,0.0
12,outlier,2,Logistic Regression,none,0.8795811518324608,0.337547142803161,0.07692307692307693,0.3333333333333333,0.010471204188481676,0.014705882352941176,,,,,,
12,outlier,2,Logistic Regression,class_weight,0.8848167539267016,0.3331858698323388,0.8461538461538461,0.1864406779661017,0.2513089005235602,0.28921568627450983,,,,,,
12,outlier,2,Logistic Regression,smote,0.8860249697946033,0.3517240159701288,0.7692307692307693,0.18867924528301888,0.225130890052356,0.25980392156862747,56.0,700.0,27.0,27.0,0.03571428571428571,0.03835978835978836
12,outlier,2,SVM,none,0.7225130890052356,0.2607833959887639,0.0,,0.0,0.0,,,,,,
12,outlier,2,SVM,class_weight,0.859846959323399,0.3294483690868792,0.38461538461538464,0.2631578947368421,0.07329842931937172,0.09313725490196079,,,,,,
12,outlier,2,SVM,smote,0.8147402335884012,0.268658695355668,0.15384615384615385,0.16666666666666666,0.05235602094240838,0.058823529411764705,56.0,700.0,27.0,27.0,0.03571428571428571,0.03835978835978836
12,outlier,5,Logistic Regression,none,0.8525976641159887,0.2755011444003487,0.07692307692307693,0.5,0.005235602094240838,0.00980392156862745,,,,,,
12,outlier,5,Logistic Regression,class_weight,0.8642770841723721,0.3222509116195329,0.7692307692307693,0.15151515151515152,0.2931937172774869,0.3235294117647059,,,,,,
12,outlier,5,Logistic Regression,smote,0.8622633910592026,0.284133149895905,0.6923076923076923,0.15254237288135594,0.2617801047120419,0.28921568627450983,59.0,694.0,60.0,66.0,0.0847457627118644,0.09428950863213811
12,outlier,5,SVM,none,0.7192911800241644,0.23625585577308825,0.0,,0.0,0.0,,,,,,
12,outlier,5,SVM,class_weight,0.8594442207007651,0.32853323411694035,0.38461538461538464,0.2631578947368421,0.07329842931937172,0.09313725490196079,,,,,,
12,outlier,5,SVM,smote,0.82078131292791,0.2823958253526401,0.23076923076923078,0.23076923076923078,0.05235602094240838,0.06372549019607843,59.0,694.0,60.0,66.0,0.0847457627118644,0.09428950863213811
12,outlier,10,Logistic Regression,none,0.8203785743052758,0.20358120648948375,0.07692307692307693,0.2,0.020942408376963352,0.024509803921568627,,,,,,
12,outlier,10,Logistic Regression,class_weight,0.8542086186065243,0.25687540403564746,0.7692307692307693,0.16129032258064516,0.27225130890052357,0.30392156862745096,,,,,,
12,outlier,10,Logistic Regression,smote,0.8328634716069271,0.2194621168305379,0.6923076923076923,0.14516129032258066,0.2774869109947644,0.30392156862745096,64.0,684.0,123.0,135.0,0.15625,0.19385026737967914
12,outlier,10,SVM,none,0.7217076117599678,0.2074284042412185,0.0,,0.0,0.0,,,,,,
12,outlier,10,SVM,class_weight,0.8505839710028191,0.30698936561345525,0.46153846153846156,0.2727272727272727,0.08376963350785341,0.10784313725490197,,,,,,
12,outlier,10,SVM,smote,0.8086991542488926,0.24750518816086753,0.23076923076923078,0.14285714285714285,0.09424083769633508,0.10294117647058823,64.0,684.0,123.0,135.0,0.15625,0.19385026737967914
12,outlier,15,Logistic Regression,none,0.8078936770036247,0.20491379015571423,0.07692307692307693,0.16666666666666666,0.02617801047120419,0.029411764705882353,,,,,,
12,outlier,15,Logistic Regression,class_weight,0.8429319371727748,0.2824462185616955,0.7692307692307693,0.15873015873015872,0.2774869109947644,0.3088235294117647,,,,,,
12,outlier,15,Logistic Regression,smote,0.8288360853805881,0.29065656833412656,0.6923076923076923,0.140625,0.2879581151832461,0.3137254901960784,69.0,674.0,162.0,173.0,0.21739130434782608,0.253028263795424
12,outlier,15,SVM,none,0.7192911800241644,0.17687580501909356,0.0,0.0,0.010471204188481676,0.00980392156862745,,,,,,
12,outlier,15,SVM,class_weight,0.8441401530406766,0.2418707264919027,0.5384615384615384,0.25,0.1099476439790576,0.13725490196078433,,,,,,
12,outlier,15,SVM,smote,0.8171566653242047,0.2609663597552074,0.3076923076923077,0.17391304347826086,0.09947643979057591,0.11274509803921569,69.0,674.0,162.0,173.0,0.21739130434782608,0.253028263795424
12,outlier,20,Logistic Regression,none,0.797019734192509,0.19509804332214373,0.07692307692307693,0.16666666666666666,0.02617801047120419,0.029411764705882353,,,,,,
12,outlier,20,Logistic Regression,class_weight,0.837696335078534,0.2807505783920579,0.7692307692307693,0.16393442622950818,0.2670157068062827,0.29901960784313725,,,,,,
12,outlier,20,Logistic Regression,smote,0.8356826419653645,0.27170490141736575,0.6923076923076923,0.15789473684210525,0.2513089005235602,0.27941176470588236,74.0,664.0,179.0,197.0,0.2702702702702703,0.2940379403794038
12,outlier,20,SVM,none,0.7462746677406364,0.14748309470570758,0.0,0.0,0.010471204188481676,0.00980392156862745,,,,,,
12,outlier,20,SVM,class_weight,0.8485702778896497,0.21872890120833316,0.5384615384615384,0.25,0.1099476439790576,0.13725490196078433,,,,,,
12,outlier,20,SVM,smote,0.8199758356826421,0.2102167818372714,0.38461538461538464,0.18518518518518517,0.11518324607329843,0.1323529411764706,74.0,664.0,179.0,197.0,0.2702702702702703,0.2940379403794038
12,outlier,30,Logistic Regression,none,0.770438985098671,0.14144946580687096,0.07692307692307693,0.1,0.04712041884816754,0.049019607843137254,,,,,,
12,outlier,30,Logistic Regression,class_weight,0.815545710833669,0.18992923549493612,0.6923076923076923,0.15517241379310345,0.25654450261780104,0.28431372549019607,,,,,,
12,outlier,30,Logistic Regression,smote,0.8163511880789368,0.18690016554449523,0.7692307692307693,0.16666666666666666,0.2617801047120419,0.29411764705882354,84.0,644.0,204.0,225.0,0.35714285714285715,0.35027472527472525
12,outlier,30,SVM,none,0.7511075312122433,0.14503566689629213,0.0,0.0,0.015706806282722512,0.014705882352941176,,,,,,
12,outlier,30,SVM,class_weight,0.842126459927507,0.21559981900570888,0.5384615384615384,0.2413793103448276,0.11518324607329843,0.14215686274509803,,,,,,
12,outlier,30,SVM,smote,0.8256141763995167,0.21983676404923888,0.46153846153846156,0.20689655172413793,0.12041884816753927,0.14215686274509803,84.0,644.0,204.0,225.0,0.35714285714285715,0.35027472527472525
13,random,0,Logistic Regression,none,0.761175996778091,0.20172119182590034,0.0,,0.0,0.0,,,,,,
13,random,0,Logistic Regression,class_weight,0.756745871929118,0.19235219618942478,0.6153846153846154,0.13793103448275862,0.2617801047120419,0.28431372549019607,,,,,,
13,random,0,Logistic Regression,smote,0.7700362464760371,0.24772395864692456,0.5384615384615384,0.13725490196078433,0.23036649214659685,0.25,54.0,704.0,0.0,0.0,0.0,0.0
13,random,0,SVM,none,0.7744663713250101,0.27025761141179183,0.0,,0.0,0.0,,,,,,
13,random,0,SVM,class_weight,0.8393072895690697,0.3687525393030716,0.23076923076923078,0.2,0.06282722513089005,0.07352941176470588,,,,,,
13,random,0,SVM,smote,0.8167539267015707,0.3365035306119796,0.23076923076923078,0.21428571428571427,0.05759162303664921,0.06862745098039216,54.0,704.0,0.0,0.0,0.0,0.0
13,random,2,Logistic Regression,none,0.7555376560612164,0.2041574473603596,0.0,,0.0,0.0,,,,,,
13,random,2,Logistic Regression,class_weight,0.7378171566653242,0.19312050200409467,0.6153846153846154,0.13333333333333333,0.27225130890052357,0.29411764705882354,,,,,,
13,random,2,Logistic Regression,smote,0.7623842126459928,0.2594485775472713,0.5384615384615384,0.1346153846153846,0.2356020942408377,0.2549019607843137,56.0,700.0,28.0,40.0,0.03571428571428571,0.05555555555555555
13,random,2,SVM,none,0.7841320982682239,0.26418740057998424,0.0,,0.0,0.0,,,,,,
13,random,2,SVM,class_weight,0.8324607329842932,0.31660045993661606,0.23076923076923078,0.15,0.08900523560209424,0.09803921568627451,,,,,,
13,random,2,SVM,smote,0.8086991542488925,0.3121228327783936,0.23076923076923078,0.2,0.06282722513089005,0.07352941176470588,56.0,700.0,28.0,40.0,0.03571428571428571,0.05555555555555555
13,random,5,Logistic Regression,none,0.7515102698348772,0.2036949892103046,0.0,,0.0,0.0,,,,,,
13,random,5,Logistic Regression,class_weight,0.7317760773258155,0.18111868557476982,0.5384615384615384,0.11666666666666667,0.2774869109947644,0.29411764705882354,,,,,,
13,random,5,Logistic Regression,smote,0.7354007249295207,0.23900464096875854,0.5384615384615384,0.11864406779661017,0.27225130890052357,0.28921568627450983,59.0,694.0,71.0,105.0,0.0847457627118644,0.1460823373173971
13,random,5,SVM,none,0.8030608135320177,0.2849561804752643,0.0,,0.0,0.0,,,,,,
13,random,5,SVM,class_weight,0.8352799033427306,0.31543723232108356,0.3076923076923077,0.2,0.08376963350785341,0.09803921568627451,,,,,,
13,random,5,SVM,smote,0.8159484494563028,0.299540867541627,0.15384615384615385,0.13333333333333333,0.06806282722513089,0.07352941176470588,59.0,694.0,71.0,105.0,0.0847457627118644,0.1460823373173971
13,random,10,Logistic Regression,none,0.7478856222311719,0.1867312428754749,0.0,,0.0,0.0,,,,,,
13,random,10,Logistic Regression,class_weight,0.7362062021747886,0.17963254740780746,0.5384615384615384,0.11475409836065574,0.28272251308900526,0.29901960784313725,,,,,,
13,random,10,Logistic Regression,smote,0.7490938380990737,0.194393272632373,0.5384615384615384,0.12727272727272726,0.2513089005235602,0.2696078431372549,64.0,684.0,108.0,194.0,0.15625,0.2727272727272727
13,random,10,SVM,none,0.8054772452678212,0.2832593008729084,0.0,,0.0,0.0,,,,,,
13,random,10,SVM,class_weight,0.8344744260974628,0.3193604493595481,0.3076923076923077,0.2,0.08376963350785341,0.09803921568627451,,,,,,
13,random,10,SVM,smote,0.8147402335884011,0.30128939498467605,0.15384615384615385,0.1111111111111111,0.08376963350785341,0.08823529411764706,64.0,684.0,108.0,194.0,0.15625,0.2727272727272727
13,random,15,Logistic Regression,none,0.7652033830044301,0.18044441078510073,0.0,,0.0,0.0,,,,,,
13,random,15,Logistic Regression,class_weight,0.7478856222311719,0.15959952404113018,0.5384615384615384,0.11864406779661017,0.27225130890052357,0.28921568627450983,,,,,,
13,random,15,Logistic Regression,smote,0.7672170761175997,0.2167775821407569,0.6153846153846154,0.13793103448275862,0.2617801047120419,0.28431372549019607,69.0,674.0,138.0,252.0,0.21739130434782608,0.35935397039030953
13,random,15,SVM,none,0.8127265404752316,0.29071374870195127,0.0,,0.0,0.0,,,,,,
13,random,15,SVM,class_weight,0.8352799033427306,0.3086172812537691,0.5384615384615384,0.25925925925925924,0.10471204188481675,0.1323529411764706,,,,,,
13,random,15,SVM,smote,0.819573097060008,0.2772049135830528,0.15384615384615385,0.1,0.09424083769633508,0.09803921568627451,69.0,674.0,138.0,252.0,0.21739130434782608,0.35935397039030953
13,random,20,Logistic Regression,none,0.7889649617398309,0.19421961363008677,0.0,,0.0,0.0,,,,,,
13,random,20,Logistic Regression,class_weight,0.7825211437776882,0.16679872529437714,0.8461538461538461,0.171875,0.2774869109947644,0.3137254901960784,,,,,,
13,random,20,Logistic Regression,smote,0.8058799838904551,0.20668070211546327,0.6153846153846154,0.13114754098360656,0.2774869109947644,0.29901960784313725,74.0,664.0,175.0,312.0,0.2702702702702703,0.44986449864498645
13,random,20,SVM,none,0.8264196536447845,0.3069154131774101,0.0,,0.0,0.0,,,,,,
13,random,20,SVM,class_weight,0.8666935159081757,0.3379830289175945,0.6153846153846154,0.26666666666666666,0.11518324607329843,0.14705882352941177,,,,,,
13,random,20,SVM,smote,0.851389448248087,0.3001529961109695,0.23076923076923078,0.16666666666666666,0.07853403141361257,0.08823529411764706,74.0,664.0,175.0,312.0,0.2702702702702703,0.44986449864498645
13,random,30,Logistic Regression,none,0.8030608135320177,0.23993415085681274,0.0,,0.0,0.0,,,,,,
13,random,30,Logistic Regression,class_weight,0.7853403141361257,0.2113593729305978,0.6923076923076923,0.13432835820895522,0.3036649214659686,0.3284313725490196,,,,,,
13,random,30,Logistic Regression,smote,0.8103101087394282,0.2765630071732359,0.6923076923076923,0.13432835820895522,0.3036649214659686,0.3284313725490196,84.0,644.0,252.0,395.0,0.35714285714285715,0.5837912087912088
13,random,30,SVM,none,0.8022553362867499,0.28896444057517323,0.0,,0.0,0.0,,,,,,
13,random,30,SVM,class_weight,0.8594442207007652,0.33979161470573593,0.5384615384615384,0.2413793103448276,0.11518324607329843,0.14215686274509803,,,,,,
13,random,30,SVM,smote,0.7845348368908578,0.2279723192173131,0.23076923076923078,0.13043478260869565,0.10471204188481675,0.11274509803921569,84.0,644.0,252.0,395.0,0.35714285714285715,0.5837912087912088
13,outlier,0,Logistic Regression,none,0.761175996778091,0.20172119182590034,0.0,,0.0,0.0,,,,,,
13,outlier,0,Logistic Regression,class_weight,0.756745871929118,0.19235219618942478,0.6153846153846154,0.13793103448275862,0.2617801047120419,0.28431372549019607,,,,,,
13,outlier,0,Logistic Regression,smote,0.7700362464760371,0.24772395864692456,0.5384615384615384,0.13725490196078433,0.23036649214659685,0.25,54.0,704.0,0.0,0.0,0.0,0.0
13,outlier,0,SVM,none,0.7744663713250101,0.27025761141179183,0.0,,0.0,0.0,,,,,,
13,outlier,0,SVM,class_weight,0.8393072895690697,0.3687525393030716,0.23076923076923078,0.2,0.06282722513089005,0.07352941176470588,,,,,,
13,outlier,0,SVM,smote,0.8167539267015707,0.3365035306119796,0.23076923076923078,0.21428571428571427,0.05759162303664921,0.06862745098039216,54.0,704.0,0.0,0.0,0.0,0.0
13,outlier,2,Logistic Regression,none,0.7712444623439388,0.17992839039766845,0.0,,0.0,0.0,,,,,,
13,outlier,2,Logistic Regression,class_weight,0.7511075312122433,0.18566662176227566,0.6153846153846154,0.14285714285714285,0.2513089005235602,0.27450980392156865,,,,,,
13,outlier,2,Logistic Regression,smote,0.7631896898912606,0.23323470066761956,0.5384615384615384,0.14285714285714285,0.2198952879581152,0.24019607843137256,56.0,700.0,26.0,26.0,0.03571428571428571,0.037037037037037035
13,outlier,2,SVM,none,0.7458719291180024,0.2583191053586142,0.0,,0.0,0.0,,,,,,
13,outlier,2,SVM,class_weight,0.8348771647200968,0.36760900065453334,0.23076923076923078,0.2,0.06282722513089005,0.07352941176470588,,,,,,
13,outlier,2,SVM,smote,0.8147402335884011,0.33326805590590275,0.23076923076923078,0.23076923076923078,0.05235602094240838,0.06372549019607843,56.0,700.0,26.0,26.0,0.03571428571428571,0.037037037037037035
13,outlier,5,Logistic Regression,none,0.7978252114377768,0.1775012556687709,0.0,,0.0,0.0,,,,,,
13,outlier,5,Logistic Regression,class_weight,0.7905759162303665,0.1835397620422247,0.7692307692307693,0.1694915254237288,0.25654450261780104,0.28921568627450983,,,,,,
13,outlier,5,Logistic Regression,smote,0.8030608135320177,0.18914154426912932,0.7692307692307693,0.16129032258064516,0.27225130890052357,0.30392156862745096,59.0,694.0,53.0,56.0,0.0847457627118644,0.08100929614873838
13,outlier,5,SVM,none,0.7273459524768426,0.2080988957450134,0.0,,0.0,0.0,,,,,,
13,outlier,5,SVM,class_weight,0.8175594039468385,0.3578426539429024,0.23076923076923078,0.17647058823529413,0.07329842931937172,0.08333333333333333,,,,,,
13,outlier,5,SVM,smote,0.8131292790978655,0.33373510608482443,0.23076923076923078,0.21428571428571427,0.05759162303664921,0.06862745098039216,59.0,694.0,53.0,56.0,0.0847457627118644,0.08100929614873838
13,outlier,10,Logistic Regression,none,0.824003221908981,0.19012488052650173,0.0,0.0,0.010471204188481676,0.00980392156862745,,,,,,
13,outlier,10,Logistic Regression,class_weight,0.8284333467579541,0.19792380258647246,0.8461538461538461,0.18032786885245902,0.2617801047120419,0.29901960784313725,,,,,,
13,outlier,10,Logistic Regression,smote,0.8437374144180426,0.2223638303752479,0.7692307692307693,0.18518518518518517,0.23036649214659685,0.2647058823529412,64.0,684.0,96.0,115.0,0.15625,0.16711229946524064
13,outlier,10,SVM,none,0.7547321788159485,0.18771651534536626,0.0,,0.0,0.0,,,,,,
13,outlier,10,SVM,class_weight,0.8368908578332663,0.38228026378711205,0.3076923076923077,0.21052631578947367,0.07853403141361257,0.09313725490196079,,,,,,
13,outlier,10,SVM,smote,0.8538058799838905,0.4033057884712801,0.23076923076923078,0.2,0.06282722513089005,0.07352941176470588,64.0,684.0,96.0,115.0,0.15625,0.16711229946524064
13,outlier,15,Logistic Regression,none,0.8103101087394281,0.17451041052178956,0.0,0.0,0.010471204188481676,0.00980392156862745,,,,,,
13,outlier,15,Logistic Regression,class_weight,0.8183648811921064,0.1830340872540361,0.7692307692307693,0.16129032258064516,0.27225130890052357,0.30392156862745096,,,,,,
13,outlier,15,Logistic Regression,smote,0.8276278695126862,0.2062566115741033,0.8461538461538461,0.18333333333333332,0.25654450261780104,0.29411764705882354,69.0,674.0,135.0,145.0,0.21739130434782608,0.21534320323014805
13,outlier,15,SVM,none,0.7349979863068868,0.153402971507734,0.0,0.0,0.005235602094240838,0.004901960784313725,,,,,,
13,outlier,15,SVM,class_weight,0.8352799033427306,0.3442368562368121,0.23076923076923078,0.16666666666666666,0.07853403141361257,0.08823529411764706,,,,,,
13,outlier,15,SVM,smote,0.8385018123238017,0.3470079137452676,0.23076923076923078,0.2,0.06282722513089005,0.07352941176470588,69.0,674.0,135.0,145.0,0.21739130434782608,0.21534320323014805
13,outlier,20,Logistic Regression,none,0.8147402335884012,0.17689232840553998,0.0,0.0,0.020942408376963352,0.0196078431372549,,,,,,
13,outlier,20,Logistic Regression,class_weight,0.8308497784937576,0.19430896663175962,0.8461538461538461,0.1746031746031746,0.27225130890052357,0.3088235294117647,,,,,,
13,outlier,20,Logistic Regression,smote,0.8441401530406766,0.22174087177416463,0.8461538461538461,0.171875,0.2774869109947644,0.3137254901960784,74.0,664.0,156.0,171.0,0.2702702702702703,0.2588075880758808
13,outlier,20,SVM,none,0.7225130890052356,0.13319822173797838,0.0,0.0,0.010471204188481676,0.00980392156862745,,,,,,
13,outlier,20,SVM,class_weight,0.8227950060410794,0.3272387226133219,0.23076923076923078,0.16666666666666666,0.07853403141361257,0.08823529411764706,,,,,,
13,outlier,20,SVM,smote,0.8248086991542489,0.36503628101256513,0.23076923076923078,0.2,0.06282722513089005,0.07352941176470588,74.0,664.0,156.0,171.0,0.2702702702702703,0.2588075880758808
13,outlier,30,Logistic Regression,none,0.7720499395892066,0.14459879281647117,0.0,0.0,0.02617801047120419,0.024509803921568627,,,,,,
13,outlier,30,Logistic Regression,class_weight,0.7962142569472412,0.16386815907118885,0.6923076923076923,0.13636363636363635,0.29842931937172773,0.3235294117647059,,,,,,
13,outlier,30,Logistic Regression,smote,0.8082964156262585,0.16691622812049564,0.7692307692307693,0.15873015873015872,0.2774869109947644,0.3088235294117647,84.0,644.0,246.0,268.0,0.35714285714285715,0.40934065934065933
13,outlier,30,SVM,none,0.7531212243254128,0.12633864748082502,0.0,0.0,0.015706806282722512,0.014705882352941176,,,,,,
13,outlier,30,SVM,class_weight,0.8300443012484897,0.23134846837982542,0.23076923076923078,0.125,0.1099476439790576,0.11764705882352941,,,,,,
13,outlier,30,SVM,smote,0.8272251308900525,0.24992572520598574,0.23076923076923078,0.17647058823529413,0.07329842931937172,0.08333333333333333,84.0,644.0,246.0,268.0,0.35714285714285715,0.40934065934065933
14,random,0,Logistic Regression,none,0.7954087797019734,0.15994676063239638,0.0,0.0,0.010471204188481676,0.00980392156862745,,,,,,
14,random,0,Logistic Regression,class_weight,0.8022553362867499,0.18653363797090391,0.7692307692307693,0.13513513513513514,0.33507853403141363,0.3627450980392157,,,,,,
14,random,0,Logistic Regression,smote,0.7817156665324205,0.1610847035497954,0.6923076923076923,0.13043478260869565,0.31413612565445026,0.3382352941176471,54.0,704.0,0.0,0.0,0.0,0.0
14,random,0,SVM,none,0.6685461135722917,0.1202303413103329,0.0,,0.0,0.0,,,,,,
14,random,0,SVM,class_weight,0.7176802255336288,0.15064922674367626,0.3076923076923077,0.18181818181818182,0.09424083769633508,0.10784313725490197,,,,,,
14,random,0,SVM,smote,0.7019734192509062,0.1527770337668706,0.15384615384615385,0.14285714285714285,0.06282722513089005,0.06862745098039216,54.0,704.0,0.0,0.0,0.0,0.0
14,random,2,Logistic Regression,none,0.7950060410793395,0.16212756452857266,0.0,0.0,0.010471204188481676,0.00980392156862745,,,,,,
14,random,2,Logistic Regression,class_weight,0.8119210632299638,0.18950710603929322,0.7692307692307693,0.1388888888888889,0.32460732984293195,0.35294117647058826,,,,,,
14,random,2,Logistic Regression,smote,0.7925896093435361,0.17042612919484804,0.6923076923076923,0.1323529411764706,0.3089005235602094,0.3333333333333333,56.0,700.0,21.0,49.0,0.03571428571428571,0.06746031746031746
14,random,2,SVM,none,0.6649214659685865,0.13121702286284045,0.0,,0.0,0.0,,,,,,
14,random,2,SVM,class_weight,0.7176802255336288,0.16420293004881267,0.3076923076923077,0.16,0.1099476439790576,0.12254901960784313,,,,,,
14,random,2,SVM,smote,0.7120418848167539,0.20565732633315892,0.15384615384615385,0.13333333333333333,0.06806282722513089,0.07352941176470588,56.0,700.0,21.0,49.0,0.03571428571428571,0.06746031746031746
14,random,5,Logistic Regression,none,0.7986306886830448,0.16934841926441363,0.0,0.0,0.010471204188481676,0.00980392156862745,,,,,,
14,random,5,Logistic Regression,class_weight,0.8022553362867499,0.1937892017728726,0.7692307692307693,0.136986301369863,0.3298429319371728,0.35784313725490197,,,,,,
14,random,5,Logistic Regression,smote,0.7849375755134917,0.17769459194435064,0.7692307692307693,0.136986301369863,0.3298429319371728,0.35784313725490197,59.0,694.0,52.0,97.0,0.0847457627118644,0.13545816733067728
14,random,5,SVM,none,0.666935159081756,0.13225815700167606,0.0,,0.0,0.0,,,,,,
14,random,5,SVM,class_weight,0.7100281917035844,0.17259672462471834,0.3076923076923077,0.15384615384615385,0.11518324607329843,0.12745098039215685,,,,,,
14,random,5,SVM,smote,0.6838501812323803,0.1993078876454028,0.23076923076923078,0.17647058823529413,0.07329842931937172,0.08333333333333333,59.0,694.0,52.0,97.0,0.0847457627118644,0.13545816733067728
14,random,10,Logistic Regression,none,0.7845348368908578,0.16738495531794656,0.0,0.0,0.010471204188481676,0.00980392156862745,,,,,,
14,random,10,Logistic Regression,class_weight,0.7885622231171969,0.18433684478508458,0.7692307692307693,0.136986301369863,0.3298429319371728,0.35784313725490197,,,,,,
14,random,10,Logistic Regression,smote,0.779701973419251,0.17174539983979786,0.7692307692307693,0.136986301369863,0.3298429319371728,0.35784313725490197,64.0,684.0,96.0,161.0,0.15625,0.2286096256684492
14,random,10,SVM,none,0.6621022956101491,0.13281585012284974,0.0,,0.0,0.0,,,,,,
14,random,10,SVM,class_weight,0.6906967378171567,0.19909183990821477,0.3076923076923077,0.13793103448275862,0.13089005235602094,0.14215686274509803,,,,,,
14,random,10,SVM,smote,0.6629077728554168,0.18084366091332654,0.15384615384615385,0.11764705882352941,0.07853403141361257,0.08333333333333333,64.0,684.0,96.0,161.0,0.15625,0.2286096256684492
14,random,15,Logistic Regression,none,0.7724526782118406,0.1536269166688077,0.0,0.0,0.015706806282722512,0.014705882352941176,,,,,,
14,random,15,Logistic Regression,class_weight,0.7780910189287154,0.17052927889304037,0.7692307692307693,0.13333333333333333,0.3403141361256545,0.36764705882352944,,,,,,
14,random,15,Logistic Regression,smote,0.7583568264196536,0.17032519157806342,0.6153846153846154,0.1111111111111111,0.33507853403141363,0.35294117647058826,69.0,674.0,138.0,237.0,0.21739130434782608,0.3391655450874832
14,random,15,SVM,none,0.6480064438179621,0.13077270791429302,0.0,,0.0,0.0,,,,,,
14,random,15,SVM,class_weight,0.6701570680628273,0.19058963513863716,0.3076923076923077,0.12121212121212122,0.1518324607329843,0.16176470588235295,,,,,,
14,random,15,SVM,smote,0.644381796214257,0.17260891051730426,0.15384615384615385,0.09090909090909091,0.10471204188481675,0.10784313725490197,69.0,674.0,138.0,237.0,0.21739130434782608,0.3391655450874832
14,random,20,Logistic Regression,none,0.7700362464760371,0.1463784034192207,0.0,0.0,0.005235602094240838,0.004901960784313725,,,,,,
14,random,20,Logistic Regression,class_weight,0.7551349174385824,0.14809498816040229,0.7692307692307693,0.12658227848101267,0.3612565445026178,0.3872549019607843,,,,,,
14,random,20,Logistic Regression,smote,0.7607732581554572,0.1770558878565724,0.6153846153846154,0.10666666666666667,0.3507853403141361,0.36764705882352944,74.0,664.0,174.0,279.0,0.2702702702702703,0.4051490514905149
14,random,20,SVM,none,0.639951671365284,0.12885208020446456,0.0,,0.0,0.0,,,,,,
14,random,20,SVM,class_weight,0.6604913411196134,0.190926599312654,0.3076923076923077,0.12121212121212122,0.1518324607329843,0.16176470588235295,,,,,,
14,random,20,SVM,smote,0.6274667740636327,0.16810765526108454,0.23076923076923078,0.13636363636363635,0.09947643979057591,0.10784313725490197,74.0,664.0,174.0,279.0,0.2702702702702703,0.4051490514905149
14,random,30,Logistic Regression,none,0.7511075312122433,0.15999792829530096,0.0,,0.0,0.0,,,,,,
14,random,30,Logistic Regression,class_weight,0.7519130084575111,0.1778396083913008,0.6923076923076923,0.10843373493975904,0.387434554973822,0.4068627450980392,,,,,,
14,random,30,Logistic Regression,smote,0.7378171566653242,0.17355731065224744,0.6923076923076923,0.10843373493975904,0.387434554973822,0.4068627450980392,84.0,644.0,222.0,326.0,0.35714285714285715,0.489010989010989
14,random,30,SVM,none,0.6306886830447039,0.11667085421717993,0.0,,0.0,0.0,,,,,,
14,random,30,SVM,class_weight,0.6689488521949255,0.14300463221477588,0.38461538461538464,0.1282051282051282,0.17801047120418848,0.19117647058823528,,,,,,
14,random,30,SVM,smote,0.6343133306484091,0.14023562254952693,0.23076923076923078,0.11538461538461539,0.12041884816753927,0.12745098039215685,84.0,644.0,222.0,326.0,0.35714285714285715,0.489010989010989
14,outlier,0,Logistic Regression,none,0.7954087797019734,0.15994676063239638,0.0,0.0,0.010471204188481676,0.00980392156862745,,,,,,
14,outlier,0,Logistic Regression,class_weight,0.8022553362867499,0.18653363797090391,0.7692307692307693,0.13513513513513514,0.33507853403141363,0.3627450980392157,,,,,,
14,outlier,0,Logistic Regression,smote,0.7817156665324205,0.1610847035497954,0.6923076923076923,0.13043478260869565,0.31413612565445026,0.3382352941176471,54.0,704.0,0.0,0.0,0.0,0.0
14,outlier,0,SVM,none,0.6685461135722917,0.1202303413103329,0.0,,0.0,0.0,,,,,,
14,outlier,0,SVM,class_weight,0.7176802255336288,0.15064922674367626,0.3076923076923077,0.18181818181818182,0.09424083769633508,0.10784313725490197,,,,,,
14,outlier,0,SVM,smote,0.7019734192509062,0.1527770337668706,0.15384615384615385,0.14285714285714285,0.06282722513089005,0.06862745098039216,54.0,704.0,0.0,0.0,0.0,0.0
14,outlier,2,Logistic Regression,none,0.7700362464760371,0.13810752606959828,0.0,0.0,0.005235602094240838,0.004901960784313725,,,,,,
14,outlier,2,Logistic Regression,class_weight,0.7901731776077326,0.16164990034050247,0.7692307692307693,0.14925373134328357,0.29842931937172773,0.3284313725490196,,,,,,
14,outlier,2,Logistic Regression,smote,0.7958115183246074,0.16953095245660652,0.7692307692307693,0.15151515151515152,0.2931937172774869,0.3235294117647059,56.0,700.0,30.0,30.0,0.03571428571428571,0.042328042328042326
14,outlier,2,SVM,none,0.6520338300443013,0.11785060261559371,0.0,,0.0,0.0,,,,,,
14,outlier,2,SVM,class_weight,0.716069271043093,0.15185303676811493,0.3076923076923077,0.19047619047619047,0.08900523560209424,0.10294117647058823,,,,,,
14,outlier,2,SVM,smote,0.7055980668546113,0.19073007091478789,0.15384615384615385,0.125,0.07329842931937172,0.0784313725490196,56.0,700.0,30.0,30.0,0.03571428571428571,0.042328042328042326
14,outlier,5,Logistic Regression,none,0.7716472009665727,0.1334302411045712,0.0,0.0,0.005235602094240838,0.004901960784313725,,,,,,
14,outlier,5,Logistic Regression,class_weight,0.7889649617398309,0.15238938539720837,0.7692307692307693,0.15625,0.28272251308900526,0.3137254901960784,,,,,,
14,outlier,5,Logistic Regression,smote,0.7873540072492952,0.1518280878439819,0.6923076923076923,0.13432835820895522,0.3036649214659686,0.3284313725490196,59.0,694.0,68.0,73.0,0.0847457627118644,0.10358565737051793
14,outlier,5,SVM,none,0.6476037051953283,0.11839189733218151,0.0,,0.0,0.0,,,,,,
14,outlier,5,SVM,class_weight,0.7100281917035843,0.14515329617345743,0.3076923076923077,0.18181818181818182,0.09424083769633508,0.10784313725490197,,,,,,
14,outlier,5,SVM,smote,0.6826419653644784,0.15812764898395248,0.15384615384615385,0.11764705882352941,0.07853403141361257,0.08333333333333333,59.0,694.0,68.0,73.0,0.0847457627118644,0.10358565737051793
14,outlier,10,Logistic Regression,none,0.7736608940797423,0.1379102253536643,0.0,0.0,0.010471204188481676,0.00980392156862745,,,,,,
14,outlier,10,Logistic Regression,class_weight,0.7897704389850986,0.15041468899937682,0.8461538461538461,0.16417910447761194,0.2931937172774869,0.3284313725490196,,,,,,
14,outlier,10,Logistic Regression,smote,0.7744663713250102,0.14393350673071778,0.6923076923076923,0.13636363636363635,0.29842931937172773,0.3235294117647059,64.0,684.0,117.0,122.0,0.15625,0.17647058823529413
14,outlier,10,SVM,none,0.6721707611759967,0.12186608999761893,0.0,,0.0,0.0,,,,,,
14,outlier,10,SVM,class_weight,0.7281514297221103,0.1526296963722552,0.3076923076923077,0.16,0.1099476439790576,0.12254901960784313,,,,,,
14,outlier,10,SVM,smote,0.7354007249295207,0.18569965501637656,0.15384615384615385,0.125,0.07329842931937172,0.0784313725490196,64.0,684.0,117.0,122.0,0.15625,0.17647058823529413
14,outlier,15,Logistic Regression,none,0.7458719291180025,0.1257562705170023,0.0,0.0,0.010471204188481676,0.00980392156862745,,,,,,
14,outlier,15,Logistic Regression,class_weight,0.7700362464760371,0.1423702421641802,0.8461538461538461,0.16923076923076924,0.28272251308900526,0.31862745098039214,,,,,,
14,outlier,15,Logistic Regression,smote,0.7748691099476439,0.14484623257889745,0.7692307692307693,0.15151515151515152,0.2931937172774869,0.3235294117647059,69.0,674.0,158.0,168.0,0.21739130434782608,0.24629878869448182
14,outlier,15,SVM,none,0.6685461135722915,0.12047348763898098,0.0,,0.0,0.0,,,,,,
14,outlier,15,SVM,class_weight,0.7261377366089408,0.1420535101720399,0.3076923076923077,0.15384615384615385,0.11518324607329843,0.12745098039215685,,,,,,
14,outlier,15,SVM,smote,0.7325815545710833,0.17336504600823663,0.15384615384615385,0.09523809523809523,0.09947643979057591,0.10294117647058823,69.0,674.0,158.0,168.0,0.21739130434782608,0.24629878869448182
14,outlier,20,Logistic Regression,none,0.7422472815142973,0.12666606888678983,0.0,0.0,0.015706806282722512,0.014705882352941176,,,,,,
14,outlier,20,Logistic Regression,class_weight,0.7805074506645187,0.1471652252084696,0.7692307692307693,0.15873015873015872,0.2774869109947644,0.3088235294117647,,,,,,
14,outlier,20,Logistic Regression,smote,0.7680225533628675,0.15071987144789525,0.7692307692307693,0.16666666666666666,0.2617801047120419,0.29411764705882354,74.0,664.0,177.0,201.0,0.2702702702702703,0.2994579945799458
14,outlier,20,SVM,none,0.6608940797422473,0.11116422159627987,0.0,0.0,0.005235602094240838,0.004901960784313725,,,,,,
14,outlier,20,SVM,class_weight,0.7257349979863068,0.13116783967844137,0.3076923076923077,0.14814814814814814,0.12041884816753927,0.1323529411764706,,,,,,
14,outlier,20,SVM,smote,0.7104309303262183,0.14257695631524708,0.15384615384615385,0.09523809523809523,0.09947643979057591,0.10294117647058823,74.0,664.0,177.0,201.0,0.2702702702702703,0.2994579945799458
14,outlier,30,Logistic Regression,none,0.7805074506645188,0.14339117662826278,0.0,0.0,0.020942408376963352,0.0196078431372549,,,,,,
14,outlier,30,Logistic Regression,class_weight,0.8046717680225535,0.1559272267370756,0.8461538461538461,0.19642857142857142,0.2356020942408377,0.27450980392156865,,,,,,
14,outlier,30,Logistic Regression,smote,0.7889649617398309,0.15029441285922848,0.6153846153846154,0.1568627450980392,0.225130890052356,0.25,84.0,644.0,254.0,275.0,0.35714285714285715,0.41895604395604397
14,outlier,30,SVM,none,0.7148610551751913,0.1121805500823389,0.0,0.0,0.010471204188481676,0.00980392156862745,,,,,,
14,outlier,30,SVM,class_weight,0.7398308497784938,0.1318831958055398,0.23076923076923078,0.1111111111111111,0.1256544502617801,0.1323529411764706,,,,,,
14,outlier,30,SVM,smote,0.7490938380990737,0.1519154617535159,0.3076923076923077,0.17391304347826086,0.09947643979057591,0.11274509803921569,84.0,644.0,254.0,275.0,0.35714285714285715,0.41895604395604397
15,random,0,Logistic Regression,none,0.824003221908981,0.30025925779762747,0.0,,0.0,0.0,,,,,,
15,random,0,Logistic Regression,class_weight,0.8171566653242046,0.2857174547689616,0.7692307692307693,0.18181818181818182,0.2356020942408377,0.2696078431372549,,,,,,
15,random,0,Logistic Regression,smote,0.8030608135320179,0.2821648598258161,0.6153846153846154,0.16,0.2198952879581152,0.24509803921568626,54.0,704.0,0.0,0.0,0.0,0.0
15,random,0,SVM,none,0.6967378171566654,0.32088822901569924,0.0,,0.0,0.0,,,,,,
15,random,0,SVM,class_weight,0.842529198550141,0.40211249717505204,0.38461538461538464,0.2631578947368421,0.07329842931937172,0.09313725490196079,,,,,,
15,random,0,SVM,smote,0.8497784937575514,0.35451466875068655,0.3076923076923077,0.36363636363636365,0.03664921465968586,0.05392156862745098,54.0,704.0,0.0,0.0,0.0,0.0
15,random,2,Logistic Regression,none,0.8264196536447845,0.30226716869609366,0.0,,0.0,0.0,,,,,,
15,random,2,Logistic Regression,class_weight,0.8163511880789368,0.282012790557506,0.7692307692307693,0.1694915254237288,0.25654450261780104,0.28921568627450983,,,,,,
15,random,2,Logistic Regression,smote,0.7962142569472412,0.23273940306410779,0.6923076923076923,0.17647058823529413,0.2198952879581152,0.25,56.0,700.0,17.0,39.0,0.03571428571428571,0.05423280423280423
15,random,2,SVM,none,0.70237615787354,0.33648134088758974,0.0,,0.0,0.0,,,,,,
15,random,2,SVM,class_weight,0.838099073701168,0.399173754628611,0.38461538461538464,0.22727272727272727,0.08900523560209424,0.10784313725490197,,,,,,
15,random,2,SVM,smote,0.84655658477648,0.3477156546991073,0.3076923076923077,0.2857142857142857,0.05235602094240838,0.06862745098039216,56.0,700.0,17.0,39.0,0.03571428571428571,0.05423280423280423
15,random,5,Logistic Regression,none,0.8002416431735803,0.2541480385881146,0.07692307692307693,1.0,0.0,0.004901960784313725,,,,,,
15,random,5,Logistic Regression,class_weight,0.7740636327023762,0.23407543170842307,0.6923076923076923,0.140625,0.2879581151832461,0.3137254901960784,,,,,,
15,random,5,Logistic Regression,smote,0.7724526782118406,0.2300879378578097,0.6153846153846154,0.13793103448275862,0.2617801047120419,0.28431372549019607,59.0,694.0,49.0,72.0,0.0847457627118644,0.10225763612217796
15,random,5,SVM,none,0.6834474426097462,0.33195000481888826,0.0,,0.0,0.0,,,,,,
15,random,5,SVM,class_weight,0.8139347563431333,0.3619866046907238,0.38461538461538464,0.21739130434782608,0.09424083769633508,0.11274509803921569,,,,,,
15,random,5,SVM,smote,0.8223922674184455,0.3229155838290548,0.3076923076923077,0.2222222222222222,0.07329842931937172,0.08823529411764706,59.0,694.0,49.0,72.0,0.0847457627118644,0.10225763612217796
15,random,10,Logistic Regression,none,0.8095046314941603,0.29063481563811605,0.0,,0.0,0.0,,,,,,
15,random,10,Logistic Regression,class_weight,0.7780910189287154,0.2538453772316488,0.6923076923076923,0.140625,0.2879581151832461,0.3137254901960784,,,,,,
15,random,10,Logistic Regression,smote,0.7579540877970197,0.2075207134597608,0.6923076923076923,0.14754098360655737,0.27225130890052357,0.29901960784313725,64.0,684.0,100.0,187.0,0.15625,0.26336898395721925
15,random,10,SVM,none,0.6717680225533629,0.3359506893307841,0.0,,0.0,0.0,,,,,,
15,random,10,SVM,class_weight,0.801852597664116,0.34825529387719,0.46153846153846156,0.2608695652173913,0.08900523560209424,0.11274509803921569,,,,,,
15,random,10,SVM,smote,0.8159484494563028,0.31464388189438897,0.23076923076923078,0.21428571428571427,0.05759162303664921,0.06862745098039216,64.0,684.0,100.0,187.0,0.15625,0.26336898395721925
15,random,15,Logistic Regression,none,0.8119210632299637,0.32495860856603653,0.0,,0.0,0.0,,,,,,
15,random,15,Logistic Regression,class_weight,0.7986306886830448,0.3167336292198603,0.6923076923076923,0.12857142857142856,0.3193717277486911,0.3431372549019608,,,,,,
15,random,15,Logistic Regression,smote,0.7776882803060814,0.28519949275626094,0.7692307692307693,0.14492753623188406,0.3089005235602094,0.3382352941176471,69.0,674.0,135.0,222.0,0.21739130434782608,0.3189771197846568
15,random,15,SVM,none,0.6411598872331856,0.32277844631529823,0.0,,0.0,0.0,,,,,,
15,random,15,SVM,class_weight,0.7579540877970198,0.32707795917155946,0.46153846153846156,0.23076923076923078,0.10471204188481675,0.12745098039215685,,,,,,
15,random,15,SVM,smote,0.8099073701167943,0.2951284290527141,0.23076923076923078,0.2,0.06282722513089005,0.07352941176470588,69.0,674.0,135.0,222.0,0.21739130434782608,0.3189771197846568
15,random,20,Logistic Regression,none,0.7962142569472412,0.3265572145838627,0.0,,0.0,0.0,,,,,,
15,random,20,Logistic Regression,class_weight,0.7865485300040274,0.2914855777784367,0.6923076923076923,0.12162162162162163,0.3403141361256545,0.3627450980392157,,,,,,
15,random,20,Logistic Regression,smote,0.7784937575513491,0.297624321346836,0.6153846153846154,0.11594202898550725,0.3193717277486911,0.3382352941176471,74.0,664.0,176.0,268.0,0.2702702702702703,0.3902439024390244
15,random,20,SVM,none,0.6202174788562222,0.21551158826278904,0.0,,0.0,0.0,,,,,,
15,random,20,SVM,class_weight,0.7313733387031816,0.3062659979850315,0.38461538461538464,0.17857142857142858,0.12041884816753927,0.13725490196078433,,,,,,
15,random,20,SVM,smote,0.7688280306081353,0.24629915252749304,0.23076923076923078,0.16666666666666666,0.07853403141361257,0.08823529411764706,74.0,664.0,176.0,268.0,0.2702702702702703,0.3902439024390244
15,random,30,Logistic Regression,none,0.7994361659283125,0.2839311073193291,0.07692307692307693,1.0,0.0,0.004901960784313725,,,,,,
15,random,30,Logistic Regression,class_weight,0.7889649617398308,0.24779075661927977,0.6923076923076923,0.12162162162162163,0.3403141361256545,0.3627450980392157,,,,,,
15,random,30,Logistic Regression,smote,0.7817156665324205,0.2518881605139079,0.6153846153846154,0.11267605633802817,0.3298429319371728,0.3480392156862745,84.0,644.0,235.0,331.0,0.35714285714285715,0.4958791208791209
15,random,30,SVM,none,0.5984695932339912,0.22024036054977086,0.0,,0.0,0.0,,,,,,
15,random,30,SVM,class_weight,0.7180829641562627,0.2411779457683173,0.38461538461538464,0.14285714285714285,0.15706806282722513,0.1715686274509804,,,,,,
15,random,30,SVM,smote,0.7648006443817962,0.21383467861479158,0.23076923076923078,0.15789473684210525,0.08376963350785341,0.09313725490196079,84.0,644.0,235.0,331.0,0.35714285714285715,0.4958791208791209
15,outlier,0,Logistic Regression,none,0.824003221908981,0.30025925779762747,0.0,,0.0,0.0,,,,,,
15,outlier,0,Logistic Regression,class_weight,0.8171566653242046,0.2857174547689616,0.7692307692307693,0.18181818181818182,0.2356020942408377,0.2696078431372549,,,,,,
15,outlier,0,Logistic Regression,smote,0.8030608135320179,0.2821648598258161,0.6153846153846154,0.16,0.2198952879581152,0.24509803921568626,54.0,704.0,0.0,0.0,0.0,0.0
15,outlier,0,SVM,none,0.6967378171566654,0.32088822901569924,0.0,,0.0,0.0,,,,,,
15,outlier,0,SVM,class_weight,0.842529198550141,0.40211249717505204,0.38461538461538464,0.2631578947368421,0.07329842931937172,0.09313725490196079,,,,,,
15,outlier,0,SVM,smote,0.8497784937575514,0.35451466875068655,0.3076923076923077,0.36363636363636365,0.03664921465968586,0.05392156862745098,54.0,704.0,0.0,0.0,0.0,0.0
15,outlier,2,Logistic Regression,none,0.824003221908981,0.3014566773297526,0.07692307692307693,1.0,0.0,0.004901960784313725,,,,,,
15,outlier,2,Logistic Regression,class_weight,0.8143374949657672,0.29757303207946084,0.7692307692307693,0.17543859649122806,0.24607329842931938,0.27941176470588236,,,,,,
15,outlier,2,Logistic Regression,smote,0.8058799838904551,0.28628332565867937,0.6153846153846154,0.15384615384615385,0.23036649214659685,0.2549019607843137,56.0,700.0,20.0,20.0,0.03571428571428571,0.0291005291005291
15,outlier,2,SVM,none,0.6830447039871124,0.2733260635320715,0.0,,0.0,0.0,,,,,,
15,outlier,2,SVM,class_weight,0.8203785743052758,0.4183725283698882,0.38461538461538464,0.23809523809523808,0.08376963350785341,0.10294117647058823,,,,,,
15,outlier,2,SVM,smote,0.8550140958517922,0.359981368941792,0.3076923076923077,0.4,0.031413612565445025,0.049019607843137254,56.0,700.0,20.0,20.0,0.03571428571428571,0.0291005291005291
15,outlier,5,Logistic Regression,none,0.8163511880789368,0.2761318008961785,0.07692307692307693,1.0,0.0,0.004901960784313725,,,,,,
15,outlier,5,Logistic Regression,class_weight,0.8082964156262585,0.2773206466995654,0.6923076923076923,0.14285714285714285,0.28272251308900526,0.3088235294117647,,,,,,
15,outlier,5,Logistic Regression,smote,0.8030608135320179,0.28002567732159445,0.6923076923076923,0.16981132075471697,0.23036649214659685,0.25980392156862747,59.0,694.0,74.0,80.0,0.0847457627118644,0.11288180610889774
15,outlier,5,SVM,none,0.6608940797422473,0.23901523950642778,0.0,,0.0,0.0,,,,,,
15,outlier,5,SVM,class_weight,0.8070881997583568,0.41566486619940823,0.38461538461538464,0.23809523809523808,0.08376963350785341,0.10294117647058823,,,,,,
15,outlier,5,SVM,smote,0.8300443012484897,0.35441881355725274,0.3076923076923077,0.3333333333333333,0.041884816753926704,0.058823529411764705,59.0,694.0,74.0,80.0,0.0847457627118644,0.11288180610889774
15,outlier,10,Logistic Regression,none,0.8095046314941603,0.22527826509929805,0.07692307692307693,0.5,0.005235602094240838,0.00980392156862745,,,,,,
15,outlier,10,Logistic Regression,class_weight,0.8143374949657674,0.24030056659501797,0.7692307692307693,0.17857142857142858,0.24083769633507854,0.27450980392156865,,,,,,
15,outlier,10,Logistic Regression,smote,0.7962142569472414,0.2235640324851314,0.6923076923076923,0.16981132075471697,0.23036649214659685,0.25980392156862747,64.0,684.0,145.0,157.0,0.15625,0.2232620320855615
15,outlier,10,SVM,none,0.5892066049134113,0.11918511170429666,0.0,0.0,0.005235602094240838,0.004901960784313725,,,,,,
15,outlier,10,SVM,class_weight,0.7917841320982683,0.37519607220348716,0.38461538461538464,0.23809523809523808,0.08376963350785341,0.10294117647058823,,,,,,
15,outlier,10,SVM,smote,0.8268223922674184,0.3358890938870119,0.3076923076923077,0.25,0.06282722513089005,0.0784313725490196,64.0,684.0,145.0,157.0,0.15625,0.2232620320855615
15,outlier,15,Logistic Regression,none,0.7889649617398309,0.21135396520450528,0.07692307692307693,0.3333333333333333,0.010471204188481676,0.014705882352941176,,,,,,
15,outlier,15,Logistic Regression,class_weight,0.8006443817962143,0.2234647519111688,0.6923076923076923,0.16071428571428573,0.24607329842931938,0.27450980392156865,,,,,,
15,outlier,15,Logistic Regression,smote,0.7885622231171969,0.20115570957041023,0.6923076923076923,0.15254237288135594,0.2617801047120419,0.28921568627450983,69.0,674.0,157.0,170.0,0.21739130434782608,0.2489905787348587
15,outlier,15,SVM,none,0.6016915022150624,0.10175083854075466,0.0,0.0,0.005235602094240838,0.004901960784313725,,,,,,
15,outlier,15,SVM,class_weight,0.7933950865888038,0.34517370689276494,0.38461538461538464,0.22727272727272727,0.08900523560209424,0.10784313725490197,,,,,,
15,outlier,15,SVM,smote,0.819573097060008,0.3276485859819193,0.38461538461538464,0.2631578947368421,0.07329842931937172,0.09313725490196079,69.0,674.0,157.0,170.0,0.21739130434782608,0.2489905787348587
15,outlier,20,Logistic Regression,none,0.7736608940797423,0.1912209179991239,0.07692307692307693,0.25,0.015706806282722512,0.0196078431372549,,,,,,
15,outlier,20,Logistic Regression,class_weight,0.7933950865888039,0.21536732534138353,0.6923076923076923,0.17647058823529413,0.2198952879581152,0.25,,,,,,
15,outlier,20,Logistic Regression,smote,0.7672170761175997,0.20670708472243232,0.6153846153846154,0.1568627450980392,0.225130890052356,0.25,74.0,664.0,208.0,242.0,0.2702702702702703,0.35501355013550134
15,outlier,20,SVM,none,0.590012082158679,0.09333029841395024,0.0,0.0,0.005235602094240838,0.004901960784313725,,,,,,
15,outlier,20,SVM,class_weight,0.7921868707209021,0.3569910288071248,0.38461538461538464,0.21739130434782608,0.09424083769633508,0.11274509803921569,,,,,,
15,outlier,20,SVM,smote,0.8135320177204994,0.32993133236831373,0.38461538461538464,0.22727272727272727,0.08900523560209424,0.10784313725490197,74.0,664.0,208.0,242.0,0.2702702702702703,0.35501355013550134
15,outlier,30,Logistic Regression,none,0.7374144180426904,0.16401814430946915,0.07692307692307693,0.2,0.020942408376963352,0.024509803921568627,,,,,,
15,outlier,30,Logistic Regression,class_weight,0.7587595650422876,0.17508272145475878,0.6153846153846154,0.1568627450980392,0.225130890052356,0.25,,,,,,
15,outlier,30,Logistic Regression,smote,0.7438582360048328,0.17780746935720648,0.6923076923076923,0.16363636363636364,0.24083769633507854,0.2696078431372549,84.0,644.0,221.0,245.0,0.35714285714285715,0.37774725274725274
15,outlier,30,SVM,none,0.5976641159887233,0.09126208634971596,0.0,0.0,0.02617801047120419,0.024509803921568627,,,,,,
15,outlier,30,SVM,class_weight,0.7700362464760371,0.23763162395325588,0.38461538461538464,0.18518518518518517,0.11518324607329843,0.1323529411764706,,,,,,
15,outlier,30,SVM,smote,0.7966169955698752,0.2654958038447541,0.3076923076923077,0.2,0.08376963350785341,0.09803921568627451,84.0,644.0,221.0,245.0,0.35714285714285715,0.37774725274725274
16,random,0,Logistic Regression,none,0.8562223117196939,0.38025031618931904,0.07692307692307693,1.0,0.0,0.004901960784313725,,,,,,
16,random,0,Logistic Regression,class_weight,0.8501812323801853,0.38194479236437867,0.7692307692307693,0.17857142857142858,0.24083769633507854,0.27450980392156865,,,,,,
16,random,0,Logistic Regression,smote,0.842529198550141,0.48837807524869664,0.6923076923076923,0.1836734693877551,0.2094240837696335,0.24019607843137256,54.0,704.0,0.0,0.0,0.0,0.0
16,random,0,SVM,none,0.6810310108739428,0.22776873838730688,0.0,,0.0,0.0,,,,,,
16,random,0,SVM,class_weight,0.8284333467579541,0.2632001597877822,0.23076923076923078,0.15789473684210525,0.08376963350785341,0.09313725490196079,,,,,,
16,random,0,SVM,smote,0.7966169955698751,0.22533479538955675,0.15384615384615385,0.2,0.041884816753926704,0.049019607843137254,54.0,704.0,0.0,0.0,0.0,0.0
16,random,2,Logistic Regression,none,0.8582360048328634,0.3708588368448863,0.07692307692307693,1.0,0.0,0.004901960784313725,,,,,,
16,random,2,Logistic Regression,class_weight,0.8389045509464359,0.35555470278354695,0.7692307692307693,0.16666666666666666,0.2617801047120419,0.29411764705882354,,,,,,
16,random,2,Logistic Regression,smote,0.851792186870721,0.42763514121206964,0.6923076923076923,0.17647058823529413,0.2198952879581152,0.25,56.0,700.0,26.0,53.0,0.03571428571428571,0.07275132275132275
16,random,2,SVM,none,0.7003624647603706,0.22825128727898056,0.0,,0.0,0.0,,,,,,
16,random,2,SVM,class_weight,0.8389045509464358,0.2727302424299811,0.23076923076923078,0.16666666666666666,0.07853403141361257,0.08823529411764706,,,,,,
16,random,2,SVM,smote,0.7913813934756343,0.22214144821764523,0.15384615384615385,0.2,0.041884816753926704,0.049019607843137254,56.0,700.0,26.0,53.0,0.03571428571428571,0.07275132275132275
16,random,5,Logistic Regression,none,0.8417237213048732,0.3464190600098244,0.07692307692307693,1.0,0.0,0.004901960784313725,,,,,,
16,random,5,Logistic Regression,class_weight,0.8276278695126862,0.3436079781160917,0.6923076923076923,0.140625,0.2879581151832461,0.3137254901960784,,,,,,
16,random,5,Logistic Regression,smote,0.8582360048328636,0.43803285956136434,0.6923076923076923,0.15789473684210525,0.2513089005235602,0.27941176470588236,59.0,694.0,57.0,101.0,0.0847457627118644,0.1407702523240372
16,random,5,SVM,none,0.7039871123640757,0.22813414991483252,0.0,,0.0,0.0,,,,,,
16,random,5,SVM,class_weight,0.8485702778896496,0.2645932128714867,0.23076923076923078,0.14285714285714285,0.09424083769633508,0.10294117647058823,,,,,,
16,random,5,SVM,smote,0.7978252114377768,0.2193604574435291,0.15384615384615385,0.18181818181818182,0.04712041884816754,0.05392156862745098,59.0,694.0,57.0,101.0,0.0847457627118644,0.1407702523240372
16,random,10,Logistic Regression,none,0.8171566653242046,0.28135311601698154,0.0,,0.0,0.0,,,,,,
16,random,10,Logistic Regression,class_weight,0.8227950060410794,0.27923905045675046,0.7692307692307693,0.13333333333333333,0.3403141361256545,0.36764705882352944,,,,,,
16,random,10,Logistic Regression,smote,0.8316552557390253,0.31389186981420025,0.7692307692307693,0.15151515151515152,0.2931937172774869,0.3235294117647059,64.0,684.0,112.0,193.0,0.15625,0.2713903743315508
16,random,10,SVM,none,0.6975432944019332,0.2264054515774562,0.0,,0.0,0.0,,,,,,
16,random,10,SVM,class_weight,0.8119210632299638,0.19985174971303607,0.3076923076923077,0.17391304347826086,0.09947643979057591,0.11274509803921569,,,,,,
16,random,10,SVM,smote,0.7772855416834474,0.21324407687496116,0.07692307692307693,0.1,0.04712041884816754,0.049019607843137254,64.0,684.0,112.0,193.0,0.15625,0.2713903743315508
16,random,15,Logistic Regression,none,0.8252114377768829,0.28767776438624404,0.0,,0.0,0.0,,,,,,
16,random,15,Logistic Regression,class_weight,0.8240032219089811,0.2799998577984773,0.8461538461538461,0.14473684210526316,0.3403141361256545,0.37254901960784315,,,,,,
16,random,15,Logistic Regression,smote,0.8231977446637132,0.2865918052279308,0.7692307692307693,0.13513513513513514,0.33507853403141363,0.3627450980392157,69.0,674.0,142.0,244.0,0.21739130434782608,0.34858681022880217
16,random,15,SVM,none,0.6963350785340314,0.17772880303032113,0.0,,0.0,0.0,,,,,,
16,random,15,SVM,class_weight,0.8082964156262586,0.21056003008489943,0.46153846153846156,0.2,0.1256544502617801,0.14705882352941177,,,,,,
16,random,15,SVM,smote,0.7438582360048329,0.16664724897729896,0.23076923076923078,0.1875,0.06806282722513089,0.0784313725490196,69.0,674.0,142.0,244.0,0.21739130434782608,0.34858681022880217
16,random,20,Logistic Regression,none,0.8223922674184454,0.30930679872966166,0.0,,0.0,0.0,,,,,,
16,random,20,Logistic Regression,class_weight,0.8284333467579541,0.32782853994442834,0.8461538461538461,0.14285714285714285,0.34554973821989526,0.37745098039215685,,,,,,
16,random,20,Logistic Regression,smote,0.8316552557390253,0.3323666544071557,0.7692307692307693,0.14492753623188406,0.3089005235602094,0.3382352941176471,74.0,664.0,185.0,293.0,0.2702702702702703,0.4241192411924119
16,random,20,SVM,none,0.6725734997986308,0.17356995265861044,0.0,,0.0,0.0,,,,,,
16,random,20,SVM,class_weight,0.779299234796617,0.18097663958758625,0.38461538461538464,0.15625,0.14136125654450263,0.1568627450980392,,,,,,
16,random,20,SVM,smote,0.7225130890052356,0.15519160421183953,0.3076923076923077,0.25,0.06282722513089005,0.0784313725490196,74.0,664.0,185.0,293.0,0.2702702702702703,0.4241192411924119
16,random,30,Logistic Regression,none,0.84655658477648,0.3482136537168043,0.0,,0.0,0.0,,,,,,
16,random,30,Logistic Regression,class_weight,0.837696335078534,0.3256437533173636,0.9230769230769231,0.14457831325301204,0.3717277486910995,0.4068627450980392,,,,,,
16,random,30,Logistic Regression,smote,0.8530004027386227,0.31900108004476646,0.9230769230769231,0.15584415584415584,0.3403141361256545,0.37745098039215685,84.0,644.0,223.0,352.0,0.35714285714285715,0.5247252747252747
16,random,30,SVM,none,0.6806282722513088,0.1805779908224331,0.0,,0.0,0.0,,,,,,
16,random,30,SVM,class_weight,0.7994361659283126,0.1704679537828336,0.38461538461538464,0.15151515151515152,0.14659685863874344,0.16176470588235295,,,,,,
16,random,30,SVM,smote,0.7535239629480468,0.14517398200833376,0.23076923076923078,0.15,0.08900523560209424,0.09803921568627451,84.0,644.0,223.0,352.0,0.35714285714285715,0.5247252747252747
16,outlier,0,Logistic Regression,none,0.8562223117196939,0.38025031618931904,0.07692307692307693,1.0,0.0,0.004901960784313725,,,,,,
16,outlier,0,Logistic Regression,class_weight,0.8501812323801853,0.38194479236437867,0.7692307692307693,0.17857142857142858,0.24083769633507854,0.27450980392156865,,,,,,
16,outlier,0,Logistic Regression,smote,0.842529198550141,0.48837807524869664,0.6923076923076923,0.1836734693877551,0.2094240837696335,0.24019607843137256,54.0,704.0,0.0,0.0,0.0,0.0
16,outlier,0,SVM,none,0.6810310108739428,0.22776873838730688,0.0,,0.0,0.0,,,,,,
16,outlier,0,SVM,class_weight,0.8284333467579541,0.2632001597877822,0.23076923076923078,0.15789473684210525,0.08376963350785341,0.09313725490196079,,,,,,
16,outlier,0,SVM,smote,0.7966169955698751,0.22533479538955675,0.15384615384615385,0.2,0.041884816753926704,0.049019607843137254,54.0,704.0,0.0,0.0,0.0,0.0
16,outlier,2,Logistic Regression,none,0.8550140958517922,0.330970679831778,0.07692307692307693,1.0,0.0,0.004901960784313725,,,,,,
16,outlier,2,Logistic Regression,class_weight,0.8489730165122836,0.3459971101253006,0.7692307692307693,0.18181818181818182,0.2356020942408377,0.2696078431372549,,,,,,
16,outlier,2,Logistic Regression,smote,0.846959323399114,0.3938945361633475,0.7692307692307693,0.2,0.2094240837696335,0.24509803921568626,56.0,700.0,26.0,26.0,0.03571428571428571,0.037037037037037035
16,outlier,2,SVM,none,0.6721707611759968,0.2207229037262011,0.0,,0.0,0.0,,,,,,
16,outlier,2,SVM,class_weight,0.8336689488521949,0.2715241275951618,0.23076923076923078,0.1875,0.06806282722513089,0.0784313725490196,,,,,,
16,outlier,2,SVM,smote,0.8058799838904551,0.23245183203676595,0.15384615384615385,0.2,0.041884816753926704,0.049019607843137254,56.0,700.0,26.0,26.0,0.03571428571428571,0.037037037037037035
16,outlier,5,Logistic Regression,none,0.8409182440596054,0.31258923262971844,0.0,,0.0,0.0,,,,,,
16,outlier,5,Logistic Regression,class_weight,0.8248086991542489,0.3234376170919264,0.7692307692307693,0.15873015873015872,0.2774869109947644,0.3088235294117647,,,,,,
16,outlier,5,Logistic Regression,smote,0.8292388240032219,0.38204365382402045,0.7692307692307693,0.1724137931034483,0.2513089005235602,0.28431372549019607,59.0,694.0,64.0,67.0,0.0847457627118644,0.09561752988047809
16,outlier,5,SVM,none,0.6657269432138542,0.15991819599888227,0.0,,0.0,0.0,,,,,,
16,outlier,5,SVM,class_weight,0.8207813129279097,0.2602492720567177,0.23076923076923078,0.16666666666666666,0.07853403141361257,0.08823529411764706,,,,,,
16,outlier,5,SVM,smote,0.7869512686266613,0.22033818480244954,0.15384615384615385,0.16666666666666666,0.05235602094240838,0.058823529411764705,59.0,694.0,64.0,67.0,0.0847457627118644,0.09561752988047809
16,outlier,10,Logistic Regression,none,0.8380990737011679,0.2842111619736988,0.0,0.0,0.005235602094240838,0.004901960784313725,,,,,,
16,outlier,10,Logistic Regression,class_weight,0.8312525171163915,0.2956006546484975,0.7692307692307693,0.16666666666666666,0.2617801047120419,0.29411764705882354,,,,,,
16,outlier,10,Logistic Regression,smote,0.8364881192106324,0.30364026188474014,0.7692307692307693,0.1694915254237288,0.25654450261780104,0.28921568627450983,64.0,684.0,116.0,121.0,0.15625,0.1751336898395722
16,outlier,10,SVM,none,0.6685461135722917,0.16401760535750876,0.0,,0.0,0.0,,,,,,
16,outlier,10,SVM,class_weight,0.8143374949657671,0.25988506084045243,0.23076923076923078,0.1875,0.06806282722513089,0.0784313725490196,,,,,,
16,outlier,10,SVM,smote,0.7986306886830445,0.22814335442135447,0.15384615384615385,0.18181818181818182,0.04712041884816754,0.05392156862745098,64.0,684.0,116.0,121.0,0.15625,0.1751336898395722
16,outlier,15,Logistic Regression,none,0.8320579943616592,0.29475252338905816,0.07692307692307693,0.5,0.005235602094240838,0.00980392156862745,,,,,,
16,outlier,15,Logistic Regression,class_weight,0.8332662102295612,0.3243532160295248,0.7692307692307693,0.16393442622950818,0.2670157068062827,0.29901960784313725,,,,,,
16,outlier,15,Logistic Regression,smote,0.8348771647200967,0.3441667417831533,0.7692307692307693,0.17857142857142858,0.24083769633507854,0.27450980392156865,69.0,674.0,159.0,170.0,0.21739130434782608,0.2489905787348587
16,outlier,15,SVM,none,0.6786145791381394,0.1412352816437155,0.0,,0.0,0.0,,,,,,
16,outlier,15,SVM,class_weight,0.8115183246073298,0.2608721436537583,0.23076923076923078,0.16666666666666666,0.07853403141361257,0.08823529411764706,,,,,,
16,outlier,15,SVM,smote,0.8070881997583568,0.23184733119477732,0.15384615384615385,0.13333333333333333,0.06806282722513089,0.07352941176470588,69.0,674.0,159.0,170.0,0.21739130434782608,0.2489905787348587
16,outlier,20,Logistic Regression,none,0.8260169150221506,0.20119054138548262,0.07692307692307693,0.2,0.020942408376963352,0.024509803921568627,,,,,,
16,outlier,20,Logistic Regression,class_weight,0.8264196536447845,0.25567424138603534,0.7692307692307693,0.17857142857142858,0.24083769633507854,0.27450980392156865,,,,,,
16,outlier,20,Logistic Regression,smote,0.8360853805879984,0.28092000436938813,0.7692307692307693,0.18181818181818182,0.2356020942408377,0.2696078431372549,74.0,664.0,191.0,202.0,0.2702702702702703,0.3008130081300813
16,outlier,20,SVM,none,0.6669351590817559,0.1140033044622445,0.0,0.0,0.005235602094240838,0.004901960784313725,,,,,,
16,outlier,20,SVM,class_weight,0.8022553362867499,0.2613977401109696,0.23076923076923078,0.125,0.1099476439790576,0.11764705882352941,,,,,,
16,outlier,20,SVM,smote,0.8147402335884011,0.23765396806577394,0.23076923076923078,0.17647058823529413,0.07329842931937172,0.08333333333333333,74.0,664.0,191.0,202.0,0.2702702702702703,0.3008130081300813
16,outlier,30,Logistic Regression,none,0.8143374949657672,0.16612596235105992,0.0,0.0,0.031413612565445025,0.029411764705882353,,,,,,
16,outlier,30,Logistic Regression,class_weight,0.8054772452678212,0.19741886635417372,0.7692307692307693,0.18867924528301888,0.225130890052356,0.25980392156862747,,,,,,
16,outlier,30,Logistic Regression,smote,0.8215867901731777,0.22351911070009808,0.7692307692307693,0.19230769230769232,0.2198952879581152,0.2549019607843137,84.0,644.0,234.0,253.0,0.35714285714285715,0.38873626373626374
16,outlier,30,SVM,none,0.6580749093838099,0.10409963238298107,0.0,0.0,0.005235602094240838,0.004901960784313725,,,,,,
16,outlier,30,SVM,class_weight,0.7764800644381796,0.1919986953971496,0.3076923076923077,0.14814814814814814,0.12041884816753927,0.1323529411764706,,,,,,
16,outlier,30,SVM,smote,0.8034635521546516,0.22987956988709432,0.23076923076923078,0.15,0.08900523560209424,0.09803921568627451,84.0,644.0,234.0,253.0,0.35714285714285715,0.38873626373626374
17,random,0,Logistic Regression,none,0.8030608135320177,0.35476209156559557,0.07692307692307693,1.0,0.0,0.004901960784313725,,,,,,
17,random,0,Logistic Regression,class_weight,0.7942005638340717,0.3395540354267654,0.7692307692307693,0.14705882352941177,0.3036649214659686,0.3333333333333333,,,,,,
17,random,0,Logistic Regression,smote,0.8022553362867499,0.3366820581421658,0.7692307692307693,0.16666666666666666,0.2617801047120419,0.29411764705882354,54.0,704.0,0.0,0.0,0.0,0.0
17,random,0,SVM,none,0.6596858638743456,0.2845787272599824,0.0,,0.0,0.0,,,,,,
17,random,0,SVM,class_weight,0.7490938380990737,0.19514282984331055,0.23076923076923078,0.17647058823529413,0.07329842931937172,0.08333333333333333,,,,,,
17,random,0,SVM,smote,0.7354007249295207,0.16019907436619282,0.07692307692307693,0.14285714285714285,0.031413612565445025,0.03431372549019608,54.0,704.0,0.0,0.0,0.0,0.0
17,random,2,Logistic Regression,none,0.8099073701167943,0.3545343760586868,0.07692307692307693,1.0,0.0,0.004901960784313725,,,,,,
17,random,2,Logistic Regression,class_weight,0.7958115183246073,0.31761061239816357,0.7692307692307693,0.136986301369863,0.3298429319371728,0.35784313725490197,,,,,,
17,random,2,Logistic Regression,smote,0.7994361659283125,0.31956059725205116,0.6923076923076923,0.13846153846153847,0.2931937172774869,0.31862745098039214,56.0,700.0,28.0,40.0,0.03571428571428571,0.05555555555555555
17,random,2,SVM,none,0.666935159081756,0.30379633498423314,0.0,,0.0,0.0,,,,,,
17,random,2,SVM,class_weight,0.7688280306081354,0.1886933286934367,0.23076923076923078,0.17647058823529413,0.07329842931937172,0.08333333333333333,,,,,,
17,random,2,SVM,smote,0.7486910994764397,0.15667787156629878,0.15384615384615385,0.2,0.041884816753926704,0.049019607843137254,56.0,700.0,28.0,40.0,0.03571428571428571,0.05555555555555555
17,random,5,Logistic Regression,none,0.8119210632299638,0.32979932733085676,0.07692307692307693,1.0,0.0,0.004901960784313725,,,,,,
17,random,5,Logistic Regression,class_weight,0.7841320982682239,0.29023010742118294,0.6923076923076923,0.125,0.3298429319371728,0.35294117647058826,,,,,,
17,random,5,Logistic Regression,smote,0.7925896093435361,0.33285015367447396,0.6923076923076923,0.13636363636363635,0.29842931937172773,0.3235294117647059,59.0,694.0,53.0,86.0,0.0847457627118644,0.12084993359893759
17,random,5,SVM,none,0.6459927507047927,0.2469025221765373,0.0,,0.0,0.0,,,,,,
17,random,5,SVM,class_weight,0.7531212243254128,0.17250304444328382,0.38461538461538464,0.21739130434782608,0.09424083769633508,0.11274509803921569,,,,,,
17,random,5,SVM,smote,0.7354007249295208,0.1456348443425681,0.0,0.0,0.041884816753926704,0.0392156862745098,59.0,694.0,53.0,86.0,0.0847457627118644,0.12084993359893759
17,random,10,Logistic Regression,none,0.8131292790978655,0.3731867437287527,0.07692307692307693,1.0,0.0,0.004901960784313725,,,,,,
17,random,10,Logistic Regression,class_weight,0.7913813934756344,0.3712661372913666,0.7692307692307693,0.12987012987012986,0.3507853403141361,0.37745098039215685,,,,,,
17,random,10,Logistic Regression,smote,0.79299234796617,0.3913418545811639,0.6923076923076923,0.13636363636363635,0.29842931937172773,0.3235294117647059,64.0,684.0,114.0,159.0,0.15625,0.22593582887700533
17,random,10,SVM,none,0.6480064438179622,0.21813842006465897,0.0,,0.0,0.0,,,,,,
17,random,10,SVM,class_weight,0.7692307692307693,0.19007936484108662,0.46153846153846156,0.24,0.09947643979057591,0.12254901960784313,,,,,,
17,random,10,SVM,smote,0.7482883608538059,0.14485290387326677,0.07692307692307693,0.1,0.04712041884816754,0.049019607843137254,64.0,684.0,114.0,159.0,0.15625,0.22593582887700533
17,random,15,Logistic Regression,none,0.8223922674184454,0.37998396871681184,0.15384615384615385,1.0,0.0,0.00980392156862745,,,,,,
17,random,15,Logistic Regression,class_weight,0.8074909383809907,0.3491428999055312,0.7692307692307693,0.12987012987012986,0.3507853403141361,0.37745098039215685,,,,,,
17,random,15,Logistic Regression,smote,0.8034635521546516,0.3890601537364989,0.6923076923076923,0.1232876712328767,0.33507853403141363,0.35784313725490197,69.0,674.0,129.0,208.0,0.21739130434782608,0.3001345895020188
17,random,15,SVM,none,0.6500201369311317,0.2765053738012974,0.0,,0.0,0.0,,,,,,
17,random,15,SVM,class_weight,0.7716472009665727,0.21430449002834875,0.46153846153846156,0.1935483870967742,0.13089005235602094,0.15196078431372548,,,,,,
17,random,15,SVM,smote,0.7631896898912607,0.16846961523442652,0.23076923076923078,0.21428571428571427,0.05759162303664921,0.06862745098039216,69.0,674.0,129.0,208.0,0.21739130434782608,0.3001345895020188
17,random,20,Logistic Regression,none,0.8223922674184454,0.40300049669191773,0.07692307692307693,1.0,0.0,0.004901960784313725,,,,,,
17,random,20,Logistic Regression,class_weight,0.8050745066451872,0.34827714551686934,0.7692307692307693,0.1282051282051282,0.35602094240837695,0.38235294117647056,,,,,,
17,random,20,Logistic Regression,smote,0.7825211437776883,0.3938826324967111,0.6923076923076923,0.1232876712328767,0.33507853403141363,0.35784313725490197,74.0,664.0,164.0,257.0,0.2702702702702703,0.37533875338753386
17,random,20,SVM,none,0.6552557390253725,0.31867303752858195,0.0,,0.0,0.0,,,,,,
17,random,20,SVM,class_weight,0.7897704389850987,0.21364253741348777,0.5384615384615384,0.18421052631578946,0.16230366492146597,0.18627450980392157,,,,,,
17,random,20,SVM,smote,0.779299234796617,0.17244148145087382,0.15384615384615385,0.13333333333333333,0.06806282722513089,0.07352941176470588,74.0,664.0,164.0,257.0,0.2702702702702703,0.37533875338753386
17,random,30,Logistic Regression,none,0.8264196536447845,0.4084885768214897,0.07692307692307693,1.0,0.0,0.004901960784313725,,,,,,
17,random,30,Logistic Regression,class_weight,0.8167539267015707,0.3576898891214093,0.7692307692307693,0.12658227848101267,0.3612565445026178,0.3872549019607843,,,,,,
17,random,30,Logistic Regression,smote,0.8139347563431333,0.3702703528816262,0.7692307692307693,0.12987012987012986,0.3507853403141361,0.37745098039215685,84.0,644.0,209.0,333.0,0.35714285714285715,0.49862637362637363
17,random,30,SVM,none,0.621828433346758,0.2610619228776409,0.0,,0.0,0.0,,,,,,
17,random,30,SVM,class_weight,0.793395086588804,0.19107626094102773,0.6153846153846154,0.1702127659574468,0.20418848167539266,0.23039215686274508,,,,,,
17,random,30,SVM,smote,0.7740636327023762,0.1634211273731908,0.15384615384615385,0.1111111111111111,0.08376963350785341,0.08823529411764706,84.0,644.0,209.0,333.0,0.35714285714285715,0.49862637362637363
17,outlier,0,Logistic Regression,none,0.8030608135320177,0.35476209156559557,0.07692307692307693,1.0,0.0,0.004901960784313725,,,,,,
17,outlier,0,Logistic Regression,class_weight,0.7942005638340717,0.3395540354267654,0.7692307692307693,0.14705882352941177,0.3036649214659686,0.3333333333333333,,,,,,
17,outlier,0,Logistic Regression,smote,0.8022553362867499,0.3366820581421658,0.7692307692307693,0.16666666666666666,0.2617801047120419,0.29411764705882354,54.0,704.0,0.0,0.0,0.0,0.0
17,outlier,0,SVM,none,0.6596858638743456,0.2845787272599824,0.0,,0.0,0.0,,,,,,
17,outlier,0,SVM,class_weight,0.7490938380990737,0.19514282984331055,0.23076923076923078,0.17647058823529413,0.07329842931937172,0.08333333333333333,,,,,,
17,outlier,0,SVM,smote,0.7354007249295207,0.16019907436619282,0.07692307692307693,0.14285714285714285,0.031413612565445025,0.03431372549019608,54.0,704.0,0.0,0.0,0.0,0.0
17,outlier,2,Logistic Regression,none,0.7797019734192508,0.3686622777168326,0.15384615384615385,1.0,0.0,0.00980392156862745,,,,,,
17,outlier,2,Logistic Regression,class_weight,0.761175996778091,0.2961463565847207,0.6923076923076923,0.12857142857142856,0.3193717277486911,0.3431372549019608,,,,,,
17,outlier,2,Logistic Regression,smote,0.7768828030608135,0.3188140055847434,0.6153846153846154,0.12307692307692308,0.29842931937172773,0.31862745098039214,56.0,700.0,25.0,25.0,0.03571428571428571,0.03571428571428571
17,outlier,2,SVM,none,0.64881192106323,0.2840336550490135,0.0,,0.0,0.0,,,,,,
17,outlier,2,SVM,class_weight,0.7438582360048329,0.19375946395553803,0.23076923076923078,0.17647058823529413,0.07329842931937172,0.08333333333333333,,,,,,
17,outlier,2,SVM,smote,0.7265404752315747,0.15902931720670144,0.07692307692307693,0.14285714285714285,0.031413612565445025,0.03431372549019608,56.0,700.0,25.0,25.0,0.03571428571428571,0.03571428571428571
17,outlier,5,Logistic Regression,none,0.7466774063632703,0.3012976078060515,0.15384615384615385,1.0,0.0,0.00980392156862745,,,,,,
17,outlier,5,Logistic Regression,class_weight,0.7414418042690294,0.2192085417071473,0.6923076923076923,0.13043478260869565,0.31413612565445026,0.3382352941176471,,,,,,
17,outlier,5,Logistic Regression,smote,0.7470801449859041,0.31168815013659446,0.6153846153846154,0.12307692307692308,0.29842931937172773,0.31862745098039214,59.0,694.0,67.0,70.0,0.0847457627118644,0.099601593625498
17,outlier,5,SVM,none,0.6419653644784535,0.16002301632764307,0.0,,0.0,0.0,,,,,,
17,outlier,5,SVM,class_weight,0.739025372533226,0.18827346655385208,0.23076923076923078,0.16666666666666666,0.07853403141361257,0.08823529411764706,,,,,,
17,outlier,5,SVM,smote,0.7261377366089408,0.15879529062967473,0.07692307692307693,0.125,0.03664921465968586,0.0392156862745098,59.0,694.0,67.0,70.0,0.0847457627118644,0.099601593625498
17,outlier,10,Logistic Regression,none,0.7192911800241644,0.2888855939275061,0.15384615384615385,0.4,0.015706806282722512,0.024509803921568627,,,,,,
17,outlier,10,Logistic Regression,class_weight,0.7221103503826016,0.2484786178079622,0.6923076923076923,0.13432835820895522,0.3036649214659686,0.3284313725490196,,,,,,
17,outlier,10,Logistic Regression,smote,0.7325815545710834,0.23851433055139512,0.6153846153846154,0.11940298507462686,0.3089005235602094,0.3284313725490196,64.0,684.0,106.0,114.0,0.15625,0.1657754010695187
17,outlier,10,SVM,none,0.6331051147805075,0.13101279413920325,0.0,,0.0,0.0,,,,,,
17,outlier,10,SVM,class_weight,0.7140555779299235,0.15444320723917634,0.3076923076923077,0.16666666666666666,0.10471204188481675,0.11764705882352941,,,,,,
17,outlier,10,SVM,smote,0.7164720096657269,0.14954784478855596,0.15384615384615385,0.16666666666666666,0.05235602094240838,0.058823529411764705,64.0,684.0,106.0,114.0,0.15625,0.1657754010695187
17,outlier,15,Logistic Regression,none,0.6975432944019332,0.23876402579684375,0.15384615384615385,0.2222222222222222,0.03664921465968586,0.04411764705882353,,,,,,
17,outlier,15,Logistic Regression,class_weight,0.7136528393072896,0.24732613337437634,0.6923076923076923,0.13043478260869565,0.31413612565445026,0.3382352941176471,,,,,,
17,outlier,15,Logistic Regression,smote,0.7241240434957712,0.289352087104042,0.6153846153846154,0.11940298507462686,0.3089005235602094,0.3284313725490196,69.0,674.0,142.0,156.0,0.21739130434782608,0.23014804845222073
17,outlier,15,SVM,none,0.6347160692710431,0.11570738466611807,0.0,0.0,0.005235602094240838,0.004901960784313725,,,,,,
17,outlier,15,SVM,class_weight,0.7084172372130488,0.15070755791881027,0.38461538461538464,0.16666666666666666,0.13089005235602094,0.14705882352941177,,,,,,
17,outlier,15,SVM,smote,0.7100281917035844,0.14045079861594487,0.23076923076923078,0.15,0.08900523560209424,0.09803921568627451,69.0,674.0,142.0,156.0,0.21739130434782608,0.23014804845222073
17,outlier,20,Logistic Regression,none,0.6910994764397906,0.21870406815542562,0.23076923076923078,0.3333333333333333,0.031413612565445025,0.04411764705882353,,,,,,
17,outlier,20,Logistic Regression,class_weight,0.7011679420056383,0.22541844746075781,0.6923076923076923,0.125,0.3298429319371728,0.35294117647058826,,,,,,
17,outlier,20,Logistic Regression,smote,0.7096254530809505,0.2206852864312603,0.6153846153846154,0.12121212121212122,0.3036649214659686,0.3235294117647059,74.0,664.0,173.0,186.0,0.2702702702702703,0.2791327913279133
17,outlier,20,SVM,none,0.6282722513089005,0.10607551735604874,0.0,0.0,0.015706806282722512,0.014705882352941176,,,,,,
17,outlier,20,SVM,class_weight,0.6983487716472011,0.13939387627183503,0.3076923076923077,0.125,0.14659685863874344,0.1568627450980392,,,,,,
17,outlier,20,SVM,smote,0.7176802255336288,0.13707777821196487,0.07692307692307693,0.05263157894736842,0.09424083769633508,0.09313725490196079,74.0,664.0,173.0,186.0,0.2702702702702703,0.2791327913279133
17,outlier,30,Logistic Regression,none,0.6596858638743456,0.1283973515759409,0.23076923076923078,0.15789473684210525,0.08376963350785341,0.09313725490196079,,,,,,
17,outlier,30,Logistic Regression,class_weight,0.6782118405155054,0.13938904197888413,0.6153846153846154,0.1111111111111111,0.33507853403141363,0.35294117647058826,,,,,,
17,outlier,30,Logistic Regression,smote,0.6878775674587193,0.16277975842872824,0.6153846153846154,0.12121212121212122,0.3036649214659686,0.3235294117647059,84.0,644.0,223.0,244.0,0.35714285714285715,0.37637362637362637
17,outlier,30,SVM,none,0.6133709222714459,0.09714631339326413,0.0,0.0,0.03664921465968586,0.03431372549019608,,,,,,
17,outlier,30,SVM,class_weight,0.6786145791381394,0.12119461382069179,0.5384615384615384,0.16279069767441862,0.18848167539267016,0.2107843137254902,,,,,,
17,outlier,30,SVM,smote,0.698348771647201,0.1237373141578519,0.23076923076923078,0.1111111111111111,0.1256544502617801,0.1323529411764706,84.0,644.0,223.0,244.0,0.35714285714285715,0.37637362637362637
18,random,0,Logistic Regression,none,0.6701570680628272,0.10429307084647349,0.0,0.0,0.010471204188481676,0.00980392156862745,,,,,,
18,random,0,Logistic Regression,class_weight,0.6596858638743456,0.10160820148403002,0.38461538461538464,0.09803921568627451,0.24083769633507854,0.25,,,,,,
18,random,0,Logistic Regression,smote,0.6198147402335884,0.09583077650538212,0.3076923076923077,0.07692307692307693,0.2513089005235602,0.2549019607843137,54.0,704.0,0.0,0.0,0.0,0.0
18,random,0,SVM,none,0.6850583971002819,0.12042757866144067,0.0,,0.0,0.0,,,,,,
18,random,0,SVM,class_weight,0.6927104309303262,0.10895967658900181,0.15384615384615385,0.08695652173913043,0.1099476439790576,0.11274509803921569,,,,,,
18,random,0,SVM,smote,0.6838501812323802,0.10804415208348764,0.07692307692307693,0.07692307692307693,0.06282722513089005,0.06372549019607843,54.0,704.0,0.0,0.0,0.0,0.0
18,random,2,Logistic Regression,none,0.6693515908175593,0.10595553619870131,0.0,0.0,0.005235602094240838,0.004901960784313725,,,,,,
18,random,2,Logistic Regression,class_weight,0.666532420459122,0.10817993598317813,0.38461538461538464,0.08771929824561403,0.27225130890052357,0.27941176470588236,,,,,,
18,random,2,Logistic Regression,smote,0.6327023761578736,0.11060800484938657,0.3076923076923077,0.07272727272727272,0.2670157068062827,0.2696078431372549,56.0,700.0,21.0,35.0,0.03571428571428571,0.04894179894179894
18,random,2,SVM,none,0.6850583971002819,0.11837653999493142,0.0,,0.0,0.0,,,,,,
18,random,2,SVM,class_weight,0.6822392267418446,0.10256208532200813,0.07692307692307693,0.05,0.09947643979057591,0.09803921568627451,,,,,,
18,random,2,SVM,smote,0.6548530004027386,0.09469149381235202,0.07692307692307693,0.08333333333333333,0.05759162303664921,0.058823529411764705,56.0,700.0,21.0,35.0,0.03571428571428571,0.04894179894179894
18,random,5,Logistic Regression,none,0.6302859444220701,0.09091457642814073,0.0,0.0,0.010471204188481676,0.00980392156862745,,,,,,
18,random,5,Logistic Regression,class_weight,0.6020942408376964,0.08580697969302618,0.3076923076923077,0.06557377049180328,0.29842931937172773,0.29901960784313725,,,,,,
18,random,5,Logistic Regression,smote,0.5884011276681433,0.09280883696672299,0.3076923076923077,0.07142857142857142,0.27225130890052357,0.27450980392156865,59.0,694.0,54.0,81.0,0.0847457627118644,0.11420982735723771
18,random,5,SVM,none,0.6693515908175595,0.11427429341392552,0.0,,0.0,0.0,,,,,,
18,random,5,SVM,class_weight,0.6677406363270237,0.10022427156902675,0.07692307692307693,0.045454545454545456,0.1099476439790576,0.10784313725490197,,,,,,
18,random,5,SVM,smote,0.6270640354409989,0.0862916001127978,0.0,0.0,0.05235602094240838,0.049019607843137254,59.0,694.0,54.0,81.0,0.0847457627118644,0.11420982735723771
18,random,10,Logistic Regression,none,0.6415626258558196,0.09093603111267326,0.0,0.0,0.005235602094240838,0.004901960784313725,,,,,,
18,random,10,Logistic Regression,class_weight,0.6186065243656866,0.08510001550918424,0.38461538461538464,0.0847457627118644,0.28272251308900526,0.28921568627450983,,,,,,
18,random,10,Logistic Regression,smote,0.6049134111961337,0.09085155638850446,0.3076923076923077,0.07547169811320754,0.25654450261780104,0.25980392156862747,64.0,684.0,100.0,155.0,0.15625,0.22058823529411764
18,random,10,SVM,none,0.6488119210632299,0.10540573305587791,0.0,,0.0,0.0,,,,,,
18,random,10,SVM,class_weight,0.6423681031010874,0.09129442401888227,0.15384615384615385,0.08695652173913043,0.1099476439790576,0.11274509803921569,,,,,,
18,random,10,SVM,smote,0.5775271848570278,0.07649018763729405,0.0,0.0,0.06282722513089005,0.058823529411764705,64.0,684.0,100.0,155.0,0.15625,0.22058823529411764
18,random,15,Logistic Regression,none,0.6516310914216673,0.09384840299135952,0.0,0.0,0.005235602094240838,0.004901960784313725,,,,,,
18,random,15,Logistic Regression,class_weight,0.6238421264599275,0.08574512768613338,0.5384615384615384,0.11290322580645161,0.2879581151832461,0.30392156862745096,,,,,,
18,random,15,Logistic Regression,smote,0.5976641159887233,0.08487670491246221,0.46153846153846156,0.1016949152542373,0.2774869109947644,0.28921568627450983,69.0,674.0,151.0,216.0,0.21739130434782608,0.31090174966352624
18,random,15,SVM,none,0.657672170761176,0.10831735998014819,0.0,,0.0,0.0,,,,,,
18,random,15,SVM,class_weight,0.6616995569875151,0.09425083315944843,0.07692307692307693,0.045454545454545456,0.1099476439790576,0.10784313725490197,,,,,,
18,random,15,SVM,smote,0.590012082158679,0.07737418079030187,0.0,0.0,0.06282722513089005,0.058823529411764705,69.0,674.0,151.0,216.0,0.21739130434782608,0.31090174966352624
18,random,20,Logistic Regression,none,0.6633105114780506,0.09410787466583677,0.0,0.0,0.005235602094240838,0.004901960784313725,,,,,,
18,random,20,Logistic Regression,class_weight,0.6572694321385422,0.09096538682468278,0.5384615384615384,0.1044776119402985,0.31413612565445026,0.3284313725490196,,,,,,
18,random,20,Logistic Regression,smote,0.6024969794603303,0.08286150293770289,0.46153846153846156,0.0967741935483871,0.2931937172774869,0.30392156862745096,74.0,664.0,183.0,261.0,0.2702702702702703,0.3807588075880759
18,random,20,SVM,none,0.70237615787354,0.13071313916825414,0.0,,0.0,0.0,,,,,,
18,random,20,SVM,class_weight,0.7229158276278695,0.11262227241942956,0.07692307692307693,0.045454545454545456,0.1099476439790576,0.10784313725490197,,,,,,
18,random,20,SVM,smote,0.644381796214257,0.08852101947458613,0.0,0.0,0.07853403141361257,0.07352941176470588,74.0,664.0,183.0,261.0,0.2702702702702703,0.3807588075880759
18,random,30,Logistic Regression,none,0.6915022150624245,0.107250071405185,0.0,0.0,0.005235602094240838,0.004901960784313725,,,,,,
18,random,30,Logistic Regression,class_weight,0.6778091018928716,0.10051440778962496,0.7692307692307693,0.13513513513513514,0.33507853403141363,0.3627450980392157,,,,,,
18,random,30,Logistic Regression,smote,0.5940394683850181,0.08785528529353082,0.6153846153846154,0.11764705882352941,0.31413612565445026,0.3333333333333333,84.0,644.0,234.0,320.0,0.35714285714285715,0.4807692307692308
18,random,30,SVM,none,0.6778091018928715,0.12399902020649671,0.0,,0.0,0.0,,,,,,
18,random,30,SVM,class_weight,0.6971405557792993,0.10137592405898357,0.07692307692307693,0.03225806451612903,0.15706806282722513,0.15196078431372548,,,,,,
18,random,30,SVM,smote,0.5916230366492147,0.07640687405198446,0.0,0.0,0.08376963350785341,0.0784313725490196,84.0,644.0,234.0,320.0,0.35714285714285715,0.4807692307692308
18,outlier,0,Logistic Regression,none,0.6701570680628272,0.10429307084647349,0.0,0.0,0.010471204188481676,0.00980392156862745,,,,,,
18,outlier,0,Logistic Regression,class_weight,0.6596858638743456,0.10160820148403002,0.38461538461538464,0.09803921568627451,0.24083769633507854,0.25,,,,,,
18,outlier,0,Logistic Regression,smote,0.6198147402335884,0.09583077650538212,0.3076923076923077,0.07692307692307693,0.2513089005235602,0.2549019607843137,54.0,704.0,0.0,0.0,0.0,0.0
18,outlier,0,SVM,none,0.6850583971002819,0.12042757866144067,0.0,,0.0,0.0,,,,,,
18,outlier,0,SVM,class_weight,0.6927104309303262,0.10895967658900181,0.15384615384615385,0.08695652173913043,0.1099476439790576,0.11274509803921569,,,,,,
18,outlier,0,SVM,smote,0.6838501812323802,0.10804415208348764,0.07692307692307693,0.07692307692307693,0.06282722513089005,0.06372549019607843,54.0,704.0,0.0,0.0,0.0,0.0
18,outlier,2,Logistic Regression,none,0.6592831252517117,0.09781505086376541,0.0,0.0,0.010471204188481676,0.00980392156862745,,,,,,
18,outlier,2,Logistic Regression,class_weight,0.6439790575916231,0.09260459226641632,0.38461538461538464,0.09090909090909091,0.2617801047120419,0.2696078431372549,,,,,,
18,outlier,2,Logistic Regression,smote,0.6037051953282321,0.08576300883569517,0.3076923076923077,0.07407407407407407,0.2617801047120419,0.2647058823529412,56.0,700.0,34.0,34.0,0.03571428571428571,0.047619047619047616
18,outlier,2,SVM,none,0.6794200563834072,0.1117054270577976,0.0,,0.0,0.0,,,,,,
18,outlier,2,SVM,class_weight,0.6834474426097463,0.10650597934081421,0.15384615384615385,0.09523809523809523,0.09947643979057591,0.10294117647058823,,,,,,
18,outlier,2,SVM,smote,0.63954893274265,0.09292080267411426,0.07692307692307693,0.06666666666666667,0.07329842931937172,0.07352941176470588,56.0,700.0,34.0,34.0,0.03571428571428571,0.047619047619047616
18,outlier,5,Logistic Regression,none,0.6488119210632299,0.09171242524252347,0.0,0.0,0.015706806282722512,0.014705882352941176,,,,,,
18,outlier,5,Logistic Regression,class_weight,0.6286749899315345,0.08655082270997816,0.46153846153846156,0.1,0.28272251308900526,0.29411764705882354,,,,,,
18,outlier,5,Logistic Regression,smote,0.5900120821586791,0.07867838269622192,0.3076923076923077,0.07017543859649122,0.2774869109947644,0.27941176470588236,59.0,694.0,75.0,79.0,0.0847457627118644,0.11155378486055777
18,outlier,5,SVM,none,0.6705598066854611,0.11157245144231019,0.0,,0.0,0.0,,,,,,
18,outlier,5,SVM,class_weight,0.6786145791381394,0.10849534841442603,0.07692307692307693,0.045454545454545456,0.1099476439790576,0.10784313725490197,,,,,,
18,outlier,5,SVM,smote,0.6431735803463552,0.09653189408429677,0.07692307692307693,0.06666666666666667,0.07329842931937172,0.07352941176470588,59.0,694.0,75.0,79.0,0.0847457627118644,0.11155378486055777
18,outlier,10,Logistic Regression,none,0.6226339105920258,0.08725300621025867,0.0,0.0,0.015706806282722512,0.014705882352941176,,,,,,
18,outlier,10,Logistic Regression,class_weight,0.6133709222714459,0.0835211920070634,0.38461538461538464,0.08928571428571429,0.2670157068062827,0.27450980392156865,,,,,,
18,outlier,10,Logistic Regression,smote,0.5791381393475634,0.07757096764468807,0.3076923076923077,0.07272727272727272,0.2670157068062827,0.2696078431372549,64.0,684.0,130.0,135.0,0.15625,0.19385026737967914
18,outlier,10,SVM,none,0.6685461135722915,0.10998671176996554,0.0,,0.0,0.0,,,,,,
18,outlier,10,SVM,class_weight,0.6774063632702376,0.10736948400878696,0.07692307692307693,0.043478260869565216,0.11518324607329843,0.11274509803921569,,,,,,
18,outlier,10,SVM,smote,0.6331051147805075,0.09662293121361354,0.07692307692307693,0.058823529411764705,0.08376963350785341,0.08333333333333333,64.0,684.0,130.0,135.0,0.15625,0.19385026737967914
18,outlier,15,Logistic Regression,none,0.5912202980265808,0.07974555317119236,0.0,0.0,0.031413612565445025,0.029411764705882353,,,,,,
18,outlier,15,Logistic Regression,class_weight,0.6041079339508659,0.08160708057928213,0.3076923076923077,0.07407407407407407,0.2617801047120419,0.2647058823529412,,,,,,
18,outlier,15,Logistic Regression,smote,0.5606121627064036,0.07422813924559798,0.3076923076923077,0.07692307692307693,0.2513089005235602,0.2549019607843137,69.0,674.0,135.0,149.0,0.21739130434782608,0.22072678331090176
18,outlier,15,SVM,none,0.6496173983084979,0.10053123500628028,0.0,0.0,0.005235602094240838,0.004901960784313725,,,,,,
18,outlier,15,SVM,class_weight,0.6709625453080951,0.10286215254854625,0.15384615384615385,0.08,0.12041884816753927,0.12254901960784313,,,,,,
18,outlier,15,SVM,smote,0.6214256947241241,0.09477144322346553,0.07692307692307693,0.058823529411764705,0.08376963350785341,0.08333333333333333,69.0,674.0,135.0,149.0,0.21739130434782608,0.22072678331090176
18,outlier,20,Logistic Regression,none,0.56745871929118,0.07651076351020589,0.0,0.0,0.03664921465968586,0.03431372549019608,,,,,,
18,outlier,20,Logistic Regression,class_weight,0.5803463552154651,0.07874262342331947,0.3076923076923077,0.07407407407407407,0.2617801047120419,0.2647058823529412,,,,,,
18,outlier,20,Logistic Regression,smote,0.5291985501409585,0.07072588932121972,0.3076923076923077,0.07407407407407407,0.2617801047120419,0.2647058823529412,74.0,664.0,158.0,174.0,0.2702702702702703,0.26287262872628725
18,outlier,20,SVM,none,0.6318968989126057,0.09186200304448874,0.0,0.0,0.005235602094240838,0.004901960784313725,,,,,,
18,outlier,20,SVM,class_weight,0.6669351590817559,0.10041857859553383,0.15384615384615385,0.06451612903225806,0.1518324607329843,0.15196078431372548,,,,,,
18,outlier,20,SVM,smote,0.635521546516311,0.09715148080870889,0.07692307692307693,0.05,0.09947643979057591,0.09803921568627451,74.0,664.0,158.0,174.0,0.2702702702702703,0.26287262872628725
18,outlier,30,Logistic Regression,none,0.5211437776882804,0.06803866053245612,0.0,0.0,0.05759162303664921,0.05392156862745098,,,,,,
18,outlier,30,Logistic Regression,class_weight,0.5473217881594845,0.07150604688901416,0.23076923076923078,0.057692307692307696,0.25654450261780104,0.2549019607843137,,,,,,
18,outlier,30,Logistic Regression,smote,0.5283930728956907,0.06967006501330578,0.23076923076923078,0.05357142857142857,0.2774869109947644,0.27450980392156865,84.0,644.0,237.0,252.0,0.35714285714285715,0.3873626373626374
18,outlier,30,SVM,none,0.6024969794603303,0.08175444728006175,0.0,0.0,0.020942408376963352,0.0196078431372549,,,,,,
18,outlier,30,SVM,class_weight,0.63954893274265,0.09181115088679699,0.23076923076923078,0.08823529411764706,0.16230366492146597,0.16666666666666666,,,,,,
18,outlier,30,SVM,smote,0.6194120016109546,0.08702630169618417,0.15384615384615385,0.06666666666666667,0.14659685863874344,0.14705882352941177,84.0,644.0,237.0,252.0,0.35714285714285715,0.3873626373626374
19,random,0,Logistic Regression,none,0.859846959323399,0.3495384624636383,0.0,,0.0,0.0,,,,,,
19,random,0,Logistic Regression,class_weight,0.8525976641159887,0.3370077272374729,0.7692307692307693,0.1724137931034483,0.2513089005235602,0.28431372549019607,,,,,,
19,random,0,Logistic Regression,smote,0.8614579138139348,0.423845832809327,0.6923076923076923,0.17307692307692307,0.225130890052356,0.2549019607843137,54.0,704.0,0.0,0.0,0.0,0.0
19,random,0,SVM,none,0.7442609746274668,0.25092305300026735,0.0,,0.0,0.0,,,,,,
19,random,0,SVM,class_weight,0.8932742650020137,0.3796414736898822,0.46153846153846156,0.375,0.05235602094240838,0.0784313725490196,,,,,,
19,random,0,SVM,smote,0.869512686266613,0.2941343794791002,0.15384615384615385,0.3333333333333333,0.020942408376963352,0.029411764705882353,54.0,704.0,0.0,0.0,0.0,0.0
19,random,2,Logistic Regression,none,0.8602496979460329,0.34857361898545425,0.07692307692307693,1.0,0.0,0.004901960784313725,,,,,,
19,random,2,Logistic Regression,class_weight,0.8489730165122835,0.3475402162773009,0.7692307692307693,0.17543859649122806,0.24607329842931938,0.27941176470588236,,,,,,
19,random,2,Logistic Regression,smote,0.873942811115586,0.3990376134828556,0.7692307692307693,0.19607843137254902,0.21465968586387435,0.25,56.0,700.0,37.0,51.0,0.03571428571428571,0.0701058201058201
19,random,2,SVM,none,0.7410390656463954,0.2537096123626565,0.0,,0.0,0.0,,,,,,
19,random,2,SVM,class_weight,0.8952879581151834,0.37099151166656885,0.46153846153846156,0.375,0.05235602094240838,0.0784313725490196,,,,,,
19,random,2,SVM,smote,0.8674989931534434,0.28693189996749985,0.23076923076923078,0.42857142857142855,0.020942408376963352,0.03431372549019608,56.0,700.0,37.0,51.0,0.03571428571428571,0.0701058201058201
19,random,5,Logistic Regression,none,0.8542086186065243,0.3514936033682698,0.0,,0.0,0.0,,,,,,
19,random,5,Logistic Regression,class_weight,0.8497784937575514,0.3394104097318633,0.6923076923076923,0.16071428571428573,0.24607329842931938,0.27450980392156865,,,,,,
19,random,5,Logistic Regression,smote,0.8441401530406767,0.36912058696240213,0.6923076923076923,0.16981132075471697,0.23036649214659685,0.25980392156862747,59.0,694.0,61.0,124.0,0.0847457627118644,0.17131474103585656
19,random,5,SVM,none,0.7398308497784938,0.2756225084455465,0.0,,0.0,0.0,,,,,,
19,random,5,SVM,class_weight,0.8848167539267016,0.29131970537146856,0.38461538461538464,0.2777777777777778,0.06806282722513089,0.08823529411764706,,,,,,
19,random,5,SVM,smote,0.8638743455497382,0.24105365278151625,0.23076923076923078,0.2727272727272727,0.041884816753926704,0.05392156862745098,59.0,694.0,61.0,124.0,0.0847457627118644,0.17131474103585656
19,random,10,Logistic Regression,none,0.8606524365686669,0.3319506235845844,0.0,,0.0,0.0,,,,,,
19,random,10,Logistic Regression,class_weight,0.8618606524365686,0.2775596022439638,0.8461538461538461,0.1746031746031746,0.27225130890052357,0.3088235294117647,,,,,,
19,random,10,Logistic Regression,smote,0.8703181635118808,0.32242159849521435,0.8461538461538461,0.19642857142857142,0.2356020942408377,0.27450980392156865,64.0,684.0,104.0,180.0,0.15625,0.2540106951871658
19,random,10,SVM,none,0.7237213048731373,0.24195225154715252,0.0,,0.0,0.0,,,,,,
19,random,10,SVM,class_weight,0.8634716069271042,0.28953916567276894,0.46153846153846156,0.2857142857142857,0.07853403141361257,0.10294117647058823,,,,,,
19,random,10,SVM,smote,0.8534031413612566,0.24044610484835877,0.23076923076923078,0.2727272727272727,0.041884816753926704,0.05392156862745098,64.0,684.0,104.0,180.0,0.15625,0.2540106951871658
19,random,15,Logistic Regression,none,0.8674989931534434,0.34198626208628596,0.07692307692307693,1.0,0.0,0.004901960784313725,,,,,,
19,random,15,Logistic Regression,class_weight,0.8610551751913009,0.3336744927337835,0.7692307692307693,0.15873015873015872,0.2774869109947644,0.3088235294117647,,,,,,
19,random,15,Logistic Regression,smote,0.8775674587192912,0.3933554167581839,0.7692307692307693,0.17543859649122806,0.24607329842931938,0.27941176470588236,69.0,674.0,146.0,244.0,0.21739130434782608,0.34858681022880217
19,random,15,SVM,none,0.7394281111558598,0.22991948263348982,0.0,,0.0,0.0,,,,,,
19,random,15,SVM,class_weight,0.8630688683044704,0.30827167843320036,0.5384615384615384,0.28,0.09424083769633508,0.12254901960784313,,,,,,
19,random,15,SVM,smote,0.8348771647200967,0.20645059378070388,0.15384615384615385,0.14285714285714285,0.06282722513089005,0.06862745098039216,69.0,674.0,146.0,244.0,0.21739130434782608,0.34858681022880217
19,random,20,Logistic Regression,none,0.8598469593233993,0.3828813463635485,0.0,,0.0,0.0,,,,,,
19,random,20,Logistic Regression,class_weight,0.860249697946033,0.3713346629717327,0.7692307692307693,0.15384615384615385,0.2879581151832461,0.31862745098039214,,,,,,
19,random,20,Logistic Regression,smote,0.8670962545308095,0.40864356416600645,0.6923076923076923,0.14285714285714285,0.28272251308900526,0.3088235294117647,74.0,664.0,170.0,298.0,0.2702702702702703,0.43089430894308944
19,random,20,SVM,none,0.7289569069673782,0.18978394313954924,0.0,,0.0,0.0,,,,,,
19,random,20,SVM,class_weight,0.8670962545308095,0.3518484583843825,0.5384615384615384,0.25925925925925924,0.10471204188481675,0.1323529411764706,,,,,,
19,random,20,SVM,smote,0.8328634716069271,0.23379185590837925,0.15384615384615385,0.15384615384615385,0.05759162303664921,0.06372549019607843,74.0,664.0,170.0,298.0,0.2702702702702703,0.43089430894308944
19,random,30,Logistic Regression,none,0.8473620620217479,0.3189948604168968,0.0,0.0,0.005235602094240838,0.004901960784313725,,,,,,
19,random,30,Logistic Regression,class_weight,0.8409182440596055,0.33692858022232625,0.7692307692307693,0.15384615384615385,0.2879581151832461,0.31862745098039214,,,,,,
19,random,30,Logistic Regression,smote,0.8509867096254531,0.3534182469392329,0.7692307692307693,0.1724137931034483,0.2513089005235602,0.28431372549019607,84.0,644.0,261.0,385.0,0.35714285714285715,0.570054945054945
19,random,30,SVM,none,0.7241240434957713,0.14595384954329554,0.0,,0.0,0.0,,,,,,
19,random,30,SVM,class_weight,0.837696335078534,0.2887014119743815,0.6153846153846154,0.25806451612903225,0.12041884816753927,0.15196078431372548,,,,,,
19,random,30,SVM,smote,0.8078936770036247,0.20069877145784235,0.15384615384615385,0.15384615384615385,0.05759162303664921,0.06372549019607843,84.0,644.0,261.0,385.0,0.35714285714285715,0.570054945054945
19,outlier,0,Logistic Regression,none,0.859846959323399,0.3495384624636383,0.0,,0.0,0.0,,,,,,
19,outlier,0,Logistic Regression,class_weight,0.8525976641159887,0.3370077272374729,0.7692307692307693,0.1724137931034483,0.2513089005235602,0.28431372549019607,,,,,,
19,outlier,0,Logistic Regression,smote,0.8614579138139348,0.423845832809327,0.6923076923076923,0.17307692307692307,0.225130890052356,0.2549019607843137,54.0,704.0,0.0,0.0,0.0,0.0
19,outlier,0,SVM,none,0.7442609746274668,0.25092305300026735,0.0,,0.0,0.0,,,,,,
19,outlier,0,SVM,class_weight,0.8932742650020137,0.3796414736898822,0.46153846153846156,0.375,0.05235602094240838,0.0784313725490196,,,,,,
19,outlier,0,SVM,smote,0.869512686266613,0.2941343794791002,0.15384615384615385,0.3333333333333333,0.020942408376963352,0.029411764705882353,54.0,704.0,0.0,0.0,0.0,0.0
19,outlier,2,Logistic Regression,none,0.8489730165122835,0.2887645540115571,0.0,0.0,0.005235602094240838,0.004901960784313725,,,,,,
19,outlier,2,Logistic Regression,class_weight,0.8481675392670156,0.28277817330263705,0.7692307692307693,0.17857142857142858,0.24083769633507854,0.27450980392156865,,,,,,
19,outlier,2,Logistic Regression,smote,0.8654853000402739,0.3275751517655596,0.8461538461538461,0.1864406779661017,0.2513089005235602,0.28921568627450983,56.0,700.0,24.0,24.0,0.03571428571428571,0.03439153439153439
19,outlier,2,SVM,none,0.743052758759565,0.2523453851001364,0.0,,0.0,0.0,,,,,,
19,outlier,2,SVM,class_weight,0.8928715263793798,0.37595246850200825,0.46153846153846156,0.375,0.05235602094240838,0.0784313725490196,,,,,,
19,outlier,2,SVM,smote,0.8703181635118808,0.2919317762422326,0.23076923076923078,0.375,0.02617801047120419,0.0392156862745098,56.0,700.0,24.0,24.0,0.03571428571428571,0.03439153439153439
19,outlier,5,Logistic Regression,none,0.8272251308900525,0.241938385212077,0.0,0.0,0.010471204188481676,0.00980392156862745,,,,,,
19,outlier,5,Logistic Regression,class_weight,0.8304470398711237,0.24422902762667958,0.7692307692307693,0.15625,0.28272251308900526,0.3137254901960784,,,,,,
19,outlier,5,Logistic Regression,smote,0.846959323399114,0.2672610833154081,0.7692307692307693,0.1694915254237288,0.25654450261780104,0.28921568627450983,59.0,694.0,75.0,75.0,0.0847457627118644,0.10624169986719788
19,outlier,5,SVM,none,0.7378171566653242,0.2411686868455548,0.0,,0.0,0.0,,,,,,
19,outlier,5,SVM,class_weight,0.8888441401530407,0.3779992706414111,0.46153846153846156,0.3333333333333333,0.06282722513089005,0.08823529411764706,,,,,,
19,outlier,5,SVM,smote,0.8634716069271043,0.29079047502489747,0.23076923076923078,0.375,0.02617801047120419,0.0392156862745098,59.0,694.0,75.0,75.0,0.0847457627118644,0.10624169986719788
19,outlier,10,Logistic Regression,none,0.801852597664116,0.2068761868487196,0.0,0.0,0.005235602094240838,0.004901960784313725,,,,,,
19,outlier,10,Logistic Regression,class_weight,0.8131292790978655,0.22130795623306415,0.6923076923076923,0.140625,0.2879581151832461,0.3137254901960784,,,,,,
19,outlier,10,Logistic Regression,smote,0.8236004832863472,0.23693343983850407,0.6153846153846154,0.15384615384615385,0.23036649214659685,0.2549019607843137,64.0,684.0,145.0,148.0,0.15625,0.21122994652406418
19,outlier,10,SVM,none,0.7309706000805477,0.19500958227878895,0.0,,0.0,0.0,,,,,,
19,outlier,10,SVM,class_weight,0.8803866290777285,0.35175118664784166,0.46153846153846156,0.3157894736842105,0.06806282722513089,0.09313725490196079,,,,,,
19,outlier,10,SVM,smote,0.8699154248892469,0.280768645486167,0.23076923076923078,0.2727272727272727,0.041884816753926704,0.05392156862745098,64.0,684.0,145.0,148.0,0.15625,0.21122994652406418
19,outlier,15,Logistic Regression,none,0.7921868707209022,0.1833487409151016,0.0,0.0,0.010471204188481676,0.00980392156862745,,,,,,
19,outlier,15,Logistic Regression,class_weight,0.8054772452678212,0.20685110964340175,0.6923076923076923,0.15,0.2670157068062827,0.29411764705882354,,,,,,
19,outlier,15,Logistic Regression,smote,0.8256141763995167,0.21816572899540143,0.6153846153846154,0.1568627450980392,0.225130890052356,0.25,69.0,674.0,148.0,158.0,0.21739130434782608,0.23283983849259757
19,outlier,15,SVM,none,0.7261377366089408,0.1669932095863573,0.0,,0.0,0.0,,,,,,
19,outlier,15,SVM,class_weight,0.8695126862666129,0.32677771944238543,0.46153846153846156,0.3,0.07329842931937172,0.09803921568627451,,,,,,
19,outlier,15,SVM,smote,0.8751510269834878,0.28461331505413545,0.3076923076923077,0.36363636363636365,0.03664921465968586,0.05392156862745098,69.0,674.0,148.0,158.0,0.21739130434782608,0.23283983849259757
19,outlier,20,Logistic Regression,none,0.7764800644381795,0.16292819441076994,0.0,0.0,0.010471204188481676,0.00980392156862745,,,,,,
19,outlier,20,Logistic Regression,class_weight,0.7958115183246074,0.18517109340712923,0.6923076923076923,0.16071428571428573,0.24607329842931938,0.27450980392156865,,,,,,
19,outlier,20,Logistic Regression,smote,0.8312525171163914,0.22866083998138936,0.6923076923076923,0.17647058823529413,0.2198952879581152,0.25,74.0,664.0,189.0,200.0,0.2702702702702703,0.2981029810298103
19,outlier,20,SVM,none,0.7333870318163512,0.13997908444460957,0.0,0.0,0.005235602094240838,0.004901960784313725,,,,,,
19,outlier,20,SVM,class_weight,0.8562223117196939,0.275280017047394,0.46153846153846156,0.2608695652173913,0.08900523560209424,0.11274509803921569,,,,,,
19,outlier,20,SVM,smote,0.8703181635118808,0.26891298542766384,0.3076923076923077,0.36363636363636365,0.03664921465968586,0.05392156862745098,74.0,664.0,189.0,200.0,0.2702702702702703,0.2981029810298103
19,outlier,30,Logistic Regression,none,0.7345952476842529,0.12778410507067758,0.0,0.0,0.015706806282722512,0.014705882352941176,,,,,,
19,outlier,30,Logistic Regression,class_weight,0.7579540877970197,0.1507354238332911,0.5384615384615384,0.1346153846153846,0.2356020942408377,0.2549019607843137,,,,,,
19,outlier,30,Logistic Regression,smote,0.7954087797019734,0.17685720032331864,0.5384615384615384,0.14,0.225130890052356,0.24509803921568626,84.0,644.0,236.0,267.0,0.35714285714285715,0.40796703296703296
19,outlier,30,SVM,none,0.7124446234393877,0.11998403606789936,0.0,0.0,0.010471204188481676,0.00980392156862745,,,,,,
19,outlier,30,SVM,class_weight,0.833266210229561,0.23663053688248512,0.38461538461538464,0.2,0.10471204188481675,0.12254901960784313,,,,,,
19,outlier,30,SVM,smote,0.8582360048328636,0.24138449088821298,0.38461538461538464,0.3125,0.05759162303664921,0.0784313725490196,84.0,644.0,236.0,267.0,0.35714285714285715,0.40796703296703296
20,random,0,Logistic Regression,none,0.7539267015706806,0.18099466486139787,0.07692307692307693,0.5,0.005235602094240838,0.00980392156862745,,,,,,
20,random,0,Logistic Regression,class_weight,0.734595247684253,0.18669696992605744,0.5384615384615384,0.13725490196078433,0.23036649214659685,0.25,,,,,,
20,random,0,Logistic Regression,smote,0.7543294401933146,0.19606345998424096,0.5384615384615384,0.14,0.225130890052356,0.24509803921568626,54.0,704.0,0.0,0.0,0.0,0.0
20,random,0,SVM,none,0.7080144985904149,0.1349135434115182,0.0,,0.0,0.0,,,,,,
20,random,0,SVM,class_weight,0.7507047925896093,0.15634788900052377,0.23076923076923078,0.15789473684210525,0.08376963350785341,0.09313725490196079,,,,,,
20,random,0,SVM,smote,0.7434554973821991,0.1482129266621043,0.07692307692307693,0.09090909090909091,0.05235602094240838,0.05392156862745098,54.0,704.0,0.0,0.0,0.0,0.0
20,random,2,Logistic Regression,none,0.7345952476842529,0.18697079808671613,0.07692307692307693,0.5,0.005235602094240838,0.00980392156862745,,,,,,
20,random,2,Logistic Regression,class_weight,0.7128473620620218,0.20250814371009945,0.5384615384615384,0.125,0.25654450261780104,0.27450980392156865,,,,,,
20,random,2,Logistic Regression,smote,0.7112364075714861,0.1783134334823137,0.5384615384615384,0.13725490196078433,0.23036649214659685,0.25,56.0,700.0,34.0,39.0,0.03571428571428571,0.05423280423280423
20,random,2,SVM,none,0.6894885219492549,0.1331662831893479,0.0,,0.0,0.0,,,,,,
20,random,2,SVM,class_weight,0.7233185662505034,0.13787668204520506,0.15384615384615385,0.1,0.09424083769633508,0.09803921568627451,,,,,,
20,random,2,SVM,smote,0.7084172372130487,0.12645264296301895,0.07692307692307693,0.07692307692307693,0.06282722513089005,0.06372549019607843,56.0,700.0,34.0,39.0,0.03571428571428571,0.05423280423280423
20,random,5,Logistic Regression,none,0.7309706000805477,0.17330692536408115,0.07692307692307693,0.5,0.005235602094240838,0.00980392156862745,,,,,,
20,random,5,Logistic Regression,class_weight,0.7144583165525575,0.1816366817095905,0.5384615384615384,0.125,0.25654450261780104,0.27450980392156865,,,,,,
20,random,5,Logistic Regression,smote,0.7051953282319774,0.16199441167203682,0.5384615384615384,0.14,0.225130890052356,0.24509803921568626,59.0,694.0,59.0,107.0,0.0847457627118644,0.14873837981407703
20,random,5,SVM,none,0.707611759967781,0.13654462270069953,0.0,,0.0,0.0,,,,,,
20,random,5,SVM,class_weight,0.7442609746274668,0.14876730989960155,0.3076923076923077,0.19047619047619047,0.08900523560209424,0.10294117647058823,,,,,,
20,random,5,SVM,smote,0.7325815545710833,0.13691997371522946,0.07692307692307693,0.07142857142857142,0.06806282722513089,0.06862745098039216,59.0,694.0,59.0,107.0,0.0847457627118644,0.14873837981407703
20,random,10,Logistic Regression,none,0.7148610551751913,0.16652764636379142,0.0,0.0,0.010471204188481676,0.00980392156862745,,,,,,
20,random,10,Logistic Regression,class_weight,0.6826419653644784,0.15628312006459222,0.5384615384615384,0.11475409836065574,0.28272251308900526,0.29901960784313725,,,,,,
20,random,10,Logistic Regression,smote,0.675795408779702,0.1456914780340862,0.5384615384615384,0.12280701754385964,0.2617801047120419,0.27941176470588236,64.0,684.0,118.0,171.0,0.15625,0.24197860962566844
20,random,10,SVM,none,0.6790173177607732,0.1171347686939346,0.0,,0.0,0.0,,,,,,
20,random,10,SVM,class_weight,0.7325815545710834,0.13560161069606647,0.07692307692307693,0.05263157894736842,0.09424083769633508,0.09313725490196079,,,,,,
20,random,10,SVM,smote,0.7072090213451472,0.1173098893731637,0.07692307692307693,0.06666666666666667,0.07329842931937172,0.07352941176470588,64.0,684.0,118.0,171.0,0.15625,0.24197860962566844
20,random,15,Logistic Regression,none,0.7112364075714862,0.18579724989345892,0.07692307692307693,0.3333333333333333,0.010471204188481676,0.014705882352941176,,,,,,
20,random,15,Logistic Regression,class_weight,0.6995569875151028,0.19881129465291517,0.5384615384615384,0.109375,0.29842931937172773,0.3137254901960784,,,,,,
20,random,15,Logistic Regression,smote,0.6943213854208619,0.19750630145001924,0.5384615384615384,0.12280701754385964,0.2617801047120419,0.27941176470588236,69.0,674.0,154.0,225.0,0.21739130434782608,0.32301480484522205
20,random,15,SVM,none,0.6818364881192106,0.12185299123382132,0.0,,0.0,0.0,,,,,,
20,random,15,SVM,class_weight,0.7454691904953685,0.16665594504424883,0.23076923076923078,0.12,0.11518324607329843,0.12254901960784313,,,,,,
20,random,15,SVM,smote,0.7072090213451471,0.12459864594804813,0.07692307692307693,0.05555555555555555,0.08900523560209424,0.08823529411764706,69.0,674.0,154.0,225.0,0.21739130434782608,0.32301480484522205
20,random,20,Logistic Regression,none,0.7088199758356827,0.1908904633655304,0.07692307692307693,0.3333333333333333,0.010471204188481676,0.014705882352941176,,,,,,
20,random,20,Logistic Regression,class_weight,0.7055980668546113,0.2187411774445288,0.6153846153846154,0.12121212121212122,0.3036649214659686,0.3235294117647059,,,,,,
20,random,20,Logistic Regression,smote,0.6725734997986307,0.19374634319794126,0.6153846153846154,0.12698412698412698,0.2879581151832461,0.3088235294117647,74.0,664.0,171.0,289.0,0.2702702702702703,0.4186991869918699
20,random,20,SVM,none,0.6826419653644785,0.129846076551667,0.0,,0.0,0.0,,,,,,
20,random,20,SVM,class_weight,0.71163914619412,0.17011237694294765,0.3076923076923077,0.14285714285714285,0.1256544502617801,0.13725490196078433,,,,,,
20,random,20,SVM,smote,0.6971405557792993,0.13452187615462224,0.15384615384615385,0.08695652173913043,0.1099476439790576,0.11274509803921569,74.0,664.0,171.0,289.0,0.2702702702702703,0.4186991869918699
20,random,30,Logistic Regression,none,0.7273459524768426,0.2848315860611945,0.07692307692307693,0.5,0.005235602094240838,0.00980392156862745,,,,,,
20,random,30,Logistic Regression,class_weight,0.7249295207410391,0.27486182965156364,0.6153846153846154,0.11594202898550725,0.3193717277486911,0.3382352941176471,,,,,,
20,random,30,Logistic Regression,smote,0.6971405557792992,0.3489828554191647,0.6153846153846154,0.11940298507462686,0.3089005235602094,0.3284313725490196,84.0,644.0,242.0,360.0,0.35714285714285715,0.5357142857142857
20,random,30,SVM,none,0.7080144985904149,0.17715473844214447,0.0,,0.0,0.0,,,,,,
20,random,30,SVM,class_weight,0.7269432138542086,0.22385321594816432,0.38461538461538464,0.1282051282051282,0.17801047120418848,0.19117647058823528,,,,,,
20,random,30,SVM,smote,0.729762384212646,0.15227600968512328,0.15384615384615385,0.07407407407407407,0.13089005235602094,0.1323529411764706,84.0,644.0,242.0,360.0,0.35714285714285715,0.5357142857142857
20,outlier,0,Logistic Regression,none,0.7539267015706806,0.18099466486139787,0.07692307692307693,0.5,0.005235602094240838,0.00980392156862745,,,,,,
20,outlier,0,Logistic Regression,class_weight,0.734595247684253,0.18669696992605744,0.5384615384615384,0.13725490196078433,0.23036649214659685,0.25,,,,,,
20,outlier,0,Logistic Regression,smote,0.7543294401933146,0.19606345998424096,0.5384615384615384,0.14,0.225130890052356,0.24509803921568626,54.0,704.0,0.0,0.0,0.0,0.0
20,outlier,0,SVM,none,0.7080144985904149,0.1349135434115182,0.0,,0.0,0.0,,,,,,
20,outlier,0,SVM,class_weight,0.7507047925896093,0.15634788900052377,0.23076923076923078,0.15789473684210525,0.08376963350785341,0.09313725490196079,,,,,,
20,outlier,0,SVM,smote,0.7434554973821991,0.1482129266621043,0.07692307692307693,0.09090909090909091,0.05235602094240838,0.05392156862745098,54.0,704.0,0.0,0.0,0.0,0.0
20,outlier,2,Logistic Regression,none,0.7293596455900121,0.16631154987276456,0.07692307692307693,0.3333333333333333,0.010471204188481676,0.014705882352941176,,,,,,
20,outlier,2,Logistic Regression,class_weight,0.7217076117599678,0.1724806177613011,0.5384615384615384,0.1320754716981132,0.24083769633507854,0.25980392156862747,,,,,,
20,outlier,2,Logistic Regression,smote,0.7192911800241644,0.1737677106321174,0.5384615384615384,0.13725490196078433,0.23036649214659685,0.25,56.0,700.0,28.0,28.0,0.03571428571428571,0.03968253968253968
20,outlier,2,SVM,none,0.7039871123640757,0.13225466975522168,0.0,,0.0,0.0,,,,,,
20,outlier,2,SVM,class_weight,0.7482883608538059,0.15584270361390315,0.15384615384615385,0.1111111111111111,0.08376963350785341,0.08823529411764706,,,,,,
20,outlier,2,SVM,smote,0.7349979863068868,0.1452318183805862,0.07692307692307693,0.08333333333333333,0.05759162303664921,0.058823529411764705,56.0,700.0,28.0,28.0,0.03571428571428571,0.03968253968253968
20,outlier,5,Logistic Regression,none,0.7144583165525574,0.14860840008146964,0.0,0.0,0.010471204188481676,0.00980392156862745,,,,,,
20,outlier,5,Logistic Regression,class_weight,0.7060008054772453,0.1463665365318057,0.6923076923076923,0.16071428571428573,0.24607329842931938,0.27450980392156865,,,,,,
20,outlier,5,Logistic Regression,smote,0.7253322593636731,0.16113565280745362,0.5384615384615384,0.1346153846153846,0.2356020942408377,0.2549019607843137,59.0,694.0,58.0,62.0,0.0847457627118644,0.08897742363877822
20,outlier,5,SVM,none,0.7084172372130488,0.13104941512849688,0.0,,0.0,0.0,,,,,,
20,outlier,5,SVM,class_weight,0.7462746677406363,0.15640293582078169,0.07692307692307693,0.0625,0.07853403141361257,0.0784313725490196,,,,,,
20,outlier,5,SVM,smote,0.7458719291180024,0.158612489871384,0.07692307692307693,0.06666666666666667,0.07329842931937172,0.07352941176470588,59.0,694.0,58.0,62.0,0.0847457627118644,0.08897742363877822
20,outlier,10,Logistic Regression,none,0.7233185662505035,0.15822585891065258,0.0,0.0,0.010471204188481676,0.00980392156862745,,,,,,
20,outlier,10,Logistic Regression,class_weight,0.7007652033830044,0.14385571360832072,0.6923076923076923,0.14285714285714285,0.28272251308900526,0.3088235294117647,,,,,,
20,outlier,10,Logistic Regression,smote,0.702778896496174,0.1509696087659535,0.6153846153846154,0.13333333333333333,0.27225130890052357,0.29411764705882354,64.0,684.0,106.0,110.0,0.15625,0.16042780748663102
20,outlier,10,SVM,none,0.6858638743455497,0.10966714093738726,0.0,,0.0,0.0,,,,,,
20,outlier,10,SVM,class_weight,0.7378171566653242,0.1487329372462979,0.07692307692307693,0.058823529411764705,0.08376963350785341,0.08333333333333333,,,,,,
20,outlier,10,SVM,smote,0.7257349979863069,0.13720397101514706,0.07692307692307693,0.06666666666666667,0.07329842931937172,0.07352941176470588,64.0,684.0,106.0,110.0,0.15625,0.16042780748663102
20,outlier,15,Logistic Regression,none,0.71163914619412,0.13863552578533117,0.0,0.0,0.015706806282722512,0.014705882352941176,,,,,,
20,outlier,15,Logistic Regression,class_weight,0.6971405557792992,0.1373672989810053,0.6923076923076923,0.15254237288135594,0.2617801047120419,0.28921568627450983,,,,,,
20,outlier,15,Logistic Regression,smote,0.7019734192509061,0.1338508249564684,0.5384615384615384,0.1206896551724138,0.2670157068062827,0.28431372549019607,69.0,674.0,164.0,177.0,0.21739130434782608,0.25841184387617766
20,outlier,15,SVM,none,0.6778091018928716,0.10388188336357891,0.0,,0.0,0.0,,,,,,
20,outlier,15,SVM,class_weight,0.7281514297221104,0.13786477263492802,0.15384615384615385,0.1111111111111111,0.08376963350785341,0.08823529411764706,,,,,,
20,outlier,15,SVM,smote,0.7172774869109948,0.12798225071750188,0.07692307692307693,0.06666666666666667,0.07329842931937172,0.07352941176470588,69.0,674.0,164.0,177.0,0.21739130434782608,0.25841184387617766
20,outlier,20,Logistic Regression,none,0.7060008054772453,0.12402865918067643,0.0,0.0,0.02617801047120419,0.024509803921568627,,,,,,
20,outlier,20,Logistic Regression,class_weight,0.7035843737414418,0.13849056140856608,0.6923076923076923,0.16071428571428573,0.24607329842931938,0.27450980392156865,,,,,,
20,outlier,20,Logistic Regression,smote,0.698348771647201,0.1373047739271305,0.6153846153846154,0.12903225806451613,0.28272251308900526,0.30392156862745096,74.0,664.0,177.0,192.0,0.2702702702702703,0.2872628726287263
20,outlier,20,SVM,none,0.657672170761176,0.09383117127061683,0.0,0.0,0.005235602094240838,0.004901960784313725,,,,,,
20,outlier,20,SVM,class_weight,0.7168747482883608,0.129889982564518,0.15384615384615385,0.09090909090909091,0.10471204188481675,0.10784313725490197,,,,,,
20,outlier,20,SVM,smote,0.7080144985904149,0.12388409779431692,0.07692307692307693,0.045454545454545456,0.1099476439790576,0.10784313725490197,74.0,664.0,177.0,192.0,0.2702702702702703,0.2872628726287263
20,outlier,30,Logistic Regression,none,0.688683044703987,0.11393846198380889,0.0,0.0,0.05759162303664921,0.05392156862745098,,,,,,
20,outlier,30,Logistic Regression,class_weight,0.6850583971002819,0.12353456290868103,0.6923076923076923,0.16363636363636364,0.24083769633507854,0.2696078431372549,,,,,,
20,outlier,30,Logistic Regression,smote,0.6878775674587193,0.11752449392789521,0.6153846153846154,0.14035087719298245,0.25654450261780104,0.27941176470588236,84.0,644.0,229.0,247.0,0.35714285714285715,0.3804945054945055
20,outlier,30,SVM,none,0.6572694321385422,0.09257524808503381,0.0,0.0,0.020942408376963352,0.0196078431372549,,,,,,
20,outlier,30,SVM,class_weight,0.6979460330245671,0.1141124826574237,0.15384615384615385,0.06666666666666667,0.14659685863874344,0.14705882352941177,,,,,,
20,outlier,30,SVM,smote,0.7068062827225131,0.1233177223433675,0.15384615384615385,0.07407407407407407,0.13089005235602094,0.1323529411764706,84.0,644.0,229.0,247.0,0.35714285714285715,0.3804945054945055
21,random,0,Logistic Regression,none,0.56745871929118,0.07634395664622616,0.0,0.0,0.005235602094240838,0.004901960784313725,,,,,,
21,random,0,Logistic Regression,class_weight,0.5875956504228755,0.08384900147683035,0.38461538461538464,0.09433962264150944,0.2513089005235602,0.25980392156862747,,,,,,
21,random,0,Logistic Regression,smote,0.5920257752718486,0.08282811953774805,0.3076923076923077,0.0784313725490196,0.24607329842931938,0.25,54.0,704.0,0.0,0.0,0.0,0.0
21,random,0,SVM,none,0.6129681836488119,0.1154374302598647,0.0,,0.0,0.0,,,,,,
21,random,0,SVM,class_weight,0.7140555779299235,0.17379571708308705,0.3076923076923077,0.2,0.08376963350785341,0.09803921568627451,,,,,,
21,random,0,SVM,smote,0.7015706806282722,0.1493313900858969,0.23076923076923078,0.2,0.06282722513089005,0.07352941176470588,54.0,704.0,0.0,0.0,0.0,0.0
21,random,2,Logistic Regression,none,0.580749093838099,0.07839122181490545,0.0,0.0,0.005235602094240838,0.004901960784313725,,,,,,
21,random,2,Logistic Regression,class_weight,0.6097462746677407,0.08633692098828417,0.5384615384615384,0.11666666666666667,0.2774869109947644,0.29411764705882354,,,,,,
21,random,2,Logistic Regression,smote,0.6186065243656866,0.08709249717346977,0.3076923076923077,0.07142857142857142,0.27225130890052357,0.27450980392156865,56.0,700.0,18.0,35.0,0.03571428571428571,0.04894179894179894
21,random,2,SVM,none,0.6012887635924286,0.11358112947056126,0.0,,0.0,0.0,,,,,,
21,random,2,SVM,class_weight,0.7225130890052356,0.1698173309299173,0.3076923076923077,0.19047619047619047,0.08900523560209424,0.10294117647058823,,,,,,
21,random,2,SVM,smote,0.7096254530809505,0.15888368863183522,0.23076923076923078,0.21428571428571427,0.05759162303664921,0.06862745098039216,56.0,700.0,18.0,35.0,0.03571428571428571,0.04894179894179894
21,random,5,Logistic Regression,none,0.5851792186870721,0.07819516482482614,0.0,,0.0,0.0,,,,,,
21,random,5,Logistic Regression,class_weight,0.6061216270640354,0.08410864038736901,0.38461538461538464,0.09090909090909091,0.2617801047120419,0.2696078431372549,,,,,,
21,random,5,Logistic Regression,smote,0.608538058799839,0.08414163530221216,0.3076923076923077,0.07142857142857142,0.27225130890052357,0.27450980392156865,59.0,694.0,50.0,94.0,0.0847457627118644,0.13147410358565736
21,random,5,SVM,none,0.6113572291582763,0.1051820661853816,0.0,,0.0,0.0,,,,,,
21,random,5,SVM,class_weight,0.7297623842126459,0.16331615357197532,0.3076923076923077,0.16,0.1099476439790576,0.12254901960784313,,,,,,
21,random,5,SVM,smote,0.7124446234393877,0.13681451536513997,0.23076923076923078,0.1875,0.06806282722513089,0.0784313725490196,59.0,694.0,50.0,94.0,0.0847457627118644,0.13147410358565736
21,random,10,Logistic Regression,none,0.580749093838099,0.07956479010551347,0.0,,0.0,0.0,,,,,,
21,random,10,Logistic Regression,class_weight,0.6016915022150624,0.08821681911839648,0.5384615384615384,0.0958904109589041,0.34554973821989526,0.35784313725490197,,,,,,
21,random,10,Logistic Regression,smote,0.616995569875151,0.09142035851832014,0.46153846153846156,0.08695652173913043,0.3298429319371728,0.3382352941176471,64.0,684.0,109.0,192.0,0.15625,0.2700534759358289
21,random,10,SVM,none,0.5900120821586791,0.09741492902443238,0.0,,0.0,0.0,,,,,,
21,random,10,SVM,class_weight,0.7241240434957713,0.19420269149030414,0.38461538461538464,0.20833333333333334,0.09947643979057591,0.11764705882352941,,,,,,
21,random,10,SVM,smote,0.70237615787354,0.13769167884950503,0.23076923076923078,0.21428571428571427,0.05759162303664921,0.06862745098039216,64.0,684.0,109.0,192.0,0.15625,0.2700534759358289
21,random,15,Logistic Regression,none,0.6190092629883206,0.08931774000899317,0.0,,0.0,0.0,,,,,,
21,random,15,Logistic Regression,class_weight,0.63954893274265,0.09645240370901442,0.5384615384615384,0.10144927536231885,0.32460732984293195,0.3382352941176471,,,,,,
21,random,15,Logistic Regression,smote,0.6488119210632299,0.10299769339458954,0.5384615384615384,0.1044776119402985,0.31413612565445026,0.3284313725490196,69.0,674.0,137.0,223.0,0.21739130434782608,0.3203230148048452
21,random,15,SVM,none,0.5678614579138139,0.09377935519239866,0.0,,0.0,0.0,,,,,,
21,random,15,SVM,class_weight,0.712041884816754,0.19989395465572965,0.38461538461538464,0.1724137931034483,0.1256544502617801,0.14215686274509803,,,,,,
21,random,15,SVM,smote,0.697946033024567,0.14383470423345623,0.15384615384615385,0.14285714285714285,0.06282722513089005,0.06862745098039216,69.0,674.0,137.0,223.0,0.21739130434782608,0.3203230148048452
21,random,20,Logistic Regression,none,0.6266612968183649,0.09125540922202845,0.0,,0.0,0.0,,,,,,
21,random,20,Logistic Regression,class_weight,0.6584776480064439,0.10184939915429911,0.6153846153846154,0.1095890410958904,0.3403141361256545,0.35784313725490197,,,,,,
21,random,20,Logistic Regression,smote,0.662102295610149,0.10654161684915152,0.6153846153846154,0.1111111111111111,0.33507853403141363,0.35294117647058826,74.0,664.0,178.0,270.0,0.2702702702702703,0.39295392953929537
21,random,20,SVM,none,0.5638340716874748,0.09287247676029378,0.0,,0.0,0.0,,,,,,
21,random,20,SVM,class_weight,0.7104309303262183,0.24928064844329417,0.38461538461538464,0.2,0.10471204188481675,0.12254901960784313,,,,,,
21,random,20,SVM,smote,0.6890857833266211,0.1526873089634535,0.3076923076923077,0.2222222222222222,0.07329842931937172,0.08823529411764706,74.0,664.0,178.0,270.0,0.2702702702702703,0.39295392953929537
21,random,30,Logistic Regression,none,0.6331051147805075,0.09369987680417333,0.0,,0.0,0.0,,,,,,
21,random,30,Logistic Regression,class_weight,0.6407571486105518,0.09609223736830069,0.6153846153846154,0.10256410256410256,0.36649214659685864,0.38235294117647056,,,,,,
21,random,30,Logistic Regression,smote,0.6451872734595248,0.09765098519401602,0.46153846153846156,0.09090909090909091,0.31413612565445026,0.3235294117647059,84.0,644.0,241.0,347.0,0.35714285714285715,0.5178571428571429
21,random,30,SVM,none,0.590012082158679,0.1016529516403793,0.0,,0.0,0.0,,,,,,
21,random,30,SVM,class_weight,0.6915022150624246,0.18970479016554176,0.5384615384615384,0.21875,0.13089005235602094,0.1568627450980392,,,,,,
21,random,30,SVM,smote,0.6556584776480066,0.14899045574973138,0.3076923076923077,0.17391304347826086,0.09947643979057591,0.11274509803921569,84.0,644.0,241.0,347.0,0.35714285714285715,0.5178571428571429
21,outlier,0,Logistic Regression,none,0.56745871929118,0.07634395664622616,0.0,0.0,0.005235602094240838,0.004901960784313725,,,,,,
21,outlier,0,Logistic Regression,class_weight,0.5875956504228755,0.08384900147683035,0.38461538461538464,0.09433962264150944,0.2513089005235602,0.25980392156862747,,,,,,
21,outlier,0,Logistic Regression,smote,0.5920257752718486,0.08282811953774805,0.3076923076923077,0.0784313725490196,0.24607329842931938,0.25,54.0,704.0,0.0,0.0,0.0,0.0
21,outlier,0,SVM,none,0.6129681836488119,0.1154374302598647,0.0,,0.0,0.0,,,,,,
21,outlier,0,SVM,class_weight,0.7140555779299235,0.17379571708308705,0.3076923076923077,0.2,0.08376963350785341,0.09803921568627451,,,,,,
21,outlier,0,SVM,smote,0.7015706806282722,0.1493313900858969,0.23076923076923078,0.2,0.06282722513089005,0.07352941176470588,54.0,704.0,0.0,0.0,0.0,0.0
21,outlier,2,Logistic Regression,none,0.5594039468385018,0.07371081593034787,0.0,0.0,0.005235602094240838,0.004901960784313725,,,,,,
21,outlier,2,Logistic Regression,class_weight,0.5871929118002417,0.08060654180776047,0.38461538461538464,0.08771929824561403,0.27225130890052357,0.27941176470588236,,,,,,
21,outlier,2,Logistic Regression,smote,0.6000805477245268,0.08333309775637031,0.3076923076923077,0.07407407407407407,0.2617801047120419,0.2647058823529412,56.0,700.0,14.0,19.0,0.03571428571428571,0.027777777777777776
21,outlier,2,SVM,none,0.6153846153846154,0.1109058605302938,0.0,,0.0,0.0,,,,,,
21,outlier,2,SVM,class_weight,0.7128473620620217,0.1770870623921754,0.3076923076923077,0.21052631578947367,0.07853403141361257,0.09313725490196079,,,,,,
21,outlier,2,SVM,smote,0.7092227144583165,0.156608711282064,0.23076923076923078,0.2,0.06282722513089005,0.07352941176470588,56.0,700.0,14.0,19.0,0.03571428571428571,0.027777777777777776
21,outlier,5,Logistic Regression,none,0.5050342327829239,0.06446803393532877,0.0,0.0,0.005235602094240838,0.004901960784313725,,,,,,
21,outlier,5,Logistic Regression,class_weight,0.536045106725735,0.07006349951590213,0.38461538461538464,0.07575757575757576,0.3193717277486911,0.3235294117647059,,,,,,
21,outlier,5,Logistic Regression,smote,0.5541683447442609,0.07346367595350067,0.23076923076923078,0.05263157894736842,0.28272251308900526,0.27941176470588236,59.0,694.0,49.0,56.0,0.0847457627118644,0.08100929614873838
21,outlier,5,SVM,none,0.6149818767619815,0.1019970506105368,0.0,,0.0,0.0,,,,,,
21,outlier,5,SVM,class_weight,0.7068062827225131,0.17374527338493992,0.3076923076923077,0.19047619047619047,0.08900523560209424,0.10294117647058823,,,,,,
21,outlier,5,SVM,smote,0.694321385420862,0.1553666281873154,0.23076923076923078,0.2,0.06282722513089005,0.07352941176470588,59.0,694.0,49.0,56.0,0.0847457627118644,0.08100929614873838
21,outlier,10,Logistic Regression,none,0.5142972211035038,0.06772902648532299,0.0,0.0,0.005235602094240838,0.004901960784313725,,,,,,
21,outlier,10,Logistic Regression,class_weight,0.5380587998389046,0.07128076456036234,0.3076923076923077,0.06557377049180328,0.29842931937172773,0.29901960784313725,,,,,,
21,outlier,10,Logistic Regression,smote,0.5505436971405557,0.07327039143180156,0.23076923076923078,0.05357142857142857,0.2774869109947644,0.27450980392156865,64.0,684.0,88.0,96.0,0.15625,0.14171122994652408
21,outlier,10,SVM,none,0.6318968989126057,0.09886064346830609,0.0,,0.0,0.0,,,,,,
21,outlier,10,SVM,class_weight,0.7128473620620217,0.1708930931723102,0.3076923076923077,0.16666666666666666,0.10471204188481675,0.11764705882352941,,,,,,
21,outlier,10,SVM,smote,0.6874748288360853,0.14163653274464455,0.23076923076923078,0.17647058823529413,0.07329842931937172,0.08333333333333333,64.0,684.0,88.0,96.0,0.15625,0.14171122994652408
21,outlier,15,Logistic Regression,none,0.4993958920660491,0.06524405730364555,0.0,0.0,0.010471204188481676,0.00980392156862745,,,,,,
21,outlier,15,Logistic Regression,class_weight,0.5263793797825211,0.06893716186298848,0.3076923076923077,0.06666666666666667,0.2931937172774869,0.29411764705882354,,,,,,
21,outlier,15,Logistic Regression,smote,0.5432944019331454,0.0745924805452346,0.38461538461538464,0.08620689655172414,0.2774869109947644,0.28431372549019607,69.0,674.0,139.0,150.0,0.21739130434782608,0.22207267833109018
21,outlier,15,SVM,none,0.6226339105920258,0.09107648423405115,0.0,0.0,0.005235602094240838,0.004901960784313725,,,,,,
21,outlier,15,SVM,class_weight,0.7027788964961741,0.15784135720721826,0.3076923076923077,0.15384615384615385,0.11518324607329843,0.12745098039215685,,,,,,
21,outlier,15,SVM,smote,0.680225533628675,0.14196144330758317,0.23076923076923078,0.16666666666666666,0.07853403141361257,0.08823529411764706,69.0,674.0,139.0,150.0,0.21739130434782608,0.22207267833109018
21,outlier,20,Logistic Regression,none,0.4659685863874346,0.05996530966345405,0.0,0.0,0.005235602094240838,0.004901960784313725,,,,,,
21,outlier,20,Logistic Regression,class_weight,0.48328634716069274,0.06273857858123723,0.15384615384615385,0.030303030303030304,0.33507853403141363,0.3235294117647059,,,,,,
21,outlier,20,Logistic Regression,smote,0.5114780507450665,0.0684362106945535,0.23076923076923078,0.047619047619047616,0.31413612565445026,0.3088235294117647,74.0,664.0,166.0,179.0,0.2702702702702703,0.2696476964769648
21,outlier,20,SVM,none,0.6190092629883206,0.08743721108369694,0.0,0.0,0.005235602094240838,0.004901960784313725,,,,,,
21,outlier,20,SVM,class_weight,0.6955296012887636,0.14298576681575081,0.38461538461538464,0.16666666666666666,0.13089005235602094,0.14705882352941177,,,,,,
21,outlier,20,SVM,smote,0.6661296818364881,0.1311224644380832,0.23076923076923078,0.13043478260869565,0.10471204188481675,0.11274509803921569,74.0,664.0,166.0,179.0,0.2702702702702703,0.2696476964769648
21,outlier,30,Logistic Regression,none,0.44865082561417646,0.05812632502413992,0.0,0.0,0.031413612565445025,0.029411764705882353,,,,,,
21,outlier,30,Logistic Regression,class_weight,0.47805074506645184,0.061528602198266925,0.15384615384615385,0.03125,0.32460732984293195,0.3137254901960784,,,,,,
21,outlier,30,Logistic Regression,smote,0.486910994764398,0.06464341290965525,0.23076923076923078,0.047619047619047616,0.31413612565445026,0.3088235294117647,84.0,644.0,232.0,258.0,0.35714285714285715,0.3956043956043956
21,outlier,30,SVM,none,0.599275070479259,0.0824199357335595,0.0,0.0,0.020942408376963352,0.0196078431372549,,,,,,
21,outlier,30,SVM,class_weight,0.679822795006041,0.13026709225678834,0.46153846153846156,0.16666666666666666,0.15706806282722513,0.17647058823529413,,,,,,
21,outlier,30,SVM,smote,0.6713652839307289,0.12742956753737883,0.23076923076923078,0.13043478260869565,0.10471204188481675,0.11274509803921569,84.0,644.0,232.0,258.0,0.35714285714285715,0.3956043956043956
22,random,0,Logistic Regression,none,0.7776882803060813,0.2416160968296054,0.07692307692307693,0.3333333333333333,0.010471204188481676,0.014705882352941176,,,,,,
22,random,0,Logistic Regression,class_weight,0.7756745871929118,0.23747448568923069,0.6923076923076923,0.15789473684210525,0.2513089005235602,0.27941176470588236,,,,,,
22,random,0,Logistic Regression,smote,0.7744663713250101,0.2510651751571303,0.7692307692307693,0.18181818181818182,0.2356020942408377,0.2696078431372549,54.0,704.0,0.0,0.0,0.0,0.0
22,random,0,SVM,none,0.6741844542891664,0.2659036753307382,0.0,,0.0,0.0,,,,,,
22,random,0,SVM,class_weight,0.7639951671365284,0.24048654533877617,0.3076923076923077,0.21052631578947367,0.07853403141361257,0.09313725490196079,,,,,,
22,random,0,SVM,smote,0.770438985098671,0.22170859300884588,0.23076923076923078,0.42857142857142855,0.020942408376963352,0.03431372549019608,54.0,704.0,0.0,0.0,0.0,0.0
22,random,2,Logistic Regression,none,0.7784937575513492,0.24571765508080434,0.07692307692307693,1.0,0.0,0.004901960784313725,,,,,,
22,random,2,Logistic Regression,class_weight,0.7724526782118405,0.23307464117471757,0.6923076923076923,0.16981132075471697,0.23036649214659685,0.25980392156862747,,,,,,
22,random,2,Logistic Regression,smote,0.7768828030608136,0.25753410198352145,0.6923076923076923,0.16981132075471697,0.23036649214659685,0.25980392156862747,56.0,700.0,26.0,48.0,0.03571428571428571,0.06613756613756613
22,random,2,SVM,none,0.6532420459122029,0.2614302586414088,0.0,,0.0,0.0,,,,,,
22,random,2,SVM,class_weight,0.7559403946838502,0.22767590964292272,0.3076923076923077,0.18181818181818182,0.09424083769633508,0.10784313725490197,,,,,,
22,random,2,SVM,smote,0.738622633910592,0.1745252849970558,0.15384615384615385,0.25,0.031413612565445025,0.0392156862745098,56.0,700.0,26.0,48.0,0.03571428571428571,0.06613756613756613
22,random,5,Logistic Regression,none,0.779701973419251,0.25584697637715753,0.07692307692307693,1.0,0.0,0.004901960784313725,,,,,,
22,random,5,Logistic Regression,class_weight,0.7688280306081353,0.24434551870656754,0.6923076923076923,0.16071428571428573,0.24607329842931938,0.27450980392156865,,,,,,
22,random,5,Logistic Regression,smote,0.7603705195328232,0.25184622728169137,0.6923076923076923,0.15517241379310345,0.25654450261780104,0.28431372549019607,59.0,694.0,54.0,166.0,0.0847457627118644,0.22709163346613545
22,random,5,SVM,none,0.6798227950060411,0.19326215195201465,0.0,,0.0,0.0,,,,,,
22,random,5,SVM,class_weight,0.7652033830044301,0.18953371418841877,0.38461538461538464,0.19230769230769232,0.1099476439790576,0.12745098039215685,,,,,,
22,random,5,SVM,smote,0.7297623842126459,0.14626049192185686,0.07692307692307693,0.08333333333333333,0.05759162303664921,0.058823529411764705,59.0,694.0,54.0,166.0,0.0847457627118644,0.22709163346613545
22,random,10,Logistic Regression,none,0.7696335078534031,0.2130989832610239,0.07692307692307693,0.3333333333333333,0.010471204188481676,0.014705882352941176,,,,,,
22,random,10,Logistic Regression,class_weight,0.7676198147402336,0.19590240439454407,0.6153846153846154,0.13793103448275862,0.2617801047120419,0.28431372549019607,,,,,,
22,random,10,Logistic Regression,smote,0.7607732581554572,0.1939607356253241,0.6153846153846154,0.14545454545454545,0.24607329842931938,0.2696078431372549,64.0,684.0,110.0,244.0,0.15625,0.339572192513369
22,random,10,SVM,none,0.6729762384212646,0.23670679135441522,0.0,,0.0,0.0,,,,,,
22,random,10,SVM,class_weight,0.7724526782118406,0.19812453965696242,0.3076923076923077,0.16,0.1099476439790576,0.12254901960784313,,,,,,
22,random,10,SVM,smote,0.7144583165525574,0.13886543693522818,0.23076923076923078,0.1875,0.06806282722513089,0.0784313725490196,64.0,684.0,110.0,244.0,0.15625,0.339572192513369
22,random,15,Logistic Regression,none,0.7704389850986709,0.21310077688844523,0.07692307692307693,0.5,0.005235602094240838,0.00980392156862745,,,,,,
22,random,15,Logistic Regression,class_weight,0.7490938380990737,0.19585339307644864,0.5384615384615384,0.10606060606060606,0.3089005235602094,0.3235294117647059,,,,,,
22,random,15,Logistic Regression,smote,0.7418445428916633,0.22804400355308604,0.6153846153846154,0.11940298507462686,0.3089005235602094,0.3284313725490196,69.0,674.0,145.0,291.0,0.21739130434782608,0.41184387617765816
22,random,15,SVM,none,0.6637132501006846,0.1934309099874123,0.0,,0.0,0.0,,,,,,
22,random,15,SVM,class_weight,0.7639951671365284,0.16198264608889898,0.3076923076923077,0.15384615384615385,0.11518324607329843,0.12745098039215685,,,,,,
22,random,15,SVM,smote,0.71163914619412,0.13393059881801164,0.07692307692307693,0.07692307692307693,0.06282722513089005,0.06372549019607843,69.0,674.0,145.0,291.0,0.21739130434782608,0.41184387617765816
22,random,20,Logistic Regression,none,0.774869109947644,0.2542432506453332,0.07692307692307693,1.0,0.0,0.004901960784313725,,,,,,
22,random,20,Logistic Regression,class_weight,0.7551349174385824,0.2492035437795025,0.6923076923076923,0.1232876712328767,0.33507853403141363,0.35784313725490197,,,,,,
22,random,20,Logistic Regression,smote,0.7716472009665727,0.3084915233511035,0.6923076923076923,0.12,0.34554973821989526,0.36764705882352944,74.0,664.0,180.0,321.0,0.2702702702702703,0.462059620596206
22,random,20,SVM,none,0.6693515908175595,0.2023358008869425,0.0,,0.0,0.0,,,,,,
22,random,20,SVM,class_weight,0.7760773258155457,0.16104828294702908,0.46153846153846156,0.23076923076923078,0.10471204188481675,0.12745098039215685,,,,,,
22,random,20,SVM,smote,0.7172774869109948,0.12967218333314398,0.07692307692307693,0.047619047619047616,0.10471204188481675,0.10294117647058823,74.0,664.0,180.0,321.0,0.2702702702702703,0.462059620596206
22,random,30,Logistic Regression,none,0.7905759162303665,0.299684419336382,0.07692307692307693,1.0,0.0,0.004901960784313725,,,,,,
22,random,30,Logistic Regression,class_weight,0.7841320982682239,0.29125346558706,0.7692307692307693,0.12987012987012986,0.3507853403141361,0.37745098039215685,,,,,,
22,random,30,Logistic Regression,smote,0.7962142569472412,0.3031613984246023,0.7692307692307693,0.1282051282051282,0.35602094240837695,0.38235294117647056,84.0,644.0,222.0,372.0,0.35714285714285715,0.5521978021978022
22,random,30,SVM,none,0.6222311719693918,0.23297073995744288,0.0,,0.0,0.0,,,,,,
22,random,30,SVM,class_weight,0.747885622231172,0.17093711484834287,0.38461538461538464,0.15151515151515152,0.14659685863874344,0.16176470588235295,,,,,,
22,random,30,SVM,smote,0.6967378171566653,0.12245993050382087,0.15384615384615385,0.08,0.12041884816753927,0.12254901960784313,84.0,644.0,222.0,372.0,0.35714285714285715,0.5521978021978022
22,outlier,0,Logistic Regression,none,0.7776882803060813,0.2416160968296054,0.07692307692307693,0.3333333333333333,0.010471204188481676,0.014705882352941176,,,,,,
22,outlier,0,Logistic Regression,class_weight,0.7756745871929118,0.23747448568923069,0.6923076923076923,0.15789473684210525,0.2513089005235602,0.27941176470588236,,,,,,
22,outlier,0,Logistic Regression,smote,0.7744663713250101,0.2510651751571303,0.7692307692307693,0.18181818181818182,0.2356020942408377,0.2696078431372549,54.0,704.0,0.0,0.0,0.0,0.0
22,outlier,0,SVM,none,0.6741844542891664,0.2659036753307382,0.0,,0.0,0.0,,,,,,
22,outlier,0,SVM,class_weight,0.7639951671365284,0.24048654533877617,0.3076923076923077,0.21052631578947367,0.07853403141361257,0.09313725490196079,,,,,,
22,outlier,0,SVM,smote,0.770438985098671,0.22170859300884588,0.23076923076923078,0.42857142857142855,0.020942408376963352,0.03431372549019608,54.0,704.0,0.0,0.0,0.0,0.0
22,outlier,2,Logistic Regression,none,0.7885622231171969,0.18976066045533024,0.07692307692307693,0.5,0.005235602094240838,0.00980392156862745,,,,,,
22,outlier,2,Logistic Regression,class_weight,0.7885622231171969,0.22946108759596875,0.6923076923076923,0.16363636363636364,0.24083769633507854,0.2696078431372549,,,,,,
22,outlier,2,Logistic Regression,smote,0.797422472815143,0.2445875723873686,0.7692307692307693,0.1724137931034483,0.2513089005235602,0.28431372549019607,56.0,700.0,19.0,19.0,0.03571428571428571,0.027777777777777776
22,outlier,2,SVM,none,0.6906967378171567,0.2732786680833257,0.0,,0.0,0.0,,,,,,
22,outlier,2,SVM,class_weight,0.7676198147402336,0.24342286672603414,0.3076923076923077,0.21052631578947367,0.07853403141361257,0.09313725490196079,,,,,,
22,outlier,2,SVM,smote,0.7845348368908578,0.21610423411513233,0.15384615384615385,0.2857142857142857,0.02617801047120419,0.03431372549019608,56.0,700.0,19.0,19.0,0.03571428571428571,0.027777777777777776
22,outlier,5,Logistic Regression,none,0.7837293596455901,0.18606566079255227,0.07692307692307693,0.5,0.005235602094240838,0.00980392156862745,,,,,,
22,outlier,5,Logistic Regression,class_weight,0.7805074506645188,0.2249071858125024,0.6153846153846154,0.13559322033898305,0.2670157068062827,0.28921568627450983,,,,,,
22,outlier,5,Logistic Regression,smote,0.788159484494563,0.1988297254203465,0.7692307692307693,0.16393442622950818,0.2670157068062827,0.29901960784313725,59.0,694.0,54.0,55.0,0.0847457627118644,0.0796812749003984
22,outlier,5,SVM,none,0.684655658477648,0.26216434843788283,0.0,,0.0,0.0,,,,,,
22,outlier,5,SVM,class_weight,0.7656061216270641,0.24242313200074886,0.3076923076923077,0.21052631578947367,0.07853403141361257,0.09313725490196079,,,,,,
22,outlier,5,SVM,smote,0.7599677809101892,0.19662057974905972,0.15384615384615385,0.2857142857142857,0.02617801047120419,0.03431372549019608,59.0,694.0,54.0,55.0,0.0847457627118644,0.0796812749003984
22,outlier,10,Logistic Regression,none,0.8078936770036247,0.24493992955185317,0.07692307692307693,1.0,0.0,0.004901960784313725,,,,,,
22,outlier,10,Logistic Regression,class_weight,0.7829238824003222,0.22095904248603956,0.6153846153846154,0.13114754098360656,0.2774869109947644,0.29901960784313725,,,,,,
22,outlier,10,Logistic Regression,smote,0.7857430527587596,0.24063763961851356,0.6923076923076923,0.14285714285714285,0.28272251308900526,0.3088235294117647,64.0,684.0,108.0,113.0,0.15625,0.16443850267379678
22,outlier,10,SVM,none,0.7349979863068868,0.28068321496124626,0.0,,0.0,0.0,,,,,,
22,outlier,10,SVM,class_weight,0.7841320982682239,0.23304712541836647,0.3076923076923077,0.2222222222222222,0.07329842931937172,0.08823529411764706,,,,,,
22,outlier,10,SVM,smote,0.7740636327023762,0.20889440327042014,0.23076923076923078,0.2727272727272727,0.041884816753926704,0.05392156862745098,64.0,684.0,108.0,113.0,0.15625,0.16443850267379678
22,outlier,15,Logistic Regression,none,0.8030608135320176,0.2249846154286024,0.07692307692307693,0.3333333333333333,0.010471204188481676,0.014705882352941176,,,,,,
22,outlier,15,Logistic Regression,class_weight,0.7929923479661699,0.22416053838065877,0.6153846153846154,0.13559322033898305,0.2670157068062827,0.28921568627450983,,,,,,
22,outlier,15,Logistic Regression,smote,0.8058799838904551,0.23925505894394683,0.6923076923076923,0.140625,0.2879581151832461,0.3137254901960784,69.0,674.0,147.0,154.0,0.21739130434782608,0.2274562584118439
22,outlier,15,SVM,none,0.761175996778091,0.18715749753363473,0.0,0.0,0.005235602094240838,0.004901960784313725,,,,,,
22,outlier,15,SVM,class_weight,0.7897704389850987,0.26065641953951335,0.3076923076923077,0.19047619047619047,0.08900523560209424,0.10294117647058823,,,,,,
22,outlier,15,SVM,smote,0.7889649617398309,0.19478397016799073,0.23076923076923078,0.2,0.06282722513089005,0.07352941176470588,69.0,674.0,147.0,154.0,0.21739130434782608,0.2274562584118439
22,outlier,20,Logistic Regression,none,0.8002416431735803,0.22515957185565866,0.07692307692307693,0.3333333333333333,0.010471204188481676,0.014705882352941176,,,,,,
22,outlier,20,Logistic Regression,class_weight,0.7833266210229561,0.21750830544680808,0.6153846153846154,0.13114754098360656,0.2774869109947644,0.29901960784313725,,,,,,
22,outlier,20,Logistic Regression,smote,0.7990334273056786,0.23997742375293843,0.6923076923076923,0.140625,0.2879581151832461,0.3137254901960784,74.0,664.0,179.0,191.0,0.2702702702702703,0.2859078590785908
22,outlier,20,SVM,none,0.7523157470801449,0.1856339044378672,0.0,0.0,0.005235602094240838,0.004901960784313725,,,,,,
22,outlier,20,SVM,class_weight,0.7877567458719291,0.26688583997507126,0.3076923076923077,0.17391304347826086,0.09947643979057591,0.11274509803921569,,,,,,
22,outlier,20,SVM,smote,0.7881594844945632,0.21870146684844696,0.3076923076923077,0.2857142857142857,0.05235602094240838,0.06862745098039216,74.0,664.0,179.0,191.0,0.2702702702702703,0.2859078590785908
22,outlier,30,Logistic Regression,none,0.7696335078534031,0.17448832955382837,0.07692307692307693,0.3333333333333333,0.010471204188481676,0.014705882352941176,,,,,,
22,outlier,30,Logistic Regression,class_weight,0.7631896898912606,0.20677772781460022,0.6153846153846154,0.13114754098360656,0.2774869109947644,0.29901960784313725,,,,,,
22,outlier,30,Logistic Regression,smote,0.7841320982682239,0.23672522455361636,0.6923076923076923,0.15254237288135594,0.2617801047120419,0.28921568627450983,84.0,644.0,249.0,266.0,0.35714285714285715,0.4065934065934066
22,outlier,30,SVM,none,0.7531212243254128,0.1639464870779422,0.0,0.0,0.005235602094240838,0.004901960784313725,,,,,,
22,outlier,30,SVM,class_weight,0.7821184051550544,0.2649143900486702,0.3076923076923077,0.16666666666666666,0.10471204188481675,0.11764705882352941,,,,,,
22,outlier,30,SVM,smote,0.7861457913813935,0.20838666634939468,0.23076923076923078,0.15789473684210525,0.08376963350785341,0.09313725490196079,84.0,644.0,249.0,266.0,0.35714285714285715,0.4065934065934066
23,random,0,Logistic Regression,none,0.7515102698348772,0.18614397591731827,0.07692307692307693,0.3333333333333333,0.010471204188481676,0.014705882352941176,,,,,,
23,random,0,Logistic Regression,class_weight,0.7184857027788966,0.15829333103981444,0.6153846153846154,0.14035087719298245,0.25654450261780104,0.27941176470588236,,,,,,
23,random,0,Logistic Regression,smote,0.7446637132501007,0.17756969444648596,0.5384615384615384,0.14,0.225130890052356,0.24509803921568626,54.0,704.0,0.0,0.0,0.0,0.0
23,random,0,SVM,none,0.697946033024567,0.24634337205116644,0.0,,0.0,0.0,,,,,,
23,random,0,SVM,class_weight,0.7426500201369312,0.2817103868847606,0.23076923076923078,0.17647058823529413,0.07329842931937172,0.08333333333333333,,,,,,
23,random,0,SVM,smote,0.7631896898912606,0.3096939198196826,0.23076923076923078,0.2727272727272727,0.041884816753926704,0.05392156862745098,54.0,704.0,0.0,0.0,0.0,0.0
23,random,2,Logistic Regression,none,0.7378171566653242,0.1646692653986762,0.0,,0.0,0.0,,,,,,
23,random,2,Logistic Regression,class_weight,0.6971405557792992,0.13475383398337357,0.46153846153846156,0.12,0.23036649214659685,0.24509803921568626,,,,,,
23,random,2,Logistic Regression,smote,0.7269432138542087,0.15580820299546846,0.46153846153846156,0.11538461538461539,0.24083769633507854,0.2549019607843137,56.0,700.0,22.0,47.0,0.03571428571428571,0.06481481481481481
23,random,2,SVM,none,0.7007652033830044,0.2850599983947371,0.0,,0.0,0.0,,,,,,
23,random,2,SVM,class_weight,0.743455497382199,0.28080139226478773,0.23076923076923078,0.17647058823529413,0.07329842931937172,0.08333333333333333,,,,,,
23,random,2,SVM,smote,0.7664115988723319,0.31114501282641027,0.23076923076923078,0.2727272727272727,0.041884816753926704,0.05392156862745098,56.0,700.0,22.0,47.0,0.03571428571428571,0.06481481481481481
23,random,5,Logistic Regression,none,0.7547321788159485,0.18227110217887957,0.0,0.0,0.005235602094240838,0.004901960784313725,,,,,,
23,random,5,Logistic Regression,class_weight,0.7140555779299235,0.14111976685302433,0.5384615384615384,0.12280701754385964,0.2617801047120419,0.27941176470588236,,,,,,
23,random,5,Logistic Regression,smote,0.7402335884011277,0.14931976194760035,0.5384615384615384,0.1206896551724138,0.2670157068062827,0.28431372549019607,59.0,694.0,54.0,82.0,0.0847457627118644,0.11553784860557768
23,random,5,SVM,none,0.6955296012887636,0.2813814473518256,0.0,,0.0,0.0,,,,,,
23,random,5,SVM,class_weight,0.7595650422875554,0.28303827001407644,0.23076923076923078,0.17647058823529413,0.07329842931937172,0.08333333333333333,,,,,,
23,random,5,SVM,smote,0.7837293596455901,0.31640342986467285,0.23076923076923078,0.25,0.04712041884816754,0.058823529411764705,59.0,694.0,54.0,82.0,0.0847457627118644,0.11553784860557768
23,random,10,Logistic Regression,none,0.7809101892871526,0.19234252852913442,0.07692307692307693,0.5,0.005235602094240838,0.00980392156862745,,,,,,
23,random,10,Logistic Regression,class_weight,0.7482883608538059,0.16874911946852714,0.6153846153846154,0.13333333333333333,0.27225130890052357,0.29411764705882354,,,,,,
23,random,10,Logistic Regression,smote,0.788159484494563,0.2010379798449788,0.6153846153846154,0.13559322033898305,0.2670157068062827,0.28921568627450983,64.0,684.0,102.0,195.0,0.15625,0.27406417112299464
23,random,10,SVM,none,0.6999597261377366,0.2851991379538108,0.0,,0.0,0.0,,,,,,
23,random,10,SVM,class_weight,0.7708417237213049,0.33735840729249256,0.23076923076923078,0.13636363636363635,0.09947643979057591,0.10784313725490197,,,,,,
23,random,10,SVM,smote,0.7909786548530005,0.326423725995736,0.23076923076923078,0.21428571428571427,0.05759162303664921,0.06862745098039216,64.0,684.0,102.0,195.0,0.15625,0.27406417112299464
23,random,15,Logistic Regression,none,0.7652033830044301,0.23649110605429646,0.07692307692307693,1.0,0.0,0.004901960784313725,,,,,,
23,random,15,Logistic Regression,class_weight,0.7305678614579139,0.1551299753846035,0.46153846153846156,0.10526315789473684,0.2670157068062827,0.27941176470588236,,,,,,
23,random,15,Logistic Regression,smote,0.7740636327023762,0.1993574754138065,0.6923076923076923,0.13636363636363635,0.29842931937172773,0.3235294117647059,69.0,674.0,160.0,278.0,0.21739130434782608,0.3943472409152086
23,random,15,SVM,none,0.689488521949255,0.2504353846770724,0.0,,0.0,0.0,,,,,,
23,random,15,SVM,class_weight,0.7575513491743858,0.3038631516638219,0.38461538461538464,0.16666666666666666,0.13089005235602094,0.14705882352941177,,,,,,
23,random,15,SVM,smote,0.7676198147402336,0.3406335527308183,0.23076923076923078,0.25,0.04712041884816754,0.058823529411764705,69.0,674.0,160.0,278.0,0.21739130434782608,0.3943472409152086
23,random,20,Logistic Regression,none,0.7515102698348771,0.18024009230477822,0.0,,0.0,0.0,,,,,,
23,random,20,Logistic Regression,class_weight,0.7172774869109948,0.13985135897562298,0.46153846153846156,0.09836065573770492,0.2879581151832461,0.29901960784313725,,,,,,
23,random,20,Logistic Regression,smote,0.7688280306081353,0.16756025346748055,0.6923076923076923,0.14285714285714285,0.28272251308900526,0.3088235294117647,74.0,664.0,172.0,286.0,0.2702702702702703,0.4146341463414634
23,random,20,SVM,none,0.698348771647201,0.27239212231986115,0.0,,0.0,0.0,,,,,,
23,random,20,SVM,class_weight,0.757148610551752,0.2939034808035172,0.3076923076923077,0.14285714285714285,0.1256544502617801,0.13725490196078433,,,,,,
23,random,20,SVM,smote,0.7732581554571083,0.3274965510284717,0.23076923076923078,0.21428571428571427,0.05759162303664921,0.06862745098039216,74.0,664.0,172.0,286.0,0.2702702702702703,0.4146341463414634
23,random,30,Logistic Regression,none,0.7652033830044301,0.180666606400106,0.0,,0.0,0.0,,,,,,
23,random,30,Logistic Regression,class_weight,0.7156665324204592,0.13899239684345807,0.5384615384615384,0.109375,0.29842931937172773,0.3137254901960784,,,,,,
23,random,30,Logistic Regression,smote,0.7623842126459928,0.1568794410503549,0.6153846153846154,0.13333333333333333,0.27225130890052357,0.29411764705882354,84.0,644.0,230.0,354.0,0.35714285714285715,0.5274725274725275
23,random,30,SVM,none,0.6874748288360855,0.2584974837357617,0.0,,0.0,0.0,,,,,,
23,random,30,SVM,class_weight,0.7494965767217077,0.2623460372255944,0.3076923076923077,0.10810810810810811,0.17277486910994763,0.18137254901960784,,,,,,
23,random,30,SVM,smote,0.7470801449859042,0.28952112515638273,0.23076923076923078,0.17647058823529413,0.07329842931937172,0.08333333333333333,84.0,644.0,230.0,354.0,0.35714285714285715,0.5274725274725275
23,outlier,0,Logistic Regression,none,0.7515102698348772,0.18614397591731827,0.07692307692307693,0.3333333333333333,0.010471204188481676,0.014705882352941176,,,,,,
23,outlier,0,Logistic Regression,class_weight,0.7184857027788966,0.15829333103981444,0.6153846153846154,0.14035087719298245,0.25654450261780104,0.27941176470588236,,,,,,
23,outlier,0,Logistic Regression,smote,0.7446637132501007,0.17756969444648596,0.5384615384615384,0.14,0.225130890052356,0.24509803921568626,54.0,704.0,0.0,0.0,0.0,0.0
23,outlier,0,SVM,none,0.697946033024567,0.24634337205116644,0.0,,0.0,0.0,,,,,,
23,outlier,0,SVM,class_weight,0.7426500201369312,0.2817103868847606,0.23076923076923078,0.17647058823529413,0.07329842931937172,0.08333333333333333,,,,,,
23,outlier,0,SVM,smote,0.7631896898912606,0.3096939198196826,0.23076923076923078,0.2727272727272727,0.041884816753926704,0.05392156862745098,54.0,704.0,0.0,0.0,0.0,0.0
23,outlier,2,Logistic Regression,none,0.7313733387031816,0.15805470517163112,0.0,0.0,0.010471204188481676,0.00980392156862745,,,,,,
23,outlier,2,Logistic Regression,class_weight,0.6963350785340314,0.1435877017016503,0.46153846153846156,0.11320754716981132,0.24607329842931938,0.25980392156862747,,,,,,
23,outlier,2,Logistic Regression,smote,0.7108336689488522,0.16294388467587423,0.5384615384615384,0.13725490196078433,0.23036649214659685,0.25,56.0,700.0,30.0,30.0,0.03571428571428571,0.042328042328042326
23,outlier,2,SVM,none,0.6866693515908175,0.24064096619154082,0.0,,0.0,0.0,,,,,,
23,outlier,2,SVM,class_weight,0.7418445428916633,0.28295831422128226,0.23076923076923078,0.17647058823529413,0.07329842931937172,0.08333333333333333,,,,,,
23,outlier,2,SVM,smote,0.7652033830044301,0.3106003234016857,0.23076923076923078,0.23076923076923078,0.05235602094240838,0.06372549019607843,56.0,700.0,30.0,30.0,0.03571428571428571,0.042328042328042326
23,outlier,5,Logistic Regression,none,0.7104309303262182,0.13920128326272005,0.0,0.0,0.015706806282722512,0.014705882352941176,,,,,,
23,outlier,5,Logistic Regression,class_weight,0.6854611357229159,0.14562624954903536,0.38461538461538464,0.09803921568627451,0.24083769633507854,0.25,,,,,,
23,outlier,5,Logistic Regression,smote,0.7285541683447443,0.17545177630129624,0.46153846153846156,0.12,0.23036649214659685,0.24509803921568626,59.0,694.0,62.0,66.0,0.0847457627118644,0.09428950863213811
23,outlier,5,SVM,none,0.689085783326621,0.23926170171109443,0.0,,0.0,0.0,,,,,,
23,outlier,5,SVM,class_weight,0.7354007249295207,0.2830810988579269,0.23076923076923078,0.17647058823529413,0.07329842931937172,0.08333333333333333,,,,,,
23,outlier,5,SVM,smote,0.7507047925896093,0.27930285956240364,0.23076923076923078,0.23076923076923078,0.05235602094240838,0.06372549019607843,59.0,694.0,62.0,66.0,0.0847457627118644,0.09428950863213811
23,outlier,10,Logistic Regression,none,0.6999597261377366,0.17317632625223836,0.07692307692307693,0.3333333333333333,0.010471204188481676,0.014705882352941176,,,,,,
23,outlier,10,Logistic Regression,class_weight,0.6890857833266211,0.15135406492016662,0.38461538461538464,0.09803921568627451,0.24083769633507854,0.25,,,,,,
23,outlier,10,Logistic Regression,smote,0.7132501006846557,0.17498946321635944,0.38461538461538464,0.09615384615384616,0.24607329842931938,0.2549019607843137,64.0,684.0,99.0,106.0,0.15625,0.15508021390374332
23,outlier,10,SVM,none,0.6870720902134515,0.22677998970228266,0.0,,0.0,0.0,,,,,,
23,outlier,10,SVM,class_weight,0.7305678614579139,0.28904203272821744,0.3076923076923077,0.2,0.08376963350785341,0.09803921568627451,,,,,,
23,outlier,10,SVM,smote,0.7607732581554572,0.2867137179461349,0.23076923076923078,0.1875,0.06806282722513089,0.0784313725490196,64.0,684.0,99.0,106.0,0.15625,0.15508021390374332
23,outlier,15,Logistic Regression,none,0.6951268626661297,0.14036618826298314,0.07692307692307693,0.3333333333333333,0.010471204188481676,0.014705882352941176,,,,,,
23,outlier,15,Logistic Regression,class_weight,0.6874748288360855,0.15519708396389695,0.38461538461538464,0.09090909090909091,0.2617801047120419,0.2696078431372549,,,,,,
23,outlier,15,Logistic Regression,smote,0.7140555779299236,0.17958657928984081,0.46153846153846156,0.11320754716981132,0.24607329842931938,0.25980392156862747,69.0,674.0,136.0,143.0,0.21739130434782608,0.2126514131897712
23,outlier,15,SVM,none,0.676198147402336,0.21885042354033107,0.0,,0.0,0.0,,,,,,
23,outlier,15,SVM,class_weight,0.7253322593636731,0.29243032020624,0.3076923076923077,0.21052631578947367,0.07853403141361257,0.09313725490196079,,,,,,
23,outlier,15,SVM,smote,0.7490938380990737,0.27995833717157165,0.23076923076923078,0.21428571428571427,0.05759162303664921,0.06862745098039216,69.0,674.0,136.0,143.0,0.21739130434782608,0.2126514131897712
23,outlier,20,Logistic Regression,none,0.6931131695529601,0.1264387813791208,0.0,0.0,0.015706806282722512,0.014705882352941176,,,,,,
23,outlier,20,Logistic Regression,class_weight,0.680225533628675,0.1395452929656422,0.38461538461538464,0.09433962264150944,0.2513089005235602,0.25980392156862747,,,,,,
23,outlier,20,Logistic Regression,smote,0.7233185662505035,0.16122448110346618,0.46153846153846156,0.10909090909090909,0.25654450261780104,0.2696078431372549,74.0,664.0,148.0,162.0,0.2702702702702703,0.24661246612466126
23,outlier,20,SVM,none,0.6681433749496577,0.1534593241209379,0.0,,0.0,0.0,,,,,,
23,outlier,20,SVM,class_weight,0.7184857027788966,0.28453764698048284,0.3076923076923077,0.2,0.08376963350785341,0.09803921568627451,,,,,,
23,outlier,20,SVM,smote,0.739025372533226,0.2793597985713954,0.23076923076923078,0.17647058823529413,0.07329842931937172,0.08333333333333333,74.0,664.0,148.0,162.0,0.2702702702702703,0.24661246612466126
23,outlier,30,Logistic Regression,none,0.6790173177607732,0.12416769639661257,0.07692307692307693,0.2,0.020942408376963352,0.024509803921568627,,,,,,
23,outlier,30,Logistic Regression,class_weight,0.6782118405155055,0.13224490961432195,0.46153846153846156,0.11320754716981132,0.24607329842931938,0.25980392156862747,,,,,,
23,outlier,30,Logistic Regression,smote,0.707209021345147,0.14389419634413594,0.46153846153846156,0.11538461538461539,0.24083769633507854,0.2549019607843137,84.0,644.0,218.0,229.0,0.35714285714285715,0.3557692307692308
23,outlier,30,SVM,none,0.6359242851389448,0.1217919661349627,0.0,0.0,0.005235602094240838,0.004901960784313725,,,,,,
23,outlier,30,SVM,class_weight,0.7112364075714861,0.29091717516274124,0.38461538461538464,0.20833333333333334,0.09947643979057591,0.11764705882352941,,,,,,
23,outlier,30,SVM,smote,0.7253322593636731,0.2576647391980757,0.23076923076923078,0.17647058823529413,0.07329842931937172,0.08333333333333333,84.0,644.0,218.0,229.0,0.35714285714285715,0.3557692307692308
24,random,0,Logistic Regression,none,0.8219895287958114,0.30730913125735804,0.0,,0.0,0.0,,,,,,
24,random,0,Logistic Regression,class_weight,0.8147402335884011,0.24116918714266025,0.6923076923076923,0.14516129032258066,0.2774869109947644,0.30392156862745096,,,,,,
24,random,0,Logistic Regression,smote,0.7889649617398309,0.22463064230781607,0.6923076923076923,0.14285714285714285,0.28272251308900526,0.3088235294117647,54.0,704.0,0.0,0.0,0.0,0.0
24,random,0,SVM,none,0.7813129279097866,0.3861573569673096,0.0,,0.0,0.0,,,,,,
24,random,0,SVM,class_weight,0.8280306081353201,0.3195053820340311,0.46153846153846156,0.3157894736842105,0.06806282722513089,0.09313725490196079,,,,,,
24,random,0,SVM,smote,0.8296415626258559,0.31257902995651127,0.23076923076923078,0.3333333333333333,0.031413612565445025,0.04411764705882353,54.0,704.0,0.0,0.0,0.0,0.0
24,random,2,Logistic Regression,none,0.8159484494563028,0.30894882876192276,0.0,,0.0,0.0,,,,,,
24,random,2,Logistic Regression,class_weight,0.8223922674184455,0.28820368377039823,0.7692307692307693,0.15625,0.28272251308900526,0.3137254901960784,,,,,,
24,random,2,Logistic Regression,smote,0.8203785743052758,0.29881043071154123,0.7692307692307693,0.16393442622950818,0.2670157068062827,0.29901960784313725,56.0,700.0,23.0,55.0,0.03571428571428571,0.07539682539682539
24,random,2,SVM,none,0.7752718485702779,0.28953466442290293,0.0,,0.0,0.0,,,,,,
24,random,2,SVM,class_weight,0.8159484494563028,0.319017432688928,0.46153846153846156,0.2857142857142857,0.07853403141361257,0.10294117647058823,,,,,,
24,random,2,SVM,smote,0.819975835682642,0.2837403975803103,0.23076923076923078,0.2727272727272727,0.041884816753926704,0.05392156862745098,56.0,700.0,23.0,55.0,0.03571428571428571,0.07539682539682539
24,random,5,Logistic Regression,none,0.8360853805879984,0.3189469107087197,0.0,,0.0,0.0,,,,,,
24,random,5,Logistic Regression,class_weight,0.851389448248087,0.31513452874357495,0.8461538461538461,0.16666666666666666,0.2879581151832461,0.3235294117647059,,,,,,
24,random,5,Logistic Regression,smote,0.8340716874748288,0.31418269944050237,0.8461538461538461,0.16417910447761194,0.2931937172774869,0.3284313725490196,59.0,694.0,58.0,108.0,0.0847457627118644,0.150066401062417
24,random,5,SVM,none,0.7515102698348772,0.30794396192947077,0.0,,0.0,0.0,,,,,,
24,random,5,SVM,class_weight,0.8066854611357229,0.28101361821830934,0.38461538461538464,0.20833333333333334,0.09947643979057591,0.11764705882352941,,,,,,
24,random,5,SVM,smote,0.7950060410793396,0.26509176306712373,0.23076923076923078,0.25,0.04712041884816754,0.058823529411764705,59.0,694.0,58.0,108.0,0.0847457627118644,0.150066401062417
24,random,10,Logistic Regression,none,0.8272251308900523,0.3426416805168422,0.0,,0.0,0.0,,,,,,
24,random,10,Logistic Regression,class_weight,0.8453483689085783,0.3768483399642018,0.9230769230769231,0.1643835616438356,0.3193717277486911,0.35784313725490197,,,,,,
24,random,10,Logistic Regression,smote,0.819975835682642,0.3815514180944867,0.7692307692307693,0.15151515151515152,0.2931937172774869,0.3235294117647059,64.0,684.0,94.0,191.0,0.15625,0.26871657754010697
24,random,10,SVM,none,0.7555376560612163,0.2834736056814448,0.0,,0.0,0.0,,,,,,
24,random,10,SVM,class_weight,0.8219895287958116,0.23411751320037855,0.38461538461538464,0.2,0.10471204188481675,0.12254901960784313,,,,,,
24,random,10,SVM,smote,0.7990334273056785,0.25701058817370215,0.3076923076923077,0.3076923076923077,0.04712041884816754,0.06372549019607843,64.0,684.0,94.0,191.0,0.15625,0.26871657754010697
24,random,15,Logistic Regression,none,0.8115183246073299,0.3005709343600353,0.0,,0.0,0.0,,,,,,
24,random,15,Logistic Regression,class_weight,0.8139347563431334,0.33165611802643996,0.7692307692307693,0.14492753623188406,0.3089005235602094,0.3382352941176471,,,,,,
24,random,15,Logistic Regression,smote,0.8103101087394281,0.3229320837779315,0.7692307692307693,0.14492753623188406,0.3089005235602094,0.3382352941176471,69.0,674.0,158.0,292.0,0.21739130434782608,0.41318977119784656
24,random,15,SVM,none,0.7664115988723318,0.30502335796231494,0.0,,0.0,0.0,,,,,,
24,random,15,SVM,class_weight,0.8078936770036247,0.2213213565170654,0.5384615384615384,0.25925925925925924,0.10471204188481675,0.1323529411764706,,,,,,
24,random,15,SVM,smote,0.7974224728151431,0.2575550991638916,0.3076923076923077,0.23529411764705882,0.06806282722513089,0.08333333333333333,69.0,674.0,158.0,292.0,0.21739130434782608,0.41318977119784656
24,random,20,Logistic Regression,none,0.8103101087394281,0.2811854454628649,0.0,,0.0,0.0,,,,,,
24,random,20,Logistic Regression,class_weight,0.8074909383809907,0.31044523906916294,0.7692307692307693,0.14925373134328357,0.29842931937172773,0.3284313725490196,,,,,,
24,random,20,Logistic Regression,smote,0.7966169955698752,0.31186415556594804,0.7692307692307693,0.14925373134328357,0.29842931937172773,0.3284313725490196,74.0,664.0,204.0,358.0,0.2702702702702703,0.5121951219512195
24,random,20,SVM,none,0.743455497382199,0.3411865354886044,0.0,,0.0,0.0,,,,,,
24,random,20,SVM,class_weight,0.7849375755134917,0.20943232636988324,0.46153846153846156,0.2222222222222222,0.1099476439790576,0.1323529411764706,,,,,,
24,random,20,SVM,smote,0.7394281111558598,0.24099532239048915,0.3076923076923077,0.2857142857142857,0.05235602094240838,0.06862745098039216,74.0,664.0,204.0,358.0,0.2702702702702703,0.5121951219512195
24,random,30,Logistic Regression,none,0.8445428916633105,0.3467237098704736,0.0,,0.0,0.0,,,,,,
24,random,30,Logistic Regression,class_weight,0.8473620620217479,0.39383659318640535,0.8461538461538461,0.14473684210526316,0.3403141361256545,0.37254901960784315,,,,,,
24,random,30,Logistic Regression,smote,0.8542086186065244,0.39169603169888567,0.8461538461538461,0.14473684210526316,0.3403141361256545,0.37254901960784315,84.0,644.0,224.0,374.0,0.35714285714285715,0.554945054945055
24,random,30,SVM,none,0.765606121627064,0.3844029677253853,0.0,,0.0,0.0,,,,,,
24,random,30,SVM,class_weight,0.7772855416834474,0.20178461713520368,0.5384615384615384,0.22580645161290322,0.1256544502617801,0.15196078431372548,,,,,,
24,random,30,SVM,smote,0.7515102698348772,0.32368771485126513,0.3076923076923077,0.25,0.06282722513089005,0.0784313725490196,84.0,644.0,224.0,374.0,0.35714285714285715,0.554945054945055
24,outlier,0,Logistic Regression,none,0.8219895287958114,0.30730913125735804,0.0,,0.0,0.0,,,,,,
24,outlier,0,Logistic Regression,class_weight,0.8147402335884011,0.24116918714266025,0.6923076923076923,0.14516129032258066,0.2774869109947644,0.30392156862745096,,,,,,
24,outlier,0,Logistic Regression,smote,0.7889649617398309,0.22463064230781607,0.6923076923076923,0.14285714285714285,0.28272251308900526,0.3088235294117647,54.0,704.0,0.0,0.0,0.0,0.0
24,outlier,0,SVM,none,0.7813129279097866,0.3861573569673096,0.0,,0.0,0.0,,,,,,
24,outlier,0,SVM,class_weight,0.8280306081353201,0.3195053820340311,0.46153846153846156,0.3157894736842105,0.06806282722513089,0.09313725490196079,,,,,,
24,outlier,0,SVM,smote,0.8296415626258559,0.31257902995651127,0.23076923076923078,0.3333333333333333,0.031413612565445025,0.04411764705882353,54.0,704.0,0.0,0.0,0.0,0.0
24,outlier,2,Logistic Regression,none,0.8167539267015707,0.279977979397494,0.0,,0.0,0.0,,,,,,
24,outlier,2,Logistic Regression,class_weight,0.8175594039468385,0.23432363592546065,0.7692307692307693,0.14705882352941177,0.3036649214659686,0.3333333333333333,,,,,,
24,outlier,2,Logistic Regression,smote,0.819975835682642,0.2569696052645792,0.6153846153846154,0.13793103448275862,0.2617801047120419,0.28431372549019607,56.0,700.0,19.0,23.0,0.03571428571428571,0.03306878306878307
24,outlier,2,SVM,none,0.7732581554571083,0.3502640824354712,0.0,,0.0,0.0,,,,,,
24,outlier,2,SVM,class_weight,0.819573097060008,0.3192156771799328,0.46153846153846156,0.3157894736842105,0.06806282722513089,0.09313725490196079,,,,,,
24,outlier,2,SVM,smote,0.828433346757954,0.29655660916349846,0.3076923076923077,0.4444444444444444,0.02617801047120419,0.04411764705882353,56.0,700.0,19.0,23.0,0.03571428571428571,0.03306878306878307
24,outlier,5,Logistic Regression,none,0.7942005638340717,0.22398992307491877,0.0,,0.0,0.0,,,,,,
24,outlier,5,Logistic Regression,class_weight,0.7994361659283125,0.21459924777806588,0.7692307692307693,0.15151515151515152,0.2931937172774869,0.3235294117647059,,,,,,
24,outlier,5,Logistic Regression,smote,0.8026580749093838,0.204158829460766,0.6923076923076923,0.140625,0.2879581151832461,0.3137254901960784,59.0,694.0,56.0,57.0,0.0847457627118644,0.08233731739707835
24,outlier,5,SVM,none,0.7724526782118406,0.3144827978580164,0.0,,0.0,0.0,,,,,,
24,outlier,5,SVM,class_weight,0.8187676198147402,0.3110670950554034,0.46153846153846156,0.3157894736842105,0.06806282722513089,0.09313725490196079,,,,,,
24,outlier,5,SVM,smote,0.8320579943616593,0.31159934186276345,0.23076923076923078,0.3333333333333333,0.031413612565445025,0.04411764705882353,59.0,694.0,56.0,57.0,0.0847457627118644,0.08233731739707835
24,outlier,10,Logistic Regression,none,0.7869512686266613,0.2514724775182689,0.07692307692307693,0.5,0.005235602094240838,0.00980392156862745,,,,,,
24,outlier,10,Logistic Regression,class_weight,0.7942005638340717,0.20684148373470806,0.7692307692307693,0.15873015873015872,0.2774869109947644,0.3088235294117647,,,,,,
24,outlier,10,Logistic Regression,smote,0.7817156665324205,0.2320667841104356,0.6153846153846154,0.12698412698412698,0.2879581151832461,0.3088235294117647,64.0,684.0,99.0,112.0,0.15625,0.16310160427807488
24,outlier,10,SVM,none,0.7531212243254128,0.1802570976453129,0.0,,0.0,0.0,,,,,,
24,outlier,10,SVM,class_weight,0.8030608135320177,0.2770327277332382,0.46153846153846156,0.2727272727272727,0.08376963350785341,0.10784313725490197,,,,,,
24,outlier,10,SVM,smote,0.8091018928715263,0.3082288525953684,0.23076923076923078,0.2727272727272727,0.041884816753926704,0.05392156862745098,64.0,684.0,99.0,112.0,0.15625,0.16310160427807488
24,outlier,15,Logistic Regression,none,0.8054772452678213,0.26393238159376864,0.07692307692307693,0.5,0.005235602094240838,0.00980392156862745,,,,,,
24,outlier,15,Logistic Regression,class_weight,0.815545710833669,0.22361810515435213,0.7692307692307693,0.16129032258064516,0.27225130890052357,0.30392156862745096,,,,,,
24,outlier,15,Logistic Regression,smote,0.8082964156262585,0.22647130576357444,0.6923076923076923,0.15254237288135594,0.2617801047120419,0.28921568627450983,69.0,674.0,151.0,165.0,0.21739130434782608,0.24226110363391656
24,outlier,15,SVM,none,0.7273459524768425,0.1535726672037106,0.0,,0.0,0.0,,,,,,
24,outlier,15,SVM,class_weight,0.8050745066451872,0.23699950324119776,0.46153846153846156,0.2727272727272727,0.08376963350785341,0.10784313725490197,,,,,,
24,outlier,15,SVM,smote,0.8135320177204994,0.3225206970098954,0.38461538461538464,0.3125,0.05759162303664921,0.0784313725490196,69.0,674.0,151.0,165.0,0.21739130434782608,0.24226110363391656
24,outlier,20,Logistic Regression,none,0.8103101087394281,0.24659708125839402,0.07692307692307693,0.3333333333333333,0.010471204188481676,0.014705882352941176,,,,,,
24,outlier,20,Logistic Regression,class_weight,0.8292388240032218,0.21638014003516864,0.8461538461538461,0.1774193548387097,0.2670157068062827,0.30392156862745096,,,,,,
24,outlier,20,Logistic Regression,smote,0.8111155859846959,0.255040055359952,0.7692307692307693,0.1694915254237288,0.25654450261780104,0.28921568627450983,74.0,664.0,170.0,187.0,0.2702702702702703,0.2804878048780488
24,outlier,20,SVM,none,0.693515908175594,0.12575644607555075,0.0,0.0,0.010471204188481676,0.00980392156862745,,,,,,
24,outlier,20,SVM,class_weight,0.7962142569472412,0.21527208616079901,0.46153846153846156,0.25,0.09424083769633508,0.11764705882352941,,,,,,
24,outlier,20,SVM,smote,0.801852597664116,0.2969559862410998,0.38461538461538464,0.3125,0.05759162303664921,0.0784313725490196,74.0,664.0,170.0,187.0,0.2702702702702703,0.2804878048780488
24,outlier,30,Logistic Regression,none,0.797422472815143,0.16114175966503635,0.07692307692307693,0.125,0.03664921465968586,0.0392156862745098,,,,,,
24,outlier,30,Logistic Regression,class_weight,0.8252114377768828,0.19860386176227543,0.8461538461538461,0.18032786885245902,0.2617801047120419,0.29901960784313725,,,,,,
24,outlier,30,Logistic Regression,smote,0.8272251308900523,0.20490415670372805,0.8461538461538461,0.171875,0.2774869109947644,0.3137254901960784,84.0,644.0,221.0,248.0,0.35714285714285715,0.38186813186813184
24,outlier,30,SVM,none,0.6810310108739429,0.11174472373834589,0.0,0.0,0.020942408376963352,0.0196078431372549,,,,,,
24,outlier,30,SVM,class_weight,0.8191703584373741,0.19820766202622714,0.46153846153846156,0.2608695652173913,0.08900523560209424,0.11274509803921569,,,,,,
24,outlier,30,SVM,smote,0.8147402335884011,0.21940625710979714,0.38461538461538464,0.2631578947368421,0.07329842931937172,0.09313725490196079,84.0,644.0,221.0,248.0,0.35714285714285715,0.38186813186813184
25,random,0,Logistic Regression,none,0.8006443817962142,0.2178552031394841,0.07692307692307693,1.0,0.0,0.004901960784313725,,,,,,
25,random,0,Logistic Regression,class_weight,0.7599677809101893,0.1985622492769974,0.46153846153846156,0.12,0.23036649214659685,0.24509803921568626,,,,,,
25,random,0,Logistic Regression,smote,0.7865485300040274,0.21123117587399476,0.5384615384615384,0.16279069767441862,0.18848167539267016,0.2107843137254902,54.0,704.0,0.0,0.0,0.0,0.0
25,random,0,SVM,none,0.675392670157068,0.15536991731783303,0.0,,0.0,0.0,,,,,,
25,random,0,SVM,class_weight,0.7680225533628675,0.17463908917017754,0.15384615384615385,0.125,0.07329842931937172,0.0784313725490196,,,,,,
25,random,0,SVM,smote,0.7563431333064842,0.21911559616351617,0.07692307692307693,0.14285714285714285,0.031413612565445025,0.03431372549019608,54.0,704.0,0.0,0.0,0.0,0.0
25,random,2,Logistic Regression,none,0.7958115183246073,0.21602489046388196,0.0,,0.0,0.0,,,,,,
25,random,2,Logistic Regression,class_weight,0.7559403946838502,0.19430623825997329,0.5384615384615384,0.13725490196078433,0.23036649214659685,0.25,,,,,,
25,random,2,Logistic Regression,smote,0.7857430527587596,0.1713638482070052,0.5384615384615384,0.15555555555555556,0.19895287958115182,0.22058823529411764,56.0,700.0,28.0,46.0,0.03571428571428571,0.06349206349206349
25,random,2,SVM,none,0.6858638743455497,0.1415594428501432,0.0,,0.0,0.0,,,,,,
25,random,2,SVM,class_weight,0.7780910189287154,0.1827214748674178,0.15384615384615385,0.13333333333333333,0.06806282722513089,0.07352941176470588,,,,,,
25,random,2,SVM,smote,0.7744663713250101,0.17986176286740227,0.07692307692307693,0.125,0.03664921465968586,0.0392156862745098,56.0,700.0,28.0,46.0,0.03571428571428571,0.06349206349206349
25,random,5,Logistic Regression,none,0.7982279500604108,0.21608866601347967,0.0,,0.0,0.0,,,,,,
25,random,5,Logistic Regression,class_weight,0.7515102698348772,0.19135811917340306,0.46153846153846156,0.10526315789473684,0.2670157068062827,0.27941176470588236,,,,,,
25,random,5,Logistic Regression,smote,0.7825211437776883,0.1723126576508932,0.6923076923076923,0.16363636363636364,0.24083769633507854,0.2696078431372549,59.0,694.0,66.0,113.0,0.0847457627118644,0.15670650730411687
25,random,5,SVM,none,0.6999597261377366,0.15427110423680934,0.0,,0.0,0.0,,,,,,
25,random,5,SVM,class_weight,0.7837293596455901,0.1819075383663663,0.38461538461538464,0.2777777777777778,0.06806282722513089,0.08823529411764706,,,,,,
25,random,5,SVM,smote,0.7853403141361257,0.19544736089032744,0.15384615384615385,0.15384615384615385,0.05759162303664921,0.06372549019607843,59.0,694.0,66.0,113.0,0.0847457627118644,0.15670650730411687
25,random,10,Logistic Regression,none,0.7700362464760371,0.202954490623418,0.0,,0.0,0.0,,,,,,
25,random,10,Logistic Regression,class_weight,0.7257349979863069,0.18456975836954848,0.5384615384615384,0.12280701754385964,0.2617801047120419,0.27941176470588236,,,,,,
25,random,10,Logistic Regression,smote,0.778896496173983,0.17207830264935947,0.7692307692307693,0.1724137931034483,0.2513089005235602,0.28431372549019607,64.0,684.0,110.0,180.0,0.15625,0.2540106951871658
25,random,10,SVM,none,0.6528393072895691,0.12886091581321613,0.0,,0.0,0.0,,,,,,
25,random,10,SVM,class_weight,0.7466774063632702,0.16141033376727285,0.3076923076923077,0.21052631578947367,0.07853403141361257,0.09313725490196079,,,,,,
25,random,10,SVM,smote,0.7547321788159486,0.15934784025757173,0.15384615384615385,0.16666666666666666,0.05235602094240838,0.058823529411764705,64.0,684.0,110.0,180.0,0.15625,0.2540106951871658
25,random,15,Logistic Regression,none,0.7813129279097866,0.2150894365470629,0.0,,0.0,0.0,,,,,,
25,random,15,Logistic Regression,class_weight,0.7325815545710834,0.19356832324091067,0.6153846153846154,0.13559322033898305,0.2670157068062827,0.28921568627450983,,,,,,
25,random,15,Logistic Regression,smote,0.7700362464760371,0.24812915662790894,0.6923076923076923,0.14754098360655737,0.27225130890052357,0.29901960784313725,69.0,674.0,159.0,227.0,0.21739130434782608,0.32570659488559894
25,random,15,SVM,none,0.6145791381393475,0.12111093397827324,0.0,,0.0,0.0,,,,,,
25,random,15,SVM,class_weight,0.7354007249295208,0.16568159909019695,0.3076923076923077,0.2,0.08376963350785341,0.09803921568627451,,,,,,
25,random,15,SVM,smote,0.7148610551751913,0.14265502045827325,0.23076923076923078,0.17647058823529413,0.07329842931937172,0.08333333333333333,69.0,674.0,159.0,227.0,0.21739130434782608,0.32570659488559894
25,random,20,Logistic Regression,none,0.7543294401933146,0.19680260693988688,0.0,,0.0,0.0,,,,,,
25,random,20,Logistic Regression,class_weight,0.7249295207410391,0.18798402212524476,0.6153846153846154,0.13114754098360656,0.2774869109947644,0.29901960784313725,,,,,,
25,random,20,Logistic Regression,smote,0.7402335884011277,0.2026100625870861,0.6923076923076923,0.140625,0.2879581151832461,0.3137254901960784,74.0,664.0,191.0,278.0,0.2702702702702703,0.4037940379403794
25,random,20,SVM,none,0.5755134917438582,0.10555646976814745,0.0,,0.0,0.0,,,,,,
25,random,20,SVM,class_weight,0.7261377366089409,0.14871456924772225,0.3076923076923077,0.2,0.08376963350785341,0.09803921568627451,,,,,,
25,random,20,SVM,smote,0.6931131695529602,0.15299700341426758,0.23076923076923078,0.21428571428571427,0.05759162303664921,0.06862745098039216,74.0,664.0,191.0,278.0,0.2702702702702703,0.4037940379403794
25,random,30,Logistic Regression,none,0.6931131695529602,0.1833933317991073,0.0,,0.0,0.0,,,,,,
25,random,30,Logistic Regression,class_weight,0.6645187273459525,0.13304210365111105,0.38461538461538464,0.07692307692307693,0.31413612565445026,0.31862745098039214,,,,,,
25,random,30,Logistic Regression,smote,0.65807490938381,0.17668362652224875,0.46153846153846156,0.09090909090909091,0.31413612565445026,0.3235294117647059,84.0,644.0,226.0,331.0,0.35714285714285715,0.4958791208791209
25,random,30,SVM,none,0.5658477648006444,0.09717801897734038,0.0,,0.0,0.0,,,,,,
25,random,30,SVM,class_weight,0.7200966572694322,0.1374888186001355,0.3076923076923077,0.19047619047619047,0.08900523560209424,0.10294117647058823,,,,,,
25,random,30,SVM,smote,0.6874748288360853,0.128024775308285,0.15384615384615385,0.15384615384615385,0.05759162303664921,0.06372549019607843,84.0,644.0,226.0,331.0,0.35714285714285715,0.4958791208791209
25,outlier,0,Logistic Regression,none,0.8006443817962142,0.2178552031394841,0.07692307692307693,1.0,0.0,0.004901960784313725,,,,,,
25,outlier,0,Logistic Regression,class_weight,0.7599677809101893,0.1985622492769974,0.46153846153846156,0.12,0.23036649214659685,0.24509803921568626,,,,,,
25,outlier,0,Logistic Regression,smote,0.7865485300040274,0.21123117587399476,0.5384615384615384,0.16279069767441862,0.18848167539267016,0.2107843137254902,54.0,704.0,0.0,0.0,0.0,0.0
25,outlier,0,SVM,none,0.675392670157068,0.15536991731783303,0.0,,0.0,0.0,,,,,,
25,outlier,0,SVM,class_weight,0.7680225533628675,0.17463908917017754,0.15384615384615385,0.125,0.07329842931937172,0.0784313725490196,,,,,,
25,outlier,0,SVM,smote,0.7563431333064842,0.21911559616351617,0.07692307692307693,0.14285714285714285,0.031413612565445025,0.03431372549019608,54.0,704.0,0.0,0.0,0.0,0.0
25,outlier,2,Logistic Regression,none,0.8006443817962142,0.21778118330119586,0.0,,0.0,0.0,,,,,,
25,outlier,2,Logistic Regression,class_weight,0.7668143374949659,0.20312936782405602,0.5384615384615384,0.14583333333333334,0.21465968586387435,0.23529411764705882,,,,,,
25,outlier,2,Logistic Regression,smote,0.806282722513089,0.17755174317627542,0.6153846153846154,0.17391304347826086,0.19895287958115182,0.22549019607843138,56.0,700.0,25.0,27.0,0.03571428571428571,0.03835978835978836
25,outlier,2,SVM,none,0.6612968183648812,0.1237065403398746,0.0,,0.0,0.0,,,,,,
25,outlier,2,SVM,class_weight,0.7599677809101893,0.1690304021580699,0.15384615384615385,0.14285714285714285,0.06282722513089005,0.06862745098039216,,,,,,
25,outlier,2,SVM,smote,0.7579540877970198,0.17012555248058123,0.15384615384615385,0.2,0.041884816753926704,0.049019607843137254,56.0,700.0,25.0,27.0,0.03571428571428571,0.03835978835978836
25,outlier,5,Logistic Regression,none,0.7732581554571083,0.2159721175871988,0.0,,0.0,0.0,,,,,,
25,outlier,5,Logistic Regression,class_weight,0.7708417237213049,0.2064566724633836,0.6153846153846154,0.14814814814814814,0.24083769633507854,0.2647058823529412,,,,,,
25,outlier,5,Logistic Regression,smote,0.7696335078534031,0.1660784708070462,0.7692307692307693,0.19230769230769232,0.2198952879581152,0.2549019607843137,59.0,694.0,61.0,70.0,0.0847457627118644,0.099601593625498
25,outlier,5,SVM,none,0.635118807893677,0.10295982918547743,0.0,,0.0,0.0,,,,,,
25,outlier,5,SVM,class_weight,0.7382198952879582,0.152224598499837,0.15384615384615385,0.14285714285714285,0.06282722513089005,0.06862745098039216,,,,,,
25,outlier,5,SVM,smote,0.7281514297221103,0.16829131270152078,0.15384615384615385,0.2222222222222222,0.03664921465968586,0.04411764705882353,59.0,694.0,61.0,70.0,0.0847457627118644,0.099601593625498
25,outlier,10,Logistic Regression,none,0.7410390656463957,0.15363255289364924,0.0,,0.0,0.0,,,,,,
25,outlier,10,Logistic Regression,class_weight,0.7631896898912606,0.15148353778362827,0.6153846153846154,0.12698412698412698,0.2879581151832461,0.3088235294117647,,,,,,
25,outlier,10,Logistic Regression,smote,0.7873540072492953,0.18412098702218774,0.6153846153846154,0.15384615384615385,0.23036649214659685,0.2549019607843137,64.0,684.0,99.0,108.0,0.15625,0.15775401069518716
25,outlier,10,SVM,none,0.6077325815545711,0.08909442177790641,0.0,,0.0,0.0,,,,,,
25,outlier,10,SVM,class_weight,0.7221103503826017,0.13207547493116442,0.15384615384615385,0.125,0.07329842931937172,0.0784313725490196,,,,,,
25,outlier,10,SVM,smote,0.71163914619412,0.12937374361923623,0.15384615384615385,0.13333333333333333,0.06806282722513089,0.07352941176470588,64.0,684.0,99.0,108.0,0.15625,0.15775401069518716
25,outlier,15,Logistic Regression,none,0.7684252919855015,0.15571733562195372,0.0,0.0,0.010471204188481676,0.00980392156862745,,,,,,
25,outlier,15,Logistic Regression,class_weight,0.7837293596455901,0.17248253340183944,0.6153846153846154,0.125,0.2931937172774869,0.3137254901960784,,,,,,
25,outlier,15,Logistic Regression,smote,0.779299234796617,0.16894899897148277,0.6153846153846154,0.14285714285714285,0.2513089005235602,0.27450980392156865,69.0,674.0,122.0,135.0,0.21739130434782608,0.2018842530282638
25,outlier,15,SVM,none,0.5827627869512686,0.07840196825451234,0.0,,0.0,0.0,,,,,,
25,outlier,15,SVM,class_weight,0.7168747482883608,0.11962894770050464,0.15384615384615385,0.10526315789473684,0.08900523560209424,0.09313725490196079,,,,,,
25,outlier,15,SVM,smote,0.7096254530809505,0.13024127064834762,0.15384615384615385,0.10526315789473684,0.08900523560209424,0.09313725490196079,69.0,674.0,122.0,135.0,0.21739130434782608,0.2018842530282638
25,outlier,20,Logistic Regression,none,0.7559403946838502,0.14203999373161622,0.0,0.0,0.015706806282722512,0.014705882352941176,,,,,,
25,outlier,20,Logistic Regression,class_weight,0.7805074506645189,0.15769505522820612,0.6923076923076923,0.15254237288135594,0.2617801047120419,0.28921568627450983,,,,,,
25,outlier,20,Logistic Regression,smote,0.7889649617398309,0.16305322456781976,0.7692307692307693,0.16666666666666666,0.2617801047120419,0.29411764705882354,74.0,664.0,178.0,191.0,0.2702702702702703,0.2859078590785908
25,outlier,20,SVM,none,0.5690696737817156,0.07383756342542339,0.0,0.0,0.015706806282722512,0.014705882352941176,,,,,,
25,outlier,20,SVM,class_weight,0.698348771647201,0.10718484308702098,0.15384615384615385,0.08695652173913043,0.1099476439790576,0.11274509803921569,,,,,,
25,outlier,20,SVM,smote,0.6882803060813533,0.11080773825364337,0.15384615384615385,0.10526315789473684,0.08900523560209424,0.09313725490196079,74.0,664.0,178.0,191.0,0.2702702702702703,0.2859078590785908
25,outlier,30,Logistic Regression,none,0.6971405557792992,0.11109222622442835,0.0,0.0,0.05235602094240838,0.049019607843137254,,,,,,
25,outlier,30,Logistic Regression,class_weight,0.7358034635521548,0.12618640976096202,0.6153846153846154,0.11267605633802817,0.3298429319371728,0.3480392156862745,,,,,,
25,outlier,30,Logistic Regression,smote,0.7362062021747886,0.13008168498006112,0.6923076923076923,0.13636363636363635,0.29842931937172773,0.3235294117647059,84.0,644.0,230.0,246.0,0.35714285714285715,0.3791208791208791
25,outlier,30,SVM,none,0.5207410390656464,0.06525850482362286,0.0,0.0,0.041884816753926704,0.0392156862745098,,,,,,
25,outlier,30,SVM,class_weight,0.6697543294401933,0.09705881364156026,0.15384615384615385,0.07692307692307693,0.1256544502617801,0.12745098039215685,,,,,,
25,outlier,30,SVM,smote,0.671365283930729,0.10630044301503284,0.15384615384615385,0.09523809523809523,0.09947643979057591,0.10294117647058823,84.0,644.0,230.0,246.0,0.35714285714285715,0.3791208791208791
26,random,0,Logistic Regression,none,0.6902939991945227,0.1577425568191034,0.0,0.0,0.005235602094240838,0.004901960784313725,,,,,,
26,random,0,Logistic Regression,class_weight,0.6886830447039871,0.17196140850541447,0.46153846153846156,0.13333333333333333,0.20418848167539266,0.22058823529411764,,,,,,
26,random,0,Logistic Regression,smote,0.6886830447039871,0.16236393766482005,0.46153846153846156,0.13333333333333333,0.20418848167539266,0.22058823529411764,54.0,704.0,0.0,0.0,0.0,0.0
26,random,0,SVM,none,0.7019734192509062,0.19783065315981974,0.0,,0.0,0.0,,,,,,
26,random,0,SVM,class_weight,0.6906967378171567,0.19018581112507896,0.23076923076923078,0.14285714285714285,0.09424083769633508,0.10294117647058823,,,,,,
26,random,0,SVM,smote,0.7345952476842529,0.2252695895153134,0.23076923076923078,0.3333333333333333,0.031413612565445025,0.04411764705882353,54.0,704.0,0.0,0.0,0.0,0.0
26,random,2,Logistic Regression,none,0.6874748288360853,0.1543276321468857,0.07692307692307693,0.5,0.005235602094240838,0.00980392156862745,,,,,,
26,random,2,Logistic Regression,class_weight,0.6882803060813533,0.16628300148283465,0.46153846153846156,0.12,0.23036649214659685,0.24509803921568626,,,,,,
26,random,2,Logistic Regression,smote,0.6822392267418446,0.1560568225805505,0.46153846153846156,0.1276595744680851,0.21465968586387435,0.23039215686274508,56.0,700.0,19.0,32.0,0.03571428571428571,0.04497354497354497
26,random,2,SVM,none,0.70237615787354,0.2100909706167167,0.0,,0.0,0.0,,,,,,
26,random,2,SVM,class_weight,0.6971405557792992,0.19813379879203752,0.23076923076923078,0.17647058823529413,0.07329842931937172,0.08333333333333333,,,,,,
26,random,2,SVM,smote,0.7176802255336286,0.20633890523341777,0.15384615384615385,0.2,0.041884816753926704,0.049019607843137254,56.0,700.0,19.0,32.0,0.03571428571428571,0.04497354497354497
26,random,5,Logistic Regression,none,0.6745871929118002,0.15466349898494663,0.07692307692307693,0.5,0.005235602094240838,0.00980392156862745,,,,,,
26,random,5,Logistic Regression,class_weight,0.6681433749496576,0.20120746943630174,0.5384615384615384,0.1346153846153846,0.2356020942408377,0.2549019607843137,,,,,,
26,random,5,Logistic Regression,smote,0.675795408779702,0.20222558914273753,0.5384615384615384,0.14893617021276595,0.2094240837696335,0.23039215686274508,59.0,694.0,53.0,100.0,0.0847457627118644,0.1394422310756972
26,random,5,SVM,none,0.6931131695529601,0.25335290260206705,0.0,,0.0,0.0,,,,,,
26,random,5,SVM,class_weight,0.6923076923076923,0.20055689407602234,0.3076923076923077,0.2,0.08376963350785341,0.09803921568627451,,,,,,
26,random,5,SVM,smote,0.7088199758356826,0.18966019820261326,0.23076923076923078,0.3,0.03664921465968586,0.049019607843137254,59.0,694.0,53.0,100.0,0.0847457627118644,0.1394422310756972
26,random,10,Logistic Regression,none,0.7019734192509063,0.1532287479272985,0.0,0.0,0.005235602094240838,0.004901960784313725,,,,,,
26,random,10,Logistic Regression,class_weight,0.7023761578735401,0.15593807972391452,0.5384615384615384,0.14583333333333334,0.21465968586387435,0.23529411764705882,,,,,,
26,random,10,Logistic Regression,smote,0.7023761578735401,0.15864783743911026,0.5384615384615384,0.1320754716981132,0.24083769633507854,0.25980392156862747,64.0,684.0,105.0,174.0,0.15625,0.24598930481283424
26,random,10,SVM,none,0.7136528393072896,0.2572845480527624,0.0,,0.0,0.0,,,,,,
26,random,10,SVM,class_weight,0.7015706806282722,0.19344883201275415,0.46153846153846156,0.2727272727272727,0.08376963350785341,0.10784313725490197,,,,,,
26,random,10,SVM,smote,0.7132501006846557,0.21910618218150008,0.23076923076923078,0.2727272727272727,0.041884816753926704,0.05392156862745098,64.0,684.0,105.0,174.0,0.15625,0.24598930481283424
26,random,15,Logistic Regression,none,0.7088199758356826,0.14969654410078387,0.0,,0.0,0.0,,,,,,
26,random,15,Logistic Regression,class_weight,0.7035843737414419,0.15107378875301608,0.6153846153846154,0.1568627450980392,0.225130890052356,0.25,,,,,,
26,random,15,Logistic Regression,smote,0.7051953282319774,0.15800434051616555,0.6153846153846154,0.1702127659574468,0.20418848167539266,0.23039215686274508,69.0,674.0,122.0,205.0,0.21739130434782608,0.2960969044414536
26,random,15,SVM,none,0.6814337494965768,0.17654893223936044,0.0,,0.0,0.0,,,,,,
26,random,15,SVM,class_weight,0.6878775674587193,0.20388718882591494,0.38461538461538464,0.23809523809523808,0.08376963350785341,0.10294117647058823,,,,,,
26,random,15,SVM,smote,0.7088199758356827,0.2320455354429336,0.3076923076923077,0.3333333333333333,0.041884816753926704,0.058823529411764705,69.0,674.0,122.0,205.0,0.21739130434782608,0.2960969044414536
26,random,20,Logistic Regression,none,0.6959323399113975,0.15602783721850727,0.0,,0.0,0.0,,,,,,
26,random,20,Logistic Regression,class_weight,0.7043898509867096,0.16221214096909864,0.5384615384615384,0.13725490196078433,0.23036649214659685,0.25,,,,,,
26,random,20,Logistic Regression,smote,0.676198147402336,0.2046544415170195,0.5384615384615384,0.13725490196078433,0.23036649214659685,0.25,74.0,664.0,160.0,267.0,0.2702702702702703,0.3888888888888889
26,random,20,SVM,none,0.6991542488924688,0.18490135318252854,0.0,,0.0,0.0,,,,,,
26,random,20,SVM,class_weight,0.7051953282319774,0.2286796505844137,0.46153846153846156,0.2857142857142857,0.07853403141361257,0.10294117647058823,,,,,,
26,random,20,SVM,smote,0.7249295207410391,0.2599068390020584,0.46153846153846156,0.375,0.05235602094240838,0.0784313725490196,74.0,664.0,160.0,267.0,0.2702702702702703,0.3888888888888889
26,random,30,Logistic Regression,none,0.6834474426097463,0.14842500173842033,0.0,0.0,0.005235602094240838,0.004901960784313725,,,,,,
26,random,30,Logistic Regression,class_weight,0.6830447039871124,0.1382010089935635,0.6153846153846154,0.13333333333333333,0.27225130890052357,0.29411764705882354,,,,,,
26,random,30,Logistic Regression,smote,0.6778091018928716,0.20138220095682796,0.6153846153846154,0.12698412698412698,0.2879581151832461,0.3088235294117647,84.0,644.0,215.0,330.0,0.35714285714285715,0.4945054945054945
26,random,30,SVM,none,0.7309706000805477,0.1849435954283104,0.0,,0.0,0.0,,,,,,
26,random,30,SVM,class_weight,0.7213048731373339,0.2141680973755935,0.38461538461538464,0.17857142857142858,0.12041884816753927,0.13725490196078433,,,,,,
26,random,30,SVM,smote,0.7140555779299235,0.21479293116298798,0.38461538461538464,0.2631578947368421,0.07329842931937172,0.09313725490196079,84.0,644.0,215.0,330.0,0.35714285714285715,0.4945054945054945
26,outlier,0,Logistic Regression,none,0.6902939991945227,0.1577425568191034,0.0,0.0,0.005235602094240838,0.004901960784313725,,,,,,
26,outlier,0,Logistic Regression,class_weight,0.6886830447039871,0.17196140850541447,0.46153846153846156,0.13333333333333333,0.20418848167539266,0.22058823529411764,,,,,,
26,outlier,0,Logistic Regression,smote,0.6886830447039871,0.16236393766482005,0.46153846153846156,0.13333333333333333,0.20418848167539266,0.22058823529411764,54.0,704.0,0.0,0.0,0.0,0.0
26,outlier,0,SVM,none,0.7019734192509062,0.19783065315981974,0.0,,0.0,0.0,,,,,,
26,outlier,0,SVM,class_weight,0.6906967378171567,0.19018581112507896,0.23076923076923078,0.14285714285714285,0.09424083769633508,0.10294117647058823,,,,,,
26,outlier,0,SVM,smote,0.7345952476842529,0.2252695895153134,0.23076923076923078,0.3333333333333333,0.031413612565445025,0.04411764705882353,54.0,704.0,0.0,0.0,0.0,0.0
26,outlier,2,Logistic Regression,none,0.6927104309303262,0.1610529636728979,0.0,0.0,0.005235602094240838,0.004901960784313725,,,,,,
26,outlier,2,Logistic Regression,class_weight,0.6975432944019332,0.17767446754947028,0.46153846153846156,0.11764705882352941,0.2356020942408377,0.25,,,,,,
26,outlier,2,Logistic Regression,smote,0.6774063632702376,0.15838032923900264,0.38461538461538464,0.10416666666666667,0.225130890052356,0.23529411764705882,56.0,700.0,26.0,26.0,0.03571428571428571,0.037037037037037035
26,outlier,2,SVM,none,0.693918646798228,0.15412774616194333,0.0,,0.0,0.0,,,,,,
26,outlier,2,SVM,class_weight,0.6886830447039872,0.18560583780932977,0.23076923076923078,0.13636363636363635,0.09947643979057591,0.10784313725490197,,,,,,
26,outlier,2,SVM,smote,0.7152637937978252,0.19471027040364697,0.15384615384615385,0.16666666666666666,0.05235602094240838,0.058823529411764705,56.0,700.0,26.0,26.0,0.03571428571428571,0.037037037037037035
26,outlier,5,Logistic Regression,none,0.6790173177607732,0.13801196445176037,0.0,,0.0,0.0,,,,,,
26,outlier,5,Logistic Regression,class_weight,0.6782118405155054,0.14646252592543813,0.46153846153846156,0.125,0.2198952879581152,0.23529411764705882,,,,,,
26,outlier,5,Logistic Regression,smote,0.6770036246476038,0.1595524547000867,0.46153846153846156,0.11320754716981132,0.24607329842931938,0.25980392156862747,59.0,694.0,60.0,60.0,0.0847457627118644,0.08632138114209828
26,outlier,5,SVM,none,0.6927104309303262,0.13330553204627826,0.0,,0.0,0.0,,,,,,
26,outlier,5,SVM,class_weight,0.6923076923076923,0.18770198455479817,0.23076923076923078,0.13043478260869565,0.10471204188481675,0.11274509803921569,,,,,,
26,outlier,5,SVM,smote,0.7015706806282722,0.19442496573401483,0.3076923076923077,0.25,0.06282722513089005,0.0784313725490196,59.0,694.0,60.0,60.0,0.0847457627118644,0.08632138114209828
26,outlier,10,Logistic Regression,none,0.6770036246476038,0.12276634522018769,0.0,,0.0,0.0,,,,,,
26,outlier,10,Logistic Regression,class_weight,0.6818364881192106,0.13957289234879203,0.46153846153846156,0.12,0.23036649214659685,0.24509803921568626,,,,,,
26,outlier,10,Logistic Regression,smote,0.6741844542891663,0.15264669323734686,0.38461538461538464,0.10869565217391304,0.21465968586387435,0.22549019607843138,64.0,684.0,100.0,101.0,0.15625,0.1483957219251337
26,outlier,10,SVM,none,0.6838501812323802,0.12182475387966686,0.0,,0.0,0.0,,,,,,
26,outlier,10,SVM,class_weight,0.693515908175594,0.19016588887282126,0.23076923076923078,0.125,0.1099476439790576,0.11764705882352941,,,,,,
26,outlier,10,SVM,smote,0.7172774869109948,0.19864725949791648,0.3076923076923077,0.23529411764705882,0.06806282722513089,0.08333333333333333,64.0,684.0,100.0,101.0,0.15625,0.1483957219251337
26,outlier,15,Logistic Regression,none,0.6782118405155055,0.12822993083393888,0.0,0.0,0.005235602094240838,0.004901960784313725,,,,,,
26,outlier,15,Logistic Regression,class_weight,0.6874748288360853,0.14439263602877822,0.46153846153846156,0.125,0.2198952879581152,0.23529411764705882,,,,,,
26,outlier,15,Logistic Regression,smote,0.6898912605718889,0.1960819812670169,0.38461538461538464,0.11627906976744186,0.19895287958115182,0.2107843137254902,69.0,674.0,141.0,145.0,0.21739130434782608,0.21534320323014805
26,outlier,15,SVM,none,0.6870720902134515,0.1274328775093222,0.0,,0.0,0.0,,,,,,
26,outlier,15,SVM,class_weight,0.6979460330245671,0.22131922526895187,0.3076923076923077,0.14814814814814814,0.12041884816753927,0.1323529411764706,,,,,,
26,outlier,15,SVM,smote,0.7200966572694322,0.2530608736906107,0.3076923076923077,0.23529411764705882,0.06806282722513089,0.08333333333333333,69.0,674.0,141.0,145.0,0.21739130434782608,0.21534320323014805
26,outlier,20,Logistic Regression,none,0.6786145791381394,0.12684575891750968,0.0,0.0,0.005235602094240838,0.004901960784313725,,,,,,
26,outlier,20,Logistic Regression,class_weight,0.6906967378171567,0.1412361875145346,0.5384615384615384,0.14285714285714285,0.2198952879581152,0.24019607843137256,,,,,,
26,outlier,20,Logistic Regression,smote,0.6818364881192106,0.1520991311543115,0.46153846153846156,0.125,0.2198952879581152,0.23529411764705882,74.0,664.0,166.0,172.0,0.2702702702702703,0.2601626016260163
26,outlier,20,SVM,none,0.6753926701570682,0.11729933997333342,0.0,0.0,0.005235602094240838,0.004901960784313725,,,,,,
26,outlier,20,SVM,class_weight,0.693918646798228,0.1980079079049221,0.3076923076923077,0.12903225806451613,0.14136125654450263,0.15196078431372548,,,,,,
26,outlier,20,SVM,smote,0.7096254530809505,0.19633617735686473,0.3076923076923077,0.21052631578947367,0.07853403141361257,0.09313725490196079,74.0,664.0,166.0,172.0,0.2702702702702703,0.2601626016260163
26,outlier,30,Logistic Regression,none,0.6532420459122029,0.10987511954819416,0.0,0.0,0.02617801047120419,0.024509803921568627,,,,,,
26,outlier,30,Logistic Regression,class_weight,0.6774063632702376,0.12255406300144064,0.5384615384615384,0.12727272727272726,0.2513089005235602,0.2696078431372549,,,,,,
26,outlier,30,Logistic Regression,smote,0.6536447845348369,0.13042158124597808,0.3076923076923077,0.08333333333333333,0.23036649214659685,0.23529411764705882,84.0,644.0,233.0,241.0,0.35714285714285715,0.37225274725274726
26,outlier,30,SVM,none,0.635521546516311,0.09820334854328978,0.0,0.0,0.015706806282722512,0.014705882352941176,,,,,,
26,outlier,30,SVM,class_weight,0.6653242045912203,0.14089328437030013,0.38461538461538464,0.14285714285714285,0.15706806282722513,0.1715686274509804,,,,,,
26,outlier,30,SVM,smote,0.6959323399113975,0.17199842626938644,0.38461538461538464,0.21739130434782608,0.09424083769633508,0.11274509803921569,84.0,644.0,233.0,241.0,0.35714285714285715,0.37225274725274726
27,random,0,Logistic Regression,none,0.7470801449859041,0.12125382577031393,0.0,,0.0,0.0,,,,,,
27,random,0,Logistic Regression,class_weight,0.7515102698348772,0.1268918839582246,0.6923076923076923,0.13636363636363635,0.29842931937172773,0.3235294117647059,,,,,,
27,random,0,Logistic Regression,smote,0.7511075312122433,0.1383033156010077,0.5384615384615384,0.125,0.25654450261780104,0.27450980392156865,54.0,704.0,0.0,0.0,0.0,0.0
27,random,0,SVM,none,0.7458719291180025,0.14067499047870155,0.0,,0.0,0.0,,,,,,
27,random,0,SVM,class_weight,0.7676198147402336,0.15840508438547654,0.3076923076923077,0.21052631578947367,0.07853403141361257,0.09313725490196079,,,,,,
27,random,0,SVM,smote,0.7410390656463955,0.13293471080187028,0.07692307692307693,0.09090909090909091,0.05235602094240838,0.05392156862745098,54.0,704.0,0.0,0.0,0.0,0.0
27,random,2,Logistic Regression,none,0.7442609746274668,0.12521923668070487,0.0,,0.0,0.0,,,,,,
27,random,2,Logistic Regression,class_weight,0.739025372533226,0.12288675276698265,0.8461538461538461,0.15942028985507245,0.3036649214659686,0.3382352941176471,,,,,,
27,random,2,Logistic Regression,smote,0.7265404752315747,0.15225851258031461,0.38461538461538464,0.09090909090909091,0.2617801047120419,0.2696078431372549,56.0,700.0,20.0,29.0,0.03571428571428571,0.041005291005291
27,random,2,SVM,none,0.7623842126459928,0.1389963845894603,0.0,,0.0,0.0,,,,,,
27,random,2,SVM,class_weight,0.7817156665324205,0.15847617933541266,0.23076923076923078,0.2,0.06282722513089005,0.07352941176470588,,,,,,
27,random,2,SVM,smote,0.7442609746274668,0.12957689435500097,0.07692307692307693,0.09090909090909091,0.05235602094240838,0.05392156862745098,56.0,700.0,20.0,29.0,0.03571428571428571,0.041005291005291
27,random,5,Logistic Regression,none,0.7410390656463954,0.12407670920272514,0.0,,0.0,0.0,,,,,,
27,random,5,Logistic Regression,class_weight,0.7410390656463954,0.12418289929012981,0.8461538461538461,0.16176470588235295,0.29842931937172773,0.3333333333333333,,,,,,
27,random,5,Logistic Regression,smote,0.734192509061619,0.18291016096756807,0.46153846153846156,0.10909090909090909,0.25654450261780104,0.2696078431372549,59.0,694.0,57.0,80.0,0.0847457627118644,0.11288180610889774
27,random,5,SVM,none,0.7720499395892066,0.15331285442177583,0.0,,0.0,0.0,,,,,,
27,random,5,SVM,class_weight,0.7962142569472412,0.16800232990668412,0.23076923076923078,0.23076923076923078,0.05235602094240838,0.06372549019607843,,,,,,
27,random,5,SVM,smote,0.7531212243254127,0.13210665988155068,0.0,0.0,0.05235602094240838,0.049019607843137254,59.0,694.0,57.0,80.0,0.0847457627118644,0.11288180610889774
27,random,10,Logistic Regression,none,0.7398308497784938,0.13552544105236566,0.0,,0.0,0.0,,,,,,
27,random,10,Logistic Regression,class_weight,0.743455497382199,0.13617275282903218,0.8461538461538461,0.15942028985507245,0.3036649214659686,0.3382352941176471,,,,,,
27,random,10,Logistic Regression,smote,0.7152637937978252,0.14441084642434887,0.38461538461538464,0.09259259259259259,0.25654450261780104,0.2647058823529412,64.0,684.0,97.0,144.0,0.15625,0.20588235294117646
27,random,10,SVM,none,0.7547321788159485,0.15457644534958812,0.0,,0.0,0.0,,,,,,
27,random,10,SVM,class_weight,0.7547321788159485,0.14571472077670447,0.15384615384615385,0.13333333333333333,0.06806282722513089,0.07352941176470588,,,,,,
27,random,10,SVM,smote,0.7196939186467982,0.12188460254176131,0.0,0.0,0.04712041884816754,0.04411764705882353,64.0,684.0,97.0,144.0,0.15625,0.20588235294117646
27,random,15,Logistic Regression,none,0.7527184857027789,0.14971042037624016,0.0,,0.0,0.0,,,,,,
27,random,15,Logistic Regression,class_weight,0.7547321788159485,0.1891635081326758,0.7692307692307693,0.136986301369863,0.3298429319371728,0.35784313725490197,,,,,,
27,random,15,Logistic Regression,smote,0.7398308497784938,0.1897502385869384,0.38461538461538464,0.08771929824561403,0.27225130890052357,0.27941176470588236,69.0,674.0,144.0,218.0,0.21739130434782608,0.3135935397039031
27,random,15,SVM,none,0.7462746677406363,0.15241982083031877,0.0,,0.0,0.0,,,,,,
27,random,15,SVM,class_weight,0.7398308497784938,0.13623317511249672,0.23076923076923078,0.11538461538461539,0.12041884816753927,0.12745098039215685,,,,,,
27,random,15,SVM,smote,0.7108336689488521,0.12029214791759801,0.0,0.0,0.06282722513089005,0.058823529411764705,69.0,674.0,144.0,218.0,0.21739130434782608,0.3135935397039031
27,random,20,Logistic Regression,none,0.761578735400725,0.1918854731673334,0.0,,0.0,0.0,,,,,,
27,random,20,Logistic Regression,class_weight,0.7684252919855015,0.15737413820483914,0.8461538461538461,0.14864864864864866,0.3298429319371728,0.3627450980392157,,,,,,
27,random,20,Logistic Regression,smote,0.7366089407974225,0.19127138723751114,0.5384615384615384,0.109375,0.29842931937172773,0.3137254901960784,74.0,664.0,171.0,269.0,0.2702702702702703,0.3915989159891599
27,random,20,SVM,none,0.7184857027788965,0.15229425192854787,0.0,,0.0,0.0,,,,,,
27,random,20,SVM,class_weight,0.7257349979863069,0.13274364021654905,0.15384615384615385,0.0625,0.15706806282722513,0.1568627450980392,,,,,,
27,random,20,SVM,smote,0.6721707611759968,0.09996238724814917,0.0,0.0,0.07853403141361257,0.07352941176470588,74.0,664.0,171.0,269.0,0.2702702702702703,0.3915989159891599
27,random,30,Logistic Regression,none,0.7007652033830044,0.12284985984344263,0.0,,0.0,0.0,,,,,,
27,random,30,Logistic Regression,class_weight,0.702778896496174,0.13950201823978023,0.6153846153846154,0.10526315789473684,0.35602094240837695,0.37254901960784315,,,,,,
27,random,30,Logistic Regression,smote,0.6745871929118002,0.13767113612585352,0.46153846153846156,0.09230769230769231,0.3089005235602094,0.31862745098039214,84.0,644.0,234.0,351.0,0.35714285714285715,0.5233516483516484
27,random,30,SVM,none,0.7217076117599678,0.1882794540048494,0.0,,0.0,0.0,,,,,,
27,random,30,SVM,class_weight,0.7285541683447443,0.1261273060630058,0.23076923076923078,0.08108108108108109,0.17801047120418848,0.18137254901960784,,,,,,
27,random,30,SVM,smote,0.6629077728554169,0.09629342408930242,0.0,0.0,0.07329842931937172,0.06862745098039216,84.0,644.0,234.0,351.0,0.35714285714285715,0.5233516483516484
27,outlier,0,Logistic Regression,none,0.7470801449859041,0.12125382577031393,0.0,,0.0,0.0,,,,,,
27,outlier,0,Logistic Regression,class_weight,0.7515102698348772,0.1268918839582246,0.6923076923076923,0.13636363636363635,0.29842931937172773,0.3235294117647059,,,,,,
27,outlier,0,Logistic Regression,smote,0.7511075312122433,0.1383033156010077,0.5384615384615384,0.125,0.25654450261780104,0.27450980392156865,54.0,704.0,0.0,0.0,0.0,0.0
27,outlier,0,SVM,none,0.7458719291180025,0.14067499047870155,0.0,,0.0,0.0,,,,,,
27,outlier,0,SVM,class_weight,0.7676198147402336,0.15840508438547654,0.3076923076923077,0.21052631578947367,0.07853403141361257,0.09313725490196079,,,,,,
27,outlier,0,SVM,smote,0.7410390656463955,0.13293471080187028,0.07692307692307693,0.09090909090909091,0.05235602094240838,0.05392156862745098,54.0,704.0,0.0,0.0,0.0,0.0
27,outlier,2,Logistic Regression,none,0.7321788159484495,0.11738704269845208,0.0,,0.0,0.0,,,,,,
27,outlier,2,Logistic Regression,class_weight,0.7494965767217077,0.1289007438710765,0.6923076923076923,0.1267605633802817,0.32460732984293195,0.3480392156862745,,,,,,
27,outlier,2,Logistic Regression,smote,0.7454691904953685,0.14948490928019495,0.38461538461538464,0.09433962264150944,0.2513089005235602,0.25980392156862747,56.0,700.0,22.0,22.0,0.03571428571428571,0.031746031746031744
27,outlier,2,SVM,none,0.7454691904953685,0.13968951440562094,0.0,,0.0,0.0,,,,,,
27,outlier,2,SVM,class_weight,0.7712444623439387,0.15861306336554312,0.3076923076923077,0.2222222222222222,0.07329842931937172,0.08823529411764706,,,,,,
27,outlier,2,SVM,smote,0.7321788159484495,0.13349695569912642,0.07692307692307693,0.07692307692307693,0.06282722513089005,0.06372549019607843,56.0,700.0,22.0,22.0,0.03571428571428571,0.031746031746031744
27,outlier,5,Logistic Regression,none,0.7462746677406364,0.12481814775206683,0.0,,0.0,0.0,,,,,,
27,outlier,5,Logistic Regression,class_weight,0.7692307692307693,0.14012409603552836,0.7692307692307693,0.14084507042253522,0.3193717277486911,0.3480392156862745,,,,,,
27,outlier,5,Logistic Regression,smote,0.7498993153443415,0.14748359843812767,0.6923076923076923,0.14285714285714285,0.28272251308900526,0.3088235294117647,59.0,694.0,71.0,72.0,0.0847457627118644,0.10225763612217796
27,outlier,5,SVM,none,0.7281514297221103,0.1311912148898677,0.0,,0.0,0.0,,,,,,
27,outlier,5,SVM,class_weight,0.7716472009665727,0.1656679462883685,0.23076923076923078,0.17647058823529413,0.07329842931937172,0.08333333333333333,,,,,,
27,outlier,5,SVM,smote,0.734595247684253,0.13376147046228648,0.07692307692307693,0.07142857142857142,0.06806282722513089,0.06862745098039216,59.0,694.0,71.0,72.0,0.0847457627118644,0.10225763612217796
27,outlier,10,Logistic Regression,none,0.7148610551751913,0.12073848897879677,0.0,,0.0,0.0,,,,,,
27,outlier,10,Logistic Regression,class_weight,0.752315747080145,0.13155494392785755,0.7692307692307693,0.14925373134328357,0.29842931937172773,0.3284313725490196,,,,,,
27,outlier,10,Logistic Regression,smote,0.756745871929118,0.15112197159485086,0.6923076923076923,0.15517241379310345,0.25654450261780104,0.28431372549019607,64.0,684.0,109.0,116.0,0.15625,0.16844919786096257
27,outlier,10,SVM,none,0.7176802255336286,0.11850472406940317,0.0,,0.0,0.0,,,,,,
27,outlier,10,SVM,class_weight,0.7772855416834475,0.1728906919634001,0.23076923076923078,0.17647058823529413,0.07329842931937172,0.08333333333333333,,,,,,
27,outlier,10,SVM,smote,0.7422472815142973,0.13347315456585063,0.07692307692307693,0.0625,0.07853403141361257,0.0784313725490196,64.0,684.0,109.0,116.0,0.15625,0.16844919786096257
27,outlier,15,Logistic Regression,none,0.6931131695529602,0.11170981922016936,0.0,,0.0,0.0,,,,,,
27,outlier,15,Logistic Regression,class_weight,0.7333870318163512,0.1223447086390168,0.6923076923076923,0.13846153846153847,0.2931937172774869,0.31862745098039214,,,,,,
27,outlier,15,Logistic Regression,smote,0.7329842931937173,0.13804881979018788,0.7692307692307693,0.15873015873015872,0.2774869109947644,0.3088235294117647,69.0,674.0,146.0,158.0,0.21739130434782608,0.23283983849259757
27,outlier,15,SVM,none,0.6987515102698348,0.11112837068982676,0.0,0.0,0.010471204188481676,0.00980392156862745,,,,,,
27,outlier,15,SVM,class_weight,0.7780910189287152,0.16078293659585619,0.23076923076923078,0.15789473684210525,0.08376963350785341,0.09313725490196079,,,,,,
27,outlier,15,SVM,smote,0.734595247684253,0.13895676833741566,0.07692307692307693,0.0625,0.07853403141361257,0.0784313725490196,69.0,674.0,146.0,158.0,0.21739130434782608,0.23283983849259757
27,outlier,20,Logistic Regression,none,0.6782118405155054,0.10869886958151584,0.0,,0.0,0.0,,,,,,
27,outlier,20,Logistic Regression,class_weight,0.7293596455900121,0.12394704965106498,0.6153846153846154,0.13559322033898305,0.2670157068062827,0.28921568627450983,,,,,,
27,outlier,20,Logistic Regression,smote,0.7180829641562626,0.18452085245141434,0.6153846153846154,0.13559322033898305,0.2670157068062827,0.28921568627450983,74.0,664.0,165.0,183.0,0.2702702702702703,0.2750677506775068
27,outlier,20,SVM,none,0.6657269432138542,0.09937476399977033,0.0,0.0,0.010471204188481676,0.00980392156862745,,,,,,
27,outlier,20,SVM,class_weight,0.7716472009665727,0.15304270823455102,0.23076923076923078,0.15789473684210525,0.08376963350785341,0.09313725490196079,,,,,,
27,outlier,20,SVM,smote,0.7402335884011277,0.1363629790247735,0.07692307692307693,0.058823529411764705,0.08376963350785341,0.08333333333333333,74.0,664.0,165.0,183.0,0.2702702702702703,0.2750677506775068
27,outlier,30,Logistic Regression,none,0.6729762384212645,0.10706163874657937,0.0,0.0,0.03664921465968586,0.03431372549019608,,,,,,
27,outlier,30,Logistic Regression,class_weight,0.7152637937978252,0.12054388921226657,0.6923076923076923,0.13432835820895522,0.3036649214659686,0.3284313725490196,,,,,,
27,outlier,30,Logistic Regression,smote,0.6842529198550141,0.11865475512129425,0.5384615384615384,0.12280701754385964,0.2617801047120419,0.27941176470588236,84.0,644.0,247.0,261.0,0.35714285714285715,0.39972527472527475
27,outlier,30,SVM,none,0.6693515908175593,0.09887112267563723,0.0,0.0,0.015706806282722512,0.014705882352941176,,,,,,
27,outlier,30,SVM,class_weight,0.7756745871929118,0.14387787987057366,0.23076923076923078,0.1111111111111111,0.1256544502617801,0.1323529411764706,,,,,,
27,outlier,30,SVM,smote,0.7402335884011277,0.1271001836172266,0.07692307692307693,0.05263157894736842,0.09424083769633508,0.09313725490196079,84.0,644.0,247.0,261.0,0.35714285714285715,0.39972527472527475
28,random,0,Logistic Regression,none,0.7925896093435361,0.27141350023385025,0.0,0.0,0.005235602094240838,0.004901960784313725,,,,,,
28,random,0,Logistic Regression,class_weight,0.8002416431735804,0.25611525220414344,0.6923076923076923,0.18,0.21465968586387435,0.24509803921568626,,,,,,
28,random,0,Logistic Regression,smote,0.801852597664116,0.25114933589745686,0.7692307692307693,0.18867924528301888,0.225130890052356,0.25980392156862747,54.0,704.0,0.0,0.0,0.0,0.0
28,random,0,SVM,none,0.7897704389850987,0.49046973192343374,0.0,,0.0,0.0,,,,,,
28,random,0,SVM,class_weight,0.8779701973419252,0.4178666346089214,0.46153846153846156,0.3333333333333333,0.06282722513089005,0.08823529411764706,,,,,,
28,random,0,SVM,smote,0.8658880386629078,0.41735293093259396,0.38461538461538464,0.38461538461538464,0.041884816753926704,0.06372549019607843,54.0,704.0,0.0,0.0,0.0,0.0
28,random,2,Logistic Regression,none,0.7913813934756343,0.2769979299231025,0.0,0.0,0.005235602094240838,0.004901960784313725,,,,,,
28,random,2,Logistic Regression,class_weight,0.8026580749093838,0.23805158597755155,0.6923076923076923,0.15,0.2670157068062827,0.29411764705882354,,,,,,
28,random,2,Logistic Regression,smote,0.7937978252114378,0.2587526073068157,0.6923076923076923,0.15789473684210525,0.2513089005235602,0.27941176470588236,56.0,700.0,31.0,34.0,0.03571428571428571,0.047619047619047616
28,random,2,SVM,none,0.7962142569472412,0.4927290922764914,0.0,,0.0,0.0,,,,,,
28,random,2,SVM,class_weight,0.8779701973419252,0.4335404476271349,0.46153846153846156,0.35294117647058826,0.05759162303664921,0.08333333333333333,,,,,,
28,random,2,SVM,smote,0.860652436568667,0.45998281906162103,0.38461538461538464,0.38461538461538464,0.041884816753926704,0.06372549019607843,56.0,700.0,31.0,34.0,0.03571428571428571,0.047619047619047616
28,random,5,Logistic Regression,none,0.7954087797019733,0.2748088453513073,0.0,,0.0,0.0,,,,,,
28,random,5,Logistic Regression,class_weight,0.8082964156262586,0.2353605366104141,0.6923076923076923,0.14516129032258066,0.2774869109947644,0.30392156862745096,,,,,,
28,random,5,Logistic Regression,smote,0.8026580749093838,0.24066294809674682,0.7692307692307693,0.16666666666666666,0.2617801047120419,0.29411764705882354,59.0,694.0,67.0,118.0,0.0847457627118644,0.16334661354581673
28,random,5,SVM,none,0.797825211437777,0.4839266660989996,0.0,,0.0,0.0,,,,,,
28,random,5,SVM,class_weight,0.8884414015304068,0.43026169627444477,0.38461538461538464,0.3125,0.05759162303664921,0.0784313725490196,,,,,,
28,random,5,SVM,smote,0.8755537656061216,0.47440314879339274,0.38461538461538464,0.38461538461538464,0.041884816753926704,0.06372549019607843,59.0,694.0,67.0,118.0,0.0847457627118644,0.16334661354581673
28,random,10,Logistic Regression,none,0.7700362464760371,0.282752254280085,0.0,,0.0,0.0,,,,,,
28,random,10,Logistic Regression,class_weight,0.7752718485702779,0.26393197561432974,0.6923076923076923,0.14516129032258066,0.2774869109947644,0.30392156862745096,,,,,,
28,random,10,Logistic Regression,smote,0.7801047120418848,0.2773012542117981,0.6153846153846154,0.13114754098360656,0.2774869109947644,0.29901960784313725,64.0,684.0,86.0,151.0,0.15625,0.21524064171122995
28,random,10,SVM,none,0.7954087797019733,0.46803955711925804,0.0,,0.0,0.0,,,,,,
28,random,10,SVM,class_weight,0.8767619814740234,0.4159320622177021,0.38461538461538464,0.2631578947368421,0.07329842931937172,0.09313725490196079,,,,,,
28,random,10,SVM,smote,0.8691099476439791,0.433386217216361,0.38461538461538464,0.29411764705882354,0.06282722513089005,0.08333333333333333,64.0,684.0,86.0,151.0,0.15625,0.21524064171122995
28,random,15,Logistic Regression,none,0.7603705195328232,0.24617696012936735,0.0,,0.0,0.0,,,,,,
28,random,15,Logistic Regression,class_weight,0.7700362464760371,0.2057514905773885,0.7692307692307693,0.136986301369863,0.3298429319371728,0.35784313725490197,,,,,,
28,random,15,Logistic Regression,smote,0.7579540877970197,0.19835980169820752,0.6153846153846154,0.13333333333333333,0.27225130890052357,0.29411764705882354,69.0,674.0,133.0,207.0,0.21739130434782608,0.29878869448183043
28,random,15,SVM,none,0.7978252114377768,0.48946676047076815,0.0,,0.0,0.0,,,,,,
28,random,15,SVM,class_weight,0.8719291180024165,0.3989960950314736,0.46153846153846156,0.23076923076923078,0.10471204188481675,0.12745098039215685,,,,,,
28,random,15,SVM,smote,0.8497784937575514,0.4373997875435463,0.38461538461538464,0.3125,0.05759162303664921,0.0784313725490196,69.0,674.0,133.0,207.0,0.21739130434782608,0.29878869448183043
28,random,20,Logistic Regression,none,0.7398308497784938,0.23255894046160133,0.0,,0.0,0.0,,,,,,
28,random,20,Logistic Regression,class_weight,0.7366089407974225,0.18036820448730892,0.7692307692307693,0.1388888888888889,0.32460732984293195,0.35294117647058826,,,,,,
28,random,20,Logistic Regression,smote,0.7277486910994765,0.2270927475161755,0.6923076923076923,0.12162162162162163,0.3403141361256545,0.3627450980392157,74.0,664.0,198.0,284.0,0.2702702702702703,0.41192411924119243
28,random,20,SVM,none,0.7937978252114378,0.49265644366827555,0.0,,0.0,0.0,,,,,,
28,random,20,SVM,class_weight,0.860652436568667,0.3369072036074565,0.46153846153846156,0.21428571428571427,0.11518324607329843,0.13725490196078433,,,,,,
28,random,20,SVM,smote,0.8352799033427306,0.3528916211977719,0.38461538461538464,0.23809523809523808,0.08376963350785341,0.10294117647058823,74.0,664.0,198.0,284.0,0.2702702702702703,0.41192411924119243
28,random,30,Logistic Regression,none,0.7265404752315747,0.19491504576006327,0.0,,0.0,0.0,,,,,,
28,random,30,Logistic Regression,class_weight,0.7100281917035843,0.16025417607892767,0.7692307692307693,0.125,0.36649214659685864,0.39215686274509803,,,,,,
28,random,30,Logistic Regression,smote,0.6902939991945227,0.1713939605697877,0.6153846153846154,0.1,0.3769633507853403,0.39215686274509803,84.0,644.0,239.0,331.0,0.35714285714285715,0.4958791208791209
28,random,30,SVM,none,0.7696335078534031,0.4401375447891726,0.0,,0.0,0.0,,,,,,
28,random,30,SVM,class_weight,0.8409182440596052,0.30435727379326427,0.46153846153846156,0.2,0.1256544502617801,0.14705882352941177,,,,,,
28,random,30,SVM,smote,0.8143374949657671,0.34343249270100606,0.38461538461538464,0.20833333333333334,0.09947643979057591,0.11764705882352941,84.0,644.0,239.0,331.0,0.35714285714285715,0.4958791208791209
28,outlier,0,Logistic Regression,none,0.7925896093435361,0.27141350023385025,0.0,0.0,0.005235602094240838,0.004901960784313725,,,,,,
28,outlier,0,Logistic Regression,class_weight,0.8002416431735804,0.25611525220414344,0.6923076923076923,0.18,0.21465968586387435,0.24509803921568626,,,,,,
28,outlier,0,Logistic Regression,smote,0.801852597664116,0.25114933589745686,0.7692307692307693,0.18867924528301888,0.225130890052356,0.25980392156862747,54.0,704.0,0.0,0.0,0.0,0.0
28,outlier,0,SVM,none,0.7897704389850987,0.49046973192343374,0.0,,0.0,0.0,,,,,,
28,outlier,0,SVM,class_weight,0.8779701973419252,0.4178666346089214,0.46153846153846156,0.3333333333333333,0.06282722513089005,0.08823529411764706,,,,,,
28,outlier,0,SVM,smote,0.8658880386629078,0.41735293093259396,0.38461538461538464,0.38461538461538464,0.041884816753926704,0.06372549019607843,54.0,704.0,0.0,0.0,0.0,0.0
28,outlier,2,Logistic Regression,none,0.7801047120418848,0.2549183231662966,0.0,0.0,0.005235602094240838,0.004901960784313725,,,,,,
28,outlier,2,Logistic Regression,class_weight,0.7954087797019735,0.25924993512101524,0.6923076923076923,0.15789473684210525,0.2513089005235602,0.27941176470588236,,,,,,
28,outlier,2,Logistic Regression,smote,0.7913813934756343,0.25581105828741574,0.6923076923076923,0.17307692307692307,0.225130890052356,0.2549019607843137,56.0,700.0,37.0,37.0,0.03571428571428571,0.051587301587301584
28,outlier,2,SVM,none,0.7756745871929117,0.4156272303846612,0.0,,0.0,0.0,,,,,,
28,outlier,2,SVM,class_weight,0.8719291180024163,0.4132595165626817,0.46153846153846156,0.35294117647058826,0.05759162303664921,0.08333333333333333,,,,,,
28,outlier,2,SVM,smote,0.8654853000402739,0.41611244950963794,0.38461538461538464,0.35714285714285715,0.04712041884816754,0.06862745098039216,56.0,700.0,37.0,37.0,0.03571428571428571,0.051587301587301584
28,outlier,5,Logistic Regression,none,0.7652033830044302,0.20163638627434388,0.0,,0.0,0.0,,,,,,
28,outlier,5,Logistic Regression,class_weight,0.793395086588804,0.221519994443538,0.6923076923076923,0.15,0.2670157068062827,0.29411764705882354,,,,,,
28,outlier,5,Logistic Regression,smote,0.7861457913813935,0.20298409284522276,0.6923076923076923,0.15,0.2670157068062827,0.29411764705882354,59.0,694.0,64.0,67.0,0.0847457627118644,0.09561752988047809
28,outlier,5,SVM,none,0.7740636327023762,0.41433027409141854,0.0,,0.0,0.0,,,,,,
28,outlier,5,SVM,class_weight,0.869109947643979,0.40125616124689756,0.46153846153846156,0.35294117647058826,0.05759162303664921,0.08333333333333333,,,,,,
28,outlier,5,SVM,smote,0.8618606524365686,0.3824928797489773,0.38461538461538464,0.38461538461538464,0.041884816753926704,0.06372549019607843,59.0,694.0,64.0,67.0,0.0847457627118644,0.09561752988047809
28,outlier,10,Logistic Regression,none,0.7370116794200565,0.18510175966839243,0.0,0.0,0.005235602094240838,0.004901960784313725,,,,,,
28,outlier,10,Logistic Regression,class_weight,0.7760773258155457,0.20423904993914177,0.6923076923076923,0.15517241379310345,0.25654450261780104,0.28431372549019607,,,,,,
28,outlier,10,Logistic Regression,smote,0.7631896898912606,0.20194727638383356,0.6923076923076923,0.14754098360655737,0.27225130890052357,0.29901960784313725,64.0,684.0,122.0,131.0,0.15625,0.18850267379679145
28,outlier,10,SVM,none,0.7503020539669754,0.29830214214692374,0.0,,0.0,0.0,,,,,,
28,outlier,10,SVM,class_weight,0.8546113572291582,0.3850432839626567,0.46153846153846156,0.3157894736842105,0.06806282722513089,0.09313725490196079,,,,,,
28,outlier,10,SVM,smote,0.86508256141764,0.4171321385129659,0.38461538461538464,0.3125,0.05759162303664921,0.0784313725490196,64.0,684.0,122.0,131.0,0.15625,0.18850267379679145
28,outlier,15,Logistic Regression,none,0.7225130890052356,0.159531236667398,0.0,0.0,0.015706806282722512,0.014705882352941176,,,,,,
28,outlier,15,Logistic Regression,class_weight,0.7611759967780911,0.18612425525626164,0.6153846153846154,0.13793103448275862,0.2617801047120419,0.28431372549019607,,,,,,
28,outlier,15,Logistic Regression,smote,0.7547321788159485,0.18818060408404338,0.5384615384615384,0.1206896551724138,0.2670157068062827,0.28431372549019607,69.0,674.0,162.0,172.0,0.21739130434782608,0.25168236877523553
28,outlier,15,SVM,none,0.7374144180426903,0.26193965842126116,0.0,,0.0,0.0,,,,,,
28,outlier,15,SVM,class_weight,0.84655658477648,0.38655552539297267,0.46153846153846156,0.3157894736842105,0.06806282722513089,0.09313725490196079,,,,,,
28,outlier,15,SVM,smote,0.8590414820781314,0.36871849149198255,0.38461538461538464,0.3125,0.05759162303664921,0.0784313725490196,69.0,674.0,162.0,172.0,0.21739130434782608,0.25168236877523553
28,outlier,20,Logistic Regression,none,0.7221103503826016,0.16006693955551618,0.0,0.0,0.015706806282722512,0.014705882352941176,,,,,,
28,outlier,20,Logistic Regression,class_weight,0.7591623036649215,0.18503691672850905,0.6153846153846154,0.14285714285714285,0.2513089005235602,0.27450980392156865,,,,,,
28,outlier,20,Logistic Regression,smote,0.743052758759565,0.18116519158770036,0.5384615384615384,0.125,0.25654450261780104,0.27450980392156865,74.0,664.0,194.0,213.0,0.2702702702702703,0.3157181571815718
28,outlier,20,SVM,none,0.725734997986307,0.2236602354433414,0.0,0.0,0.010471204188481676,0.00980392156862745,,,,,,
28,outlier,20,SVM,class_weight,0.8380990737011679,0.3266168087032436,0.46153846153846156,0.2727272727272727,0.08376963350785341,0.10784313725490197,,,,,,
28,outlier,20,SVM,smote,0.8542086186065243,0.3654902932403323,0.38461538461538464,0.2777777777777778,0.06806282722513089,0.08823529411764706,74.0,664.0,194.0,213.0,0.2702702702702703,0.3157181571815718
28,outlier,30,Logistic Regression,none,0.7035843737414418,0.13418484555476662,0.0,0.0,0.03664921465968586,0.03431372549019608,,,,,,
28,outlier,30,Logistic Regression,class_weight,0.7470801449859041,0.15680720095138415,0.6153846153846154,0.14545454545454545,0.24607329842931938,0.2696078431372549,,,,,,
28,outlier,30,Logistic Regression,smote,0.7498993153443415,0.16881311634516186,0.5384615384615384,0.12962962962962962,0.24607329842931938,0.2647058823529412,84.0,644.0,226.0,250.0,0.35714285714285715,0.38461538461538464
28,outlier,30,SVM,none,0.6737817156665324,0.14027496137628664,0.0,0.0,0.010471204188481676,0.00980392156862745,,,,,,
28,outlier,30,SVM,class_weight,0.815142972211035,0.2813984372841427,0.46153846153846156,0.24,0.09947643979057591,0.12254901960784313,,,,,,
28,outlier,30,SVM,smote,0.8268223922674185,0.27085072898669293,0.38461538461538464,0.2631578947368421,0.07329842931937172,0.09313725490196079,84.0,644.0,226.0,250.0,0.35714285714285715,0.38461538461538464
29,random,0,Logistic Regression,none,0.720499395892066,0.213287196231418,0.0,,0.0,0.0,,,,,,
29,random,0,Logistic Regression,class_weight,0.7333870318163511,0.21202566358467867,0.6923076923076923,0.15,0.2670157068062827,0.29411764705882354,,,,,,
29,random,0,Logistic Regression,smote,0.7474828836085381,0.21570256554020828,0.5384615384615384,0.125,0.25654450261780104,0.27450980392156865,54.0,704.0,0.0,0.0,0.0,0.0
29,random,0,SVM,none,0.7913813934756343,0.391039699321433,0.0,,0.0,0.0,,,,,,
29,random,0,SVM,class_weight,0.8195730970600081,0.3009067745551891,0.23076923076923078,0.17647058823529413,0.07329842931937172,0.08333333333333333,,,,,,
29,random,0,SVM,smote,0.8296415626258559,0.3268757384397646,0.3076923076923077,0.36363636363636365,0.03664921465968586,0.05392156862745098,54.0,704.0,0.0,0.0,0.0,0.0
29,random,2,Logistic Regression,none,0.7200966572694322,0.17256348416284975,0.0,,0.0,0.0,,,,,,
29,random,2,Logistic Regression,class_weight,0.7321788159484495,0.20886964543110983,0.6923076923076923,0.14516129032258066,0.2774869109947644,0.30392156862745096,,,,,,
29,random,2,Logistic Regression,smote,0.7378171566653242,0.16906381264933895,0.6153846153846154,0.13793103448275862,0.2617801047120419,0.28431372549019607,56.0,700.0,22.0,65.0,0.03571428571428571,0.08862433862433862
29,random,2,SVM,none,0.7821184051550544,0.35508844102899495,0.0,,0.0,0.0,,,,,,
29,random,2,SVM,class_weight,0.8115183246073299,0.28183934490301427,0.23076923076923078,0.15789473684210525,0.08376963350785341,0.09313725490196079,,,,,,
29,random,2,SVM,smote,0.8199758356826421,0.2858071843875521,0.3076923076923077,0.36363636363636365,0.03664921465968586,0.05392156862745098,56.0,700.0,22.0,65.0,0.03571428571428571,0.08862433862433862
29,random,5,Logistic Regression,none,0.7297623842126459,0.21180145427176003,0.0,,0.0,0.0,,,,,,
29,random,5,Logistic Regression,class_weight,0.7438582360048328,0.21025181443074703,0.6923076923076923,0.140625,0.2879581151832461,0.3137254901960784,,,,,,
29,random,5,Logistic Regression,smote,0.7603705195328233,0.22138732256342017,0.6923076923076923,0.14285714285714285,0.28272251308900526,0.3088235294117647,59.0,694.0,54.0,106.0,0.0847457627118644,0.14741035856573706
29,random,5,SVM,none,0.8050745066451873,0.37500868032542245,0.0,,0.0,0.0,,,,,,
29,random,5,SVM,class_weight,0.8356826419653646,0.2909727970326234,0.3076923076923077,0.23529411764705882,0.06806282722513089,0.08333333333333333,,,,,,
29,random,5,SVM,smote,0.8304470398711237,0.29063934204383823,0.3076923076923077,0.36363636363636365,0.03664921465968586,0.05392156862745098,59.0,694.0,54.0,106.0,0.0847457627118644,0.14741035856573706
29,random,10,Logistic Regression,none,0.7555376560612163,0.1796801078890062,0.0,,0.0,0.0,,,,,,
29,random,10,Logistic Regression,class_weight,0.7901731776077325,0.23863808596891758,0.6923076923076923,0.14285714285714285,0.28272251308900526,0.3088235294117647,,,,,,
29,random,10,Logistic Regression,smote,0.7635924285138944,0.22582261539622742,0.6153846153846154,0.12698412698412698,0.2879581151832461,0.3088235294117647,64.0,684.0,101.0,179.0,0.15625,0.25267379679144386
29,random,10,SVM,none,0.8429319371727749,0.328351220160521,0.0,,0.0,0.0,,,,,,
29,random,10,SVM,class_weight,0.8674989931534435,0.30872422048782866,0.46153846153846156,0.3333333333333333,0.06282722513089005,0.08823529411764706,,,,,,
29,random,10,SVM,smote,0.8421264599275071,0.2979837209177529,0.23076923076923078,0.2727272727272727,0.041884816753926704,0.05392156862745098,64.0,684.0,101.0,179.0,0.15625,0.25267379679144386
29,random,15,Logistic Regression,none,0.7547321788159485,0.18357471974796716,0.0,,0.0,0.0,,,,,,
29,random,15,Logistic Regression,class_weight,0.7772855416834474,0.20481206918256897,0.6153846153846154,0.12121212121212122,0.3036649214659686,0.3235294117647059,,,,,,
29,random,15,Logistic Regression,smote,0.7660088602496979,0.23552903540888723,0.6153846153846154,0.12307692307692308,0.29842931937172773,0.31862745098039214,69.0,674.0,152.0,256.0,0.21739130434782608,0.36473755047106327
29,random,15,SVM,none,0.837696335078534,0.3127857723424869,0.0,,0.0,0.0,,,,,,
29,random,15,SVM,class_weight,0.8542086186065244,0.3247147646410676,0.38461538461538464,0.25,0.07853403141361257,0.09803921568627451,,,,,,
29,random,15,SVM,smote,0.8260169150221507,0.27638696845174576,0.23076923076923078,0.25,0.04712041884816754,0.058823529411764705,69.0,674.0,152.0,256.0,0.21739130434782608,0.36473755047106327
29,random,20,Logistic Regression,none,0.7426500201369312,0.17118654528589528,0.0,0.0,0.005235602094240838,0.004901960784313725,,,,,,
29,random,20,Logistic Regression,class_weight,0.7563431333064841,0.17579484197545595,0.6153846153846154,0.1038961038961039,0.3612565445026178,0.37745098039215685,,,,,,
29,random,20,Logistic Regression,smote,0.7358034635521546,0.1585890426101856,0.5384615384615384,0.09859154929577464,0.33507853403141363,0.3480392156862745,74.0,664.0,198.0,312.0,0.2702702702702703,0.44986449864498645
29,random,20,SVM,none,0.8340716874748288,0.3177210262540646,0.0,,0.0,0.0,,,,,,
29,random,20,SVM,class_weight,0.8566250503423278,0.35302560287160006,0.46153846153846156,0.2608695652173913,0.08900523560209424,0.11274509803921569,,,,,,
29,random,20,SVM,smote,0.8115183246073299,0.32610095449282883,0.3076923076923077,0.3076923076923077,0.04712041884816754,0.06372549019607843,74.0,664.0,198.0,312.0,0.2702702702702703,0.44986449864498645
29,random,30,Logistic Regression,none,0.7301651228352799,0.16578654924372144,0.0,0.0,0.010471204188481676,0.00980392156862745,,,,,,
29,random,30,Logistic Regression,class_weight,0.7289569069673782,0.16387502061869788,0.6923076923076923,0.1267605633802817,0.32460732984293195,0.3480392156862745,,,,,,
29,random,30,Logistic Regression,smote,0.7281514297221103,0.14621966550694251,0.5384615384615384,0.10606060606060606,0.3089005235602094,0.3235294117647059,84.0,644.0,217.0,354.0,0.35714285714285715,0.5274725274725275
29,random,30,SVM,none,0.8014498590414821,0.26464497455172226,0.0,,0.0,0.0,,,,,,
29,random,30,SVM,class_weight,0.8453483689085783,0.3106988510804404,0.46153846153846156,0.23076923076923078,0.10471204188481675,0.12745098039215685,,,,,,
29,random,30,SVM,smote,0.8082964156262586,0.2741513056835638,0.3076923076923077,0.25,0.06282722513089005,0.0784313725490196,84.0,644.0,217.0,354.0,0.35714285714285715,0.5274725274725275
29,outlier,0,Logistic Regression,none,0.720499395892066,0.213287196231418,0.0,,0.0,0.0,,,,,,
29,outlier,0,Logistic Regression,class_weight,0.7333870318163511,0.21202566358467867,0.6923076923076923,0.15,0.2670157068062827,0.29411764705882354,,,,,,
29,outlier,0,Logistic Regression,smote,0.7474828836085381,0.21570256554020828,0.5384615384615384,0.125,0.25654450261780104,0.27450980392156865,54.0,704.0,0.0,0.0,0.0,0.0
29,outlier,0,SVM,none,0.7913813934756343,0.391039699321433,0.0,,0.0,0.0,,,,,,
29,outlier,0,SVM,class_weight,0.8195730970600081,0.3009067745551891,0.23076923076923078,0.17647058823529413,0.07329842931937172,0.08333333333333333,,,,,,
29,outlier,0,SVM,smote,0.8296415626258559,0.3268757384397646,0.3076923076923077,0.36363636363636365,0.03664921465968586,0.05392156862745098,54.0,704.0,0.0,0.0,0.0,0.0
29,outlier,2,Logistic Regression,none,0.7337897704389851,0.20950323255574257,0.0,,0.0,0.0,,,,,,
29,outlier,2,Logistic Regression,class_weight,0.757148610551752,0.21431854124327362,0.6923076923076923,0.15,0.2670157068062827,0.29411764705882354,,,,,,
29,outlier,2,Logistic Regression,smote,0.7490938380990737,0.20232914258672233,0.5384615384615384,0.14,0.225130890052356,0.24509803921568626,56.0,700.0,18.0,23.0,0.03571428571428571,0.03306878306878307
29,outlier,2,SVM,none,0.8082964156262586,0.37902199419273624,0.0,,0.0,0.0,,,,,,
29,outlier,2,SVM,class_weight,0.8252114377768829,0.3009636714817019,0.23076923076923078,0.17647058823529413,0.07329842931937172,0.08333333333333333,,,,,,
29,outlier,2,SVM,smote,0.8280306081353201,0.298414013706805,0.23076923076923078,0.3,0.03664921465968586,0.049019607843137254,56.0,700.0,18.0,23.0,0.03571428571428571,0.03306878306878307
29,outlier,5,Logistic Regression,none,0.7209021345147,0.19585489766211664,0.0,,0.0,0.0,,,,,,
29,outlier,5,Logistic Regression,class_weight,0.7539267015706805,0.20451419234793564,0.6153846153846154,0.13559322033898305,0.2670157068062827,0.28921568627450983,,,,,,
29,outlier,5,Logistic Regression,smote,0.7631896898912607,0.20679433328046193,0.6153846153846154,0.13333333333333333,0.27225130890052357,0.29411764705882354,59.0,694.0,53.0,64.0,0.0847457627118644,0.09163346613545817
29,outlier,5,SVM,none,0.8252114377768828,0.36749303176281994,0.0,,0.0,0.0,,,,,,
29,outlier,5,SVM,class_weight,0.8360853805879984,0.2837727769294667,0.3076923076923077,0.21052631578947367,0.07853403141361257,0.09313725490196079,,,,,,
29,outlier,5,SVM,smote,0.8441401530406767,0.27554159545542617,0.23076923076923078,0.3333333333333333,0.031413612565445025,0.04411764705882353,59.0,694.0,53.0,64.0,0.0847457627118644,0.09163346613545817
29,outlier,10,Logistic Regression,none,0.7442609746274668,0.15761036267049228,0.0,0.0,0.005235602094240838,0.004901960784313725,,,,,,
29,outlier,10,Logistic Regression,class_weight,0.7676198147402337,0.17080748774529833,0.6153846153846154,0.12121212121212122,0.3036649214659686,0.3235294117647059,,,,,,
29,outlier,10,Logistic Regression,smote,0.7901731776077326,0.2164066335956668,0.7692307692307693,0.15873015873015872,0.2774869109947644,0.3088235294117647,64.0,684.0,98.0,117.0,0.15625,0.1697860962566845
29,outlier,10,SVM,none,0.7688280306081353,0.17121186018320633,0.0,,0.0,0.0,,,,,,
29,outlier,10,SVM,class_weight,0.8070881997583569,0.24511485348856274,0.3076923076923077,0.17391304347826086,0.09947643979057591,0.11274509803921569,,,,,,
29,outlier,10,SVM,smote,0.8143374949657672,0.25675955009071116,0.23076923076923078,0.25,0.04712041884816754,0.058823529411764705,64.0,684.0,98.0,117.0,0.15625,0.1697860962566845
29,outlier,15,Logistic Regression,none,0.7438582360048329,0.1950615896016027,0.07692307692307693,0.5,0.005235602094240838,0.00980392156862745,,,,,,
29,outlier,15,Logistic Regression,class_weight,0.7668143374949657,0.2097851190877869,0.6923076923076923,0.14516129032258066,0.2774869109947644,0.30392156862745096,,,,,,
29,outlier,15,Logistic Regression,smote,0.7805074506645187,0.2119494902786376,0.6153846153846154,0.13793103448275862,0.2617801047120419,0.28431372549019607,69.0,674.0,133.0,148.0,0.21739130434782608,0.2193808882907133
29,outlier,15,SVM,none,0.7378171566653243,0.1369001702928464,0.0,,0.0,0.0,,,,,,
29,outlier,15,SVM,class_weight,0.8042690293999195,0.2280822193095552,0.38461538461538464,0.19230769230769232,0.1099476439790576,0.12745098039215685,,,,,,
29,outlier,15,SVM,smote,0.8078936770036247,0.2623664021288115,0.23076923076923078,0.21428571428571427,0.05759162303664921,0.06862745098039216,69.0,674.0,133.0,148.0,0.21739130434782608,0.2193808882907133
29,outlier,20,Logistic Regression,none,0.7241240434957712,0.1870554697741415,0.07692307692307693,0.3333333333333333,0.010471204188481676,0.014705882352941176,,,,,,
29,outlier,20,Logistic Regression,class_weight,0.742650020136931,0.19547187794630536,0.6923076923076923,0.1323529411764706,0.3089005235602094,0.3333333333333333,,,,,,
29,outlier,20,Logistic Regression,smote,0.7652033830044301,0.2065683570283208,0.6923076923076923,0.14516129032258066,0.2774869109947644,0.30392156862745096,74.0,664.0,165.0,178.0,0.2702702702702703,0.2682926829268293
29,outlier,20,SVM,none,0.6858638743455497,0.11033910346111402,0.0,0.0,0.010471204188481676,0.00980392156862745,,,,,,
29,outlier,20,SVM,class_weight,0.7817156665324205,0.16094993953976017,0.3076923076923077,0.14814814814814814,0.12041884816753927,0.1323529411764706,,,,,,
29,outlier,20,SVM,smote,0.8054772452678212,0.20319559779573756,0.23076923076923078,0.17647058823529413,0.07329842931937172,0.08333333333333333,74.0,664.0,165.0,178.0,0.2702702702702703,0.2682926829268293
29,outlier,30,Logistic Regression,none,0.7152637937978252,0.11863663462800302,0.0,0.0,0.02617801047120419,0.024509803921568627,,,,,,
29,outlier,30,Logistic Regression,class_weight,0.7438582360048329,0.13705913008257836,0.7692307692307693,0.15873015873015872,0.2774869109947644,0.3088235294117647,,,,,,
29,outlier,30,Logistic Regression,smote,0.7438582360048329,0.14354636026656117,0.6153846153846154,0.13114754098360656,0.2774869109947644,0.29901960784313725,84.0,644.0,217.0,247.0,0.35714285714285715,0.3804945054945055
29,outlier,30,SVM,none,0.6717680225533629,0.10467300921797631,0.0,0.0,0.031413612565445025,0.029411764705882353,,,,,,
29,outlier,30,SVM,class_weight,0.7728554168344745,0.14346257180991193,0.23076923076923078,0.10344827586206896,0.13612565445026178,0.14215686274509803,,,,,,
29,outlier,30,SVM,smote,0.7833266210229561,0.17332999541111666,0.3076923076923077,0.19047619047619047,0.08900523560209424,0.10294117647058823,84.0,644.0,217.0,247.0,0.35714285714285715,0.3804945054945055
